timestamp,temp
2016-03-18 03:40:00,NA
2016-03-18 03:50:00,13.666
2016-03-18 04:00:00,13.642
2016-03-18 04:10:00,13.594
2016-03-18 04:20:00,13.57
2016-03-18 04:30:00,13.57
2016-03-18 04:40:00,13.522
2016-03-18 04:50:00,13.497
2016-03-18 05:00:00,13.497
2016-03-18 05:10:00,13.497
2016-03-18 05:20:00,13.473
2016-03-18 05:30:00,13.497
2016-03-18 05:40:00,13.473
2016-03-18 05:50:00,13.473
2016-03-18 06:00:00,13.449
2016-03-18 06:10:00,13.497
2016-03-18 06:20:00,13.497
2016-03-18 06:30:00,13.522
2016-03-18 06:40:00,13.497
2016-03-18 06:50:00,13.473
2016-03-18 07:00:00,13.425
2016-03-18 07:10:00,13.377
2016-03-18 07:20:00,13.353
2016-03-18 07:30:00,13.329
2016-03-18 07:40:00,13.281
2016-03-18 07:50:00,13.281
2016-03-18 08:00:00,13.233
2016-03-18 08:10:00,13.209
2016-03-18 08:20:00,13.185
2016-03-18 08:30:00,13.137
2016-03-18 08:40:00,13.161
2016-03-18 08:50:00,13.137
2016-03-18 09:00:00,13.137
2016-03-18 09:10:00,13.137
2016-03-18 09:20:00,13.185
2016-03-18 09:30:00,13.161
2016-03-18 09:40:00,13.257
2016-03-18 09:50:00,13.305
2016-03-18 10:00:00,13.425
2016-03-18 10:10:00,13.401
2016-03-18 10:20:00,13.449
2016-03-18 10:30:00,13.473
2016-03-18 10:40:00,13.473
2016-03-18 10:50:00,13.473
2016-03-18 11:00:00,13.473
2016-03-18 11:10:00,13.473
2016-03-18 11:20:00,13.473
2016-03-18 11:30:00,13.449
2016-03-18 11:40:00,13.449
2016-03-18 11:50:00,13.449
2016-03-18 12:00:00,13.425
2016-03-18 12:10:00,13.401
2016-03-18 12:20:00,13.377
2016-03-18 12:30:00,13.353
2016-03-18 12:40:00,13.353
2016-03-18 12:50:00,13.329
2016-03-18 13:00:00,13.329
2016-03-18 13:10:00,13.305
2016-03-18 13:20:00,13.305
2016-03-18 13:30:00,13.281
2016-03-18 13:40:00,13.257
2016-03-18 13:50:00,13.257
2016-03-18 14:00:00,13.257
2016-03-18 14:10:00,13.257
2016-03-18 14:20:00,13.257
2016-03-18 14:30:00,13.233
2016-03-18 14:40:00,13.257
2016-03-18 14:50:00,13.257
2016-03-18 15:00:00,13.257
2016-03-18 15:10:00,13.257
2016-03-18 15:20:00,13.281
2016-03-18 15:30:00,13.281
2016-03-18 15:40:00,13.281
2016-03-18 15:50:00,13.305
2016-03-18 16:00:00,13.305
2016-03-18 16:10:00,13.305
2016-03-18 16:20:00,13.305
2016-03-18 16:30:00,13.329
2016-03-18 16:40:00,13.353
2016-03-18 16:50:00,13.353
2016-03-18 17:00:00,13.377
2016-03-18 17:10:00,13.377
2016-03-18 17:20:00,13.401
2016-03-18 17:30:00,13.449
2016-03-18 17:40:00,13.642
2016-03-18 17:50:00,13.834
2016-03-18 18:00:00,14.098
2016-03-18 18:10:00,14.29
2016-03-18 18:20:00,14.912
2016-03-18 18:30:00,15.652
2016-03-18 18:40:00,15.748
2016-03-18 18:50:00,15.796
2016-03-18 19:00:00,16.225
2016-03-18 19:10:00,16.534
2016-03-18 19:20:00,16.82
2016-03-18 19:30:00,17.13
2016-03-18 19:40:00,17.51
2016-03-18 19:50:00,17.938
2016-03-18 20:00:00,18.176
2016-03-18 20:10:00,18.461
2016-03-18 20:20:00,18.723
2016-03-18 20:30:00,18.961
2016-03-18 20:40:00,19.246
2016-03-18 20:50:00,19.603
2016-03-18 21:00:00,19.865
2016-03-18 21:10:00,19.603
2016-03-18 21:20:00,19.294
2016-03-18 21:30:00,19.294
2016-03-18 21:40:00,19.484
2016-03-18 21:50:00,19.413
2016-03-18 22:00:00,19.27
2016-03-18 22:10:00,19.08
2016-03-18 22:20:00,19.032
2016-03-18 22:30:00,19.008
2016-03-18 22:40:00,18.842
2016-03-18 22:50:00,18.438
2016-03-18 23:00:00,18.176
2016-03-18 23:10:00,18.105
2016-03-18 23:20:00,18.176
2016-03-18 23:30:00,17.629
2016-03-18 23:40:00,17.201
2016-03-18 23:50:00,17.106
2016-03-19 00:00:00,16.892
2016-03-19 00:10:00,16.63
2016-03-19 00:20:00,16.225
2016-03-19 00:30:00,15.581
2016-03-19 00:40:00,14.984
2016-03-19 00:50:00,14.577
2016-03-19 01:00:00,14.098
2016-03-19 01:10:00,14.026
2016-03-19 01:20:00,13.906
2016-03-19 01:30:00,13.786
2016-03-19 01:40:00,13.69
2016-03-19 01:50:00,13.642
2016-03-19 02:00:00,13.618
2016-03-19 02:10:00,13.594
2016-03-19 02:20:00,13.57
2016-03-19 02:30:00,13.546
2016-03-19 02:40:00,13.546
2016-03-19 02:50:00,13.546
2016-03-19 03:00:00,13.546
2016-03-19 03:10:00,13.546
2016-03-19 03:20:00,13.546
2016-03-19 03:30:00,13.546
2016-03-19 03:40:00,13.546
2016-03-19 03:50:00,13.546
2016-03-19 04:00:00,13.546
2016-03-19 04:10:00,13.546
2016-03-19 04:20:00,13.546
2016-03-19 04:30:00,13.546
2016-03-19 04:40:00,13.546
2016-03-19 04:50:00,13.546
2016-03-19 05:00:00,13.522
2016-03-19 05:10:00,13.522
2016-03-19 05:20:00,13.522
2016-03-19 05:30:00,13.522
2016-03-19 05:40:00,13.497
2016-03-19 05:50:00,13.522
2016-03-19 06:00:00,13.497
2016-03-19 06:10:00,13.497
2016-03-19 06:20:00,13.497
2016-03-19 06:30:00,13.497
2016-03-19 06:40:00,13.473
2016-03-19 06:50:00,13.425
2016-03-19 07:00:00,13.401
2016-03-19 07:10:00,13.233
2016-03-19 07:20:00,13.161
2016-03-19 07:30:00,13.161
2016-03-19 07:40:00,13.088
2016-03-19 07:50:00,13.04
2016-03-19 08:00:00,12.968
2016-03-19 08:10:00,12.944
2016-03-19 08:20:00,12.896
2016-03-19 08:30:00,12.896
2016-03-19 08:40:00,12.871
2016-03-19 08:50:00,12.871
2016-03-19 09:00:00,12.847
2016-03-19 09:10:00,12.871
2016-03-19 09:20:00,12.847
2016-03-19 09:30:00,12.847
2016-03-19 09:40:00,12.823
2016-03-19 09:50:00,12.823
2016-03-19 10:00:00,12.799
2016-03-19 10:10:00,12.775
2016-03-19 10:20:00,12.775
2016-03-19 10:30:00,12.823
2016-03-19 10:40:00,12.799
2016-03-19 10:50:00,12.823
2016-03-19 11:00:00,12.823
2016-03-19 11:10:00,12.871
2016-03-19 11:20:00,12.944
2016-03-19 11:30:00,12.871
2016-03-19 11:40:00,13.112
2016-03-19 11:50:00,13.209
2016-03-19 12:00:00,13.233
2016-03-19 12:10:00,13.233
2016-03-19 12:20:00,13.233
2016-03-19 12:30:00,13.233
2016-03-19 12:40:00,13.257
2016-03-19 12:50:00,13.257
2016-03-19 13:00:00,13.233
2016-03-19 13:10:00,13.233
2016-03-19 13:20:00,13.233
2016-03-19 13:30:00,13.233
2016-03-19 13:40:00,13.233
2016-03-19 13:50:00,13.233
2016-03-19 14:00:00,13.233
2016-03-19 14:10:00,13.233
2016-03-19 14:20:00,13.233
2016-03-19 14:30:00,13.209
2016-03-19 14:40:00,13.209
2016-03-19 14:50:00,13.209
2016-03-19 15:00:00,13.233
2016-03-19 15:10:00,13.233
2016-03-19 15:20:00,13.233
2016-03-19 15:30:00,13.233
2016-03-19 15:40:00,13.233
2016-03-19 15:50:00,13.257
2016-03-19 16:00:00,13.257
2016-03-19 16:10:00,13.257
2016-03-19 16:20:00,13.281
2016-03-19 16:30:00,13.281
2016-03-19 16:40:00,13.305
2016-03-19 16:50:00,13.305
2016-03-19 17:00:00,13.329
2016-03-19 17:10:00,13.353
2016-03-19 17:20:00,13.329
2016-03-19 17:30:00,13.329
2016-03-19 17:40:00,13.353
2016-03-19 17:50:00,13.377
2016-03-19 18:00:00,13.401
2016-03-19 18:10:00,13.449
2016-03-19 18:20:00,13.473
2016-03-19 18:30:00,13.69
2016-03-19 18:40:00,13.93
2016-03-19 18:50:00,14.601
2016-03-19 19:00:00,15.175
2016-03-19 19:10:00,15.819
2016-03-19 19:20:00,16.32
2016-03-19 19:30:00,17.51
2016-03-19 19:40:00,18.461
2016-03-19 19:50:00,19.651
2016-03-19 20:00:00,21.175
2016-03-19 20:10:00,21.795
2016-03-19 20:20:00,23.064
2016-03-19 20:30:00,23.737
2016-03-19 20:40:00,23.833
2016-03-19 20:50:00,23.232
2016-03-19 21:00:00,22.92
2016-03-19 21:10:00,23.064
2016-03-19 21:20:00,23.016
2016-03-19 21:30:00,22.369
2016-03-19 21:40:00,21.867
2016-03-19 21:50:00,21.843
2016-03-19 22:00:00,22.92
2016-03-19 22:10:00,23.954
2016-03-19 22:20:00,24.436
2016-03-19 22:30:00,23.93
2016-03-19 22:40:00,23.593
2016-03-19 22:50:00,23.04
2016-03-19 23:00:00,22.298
2016-03-19 23:10:00,21.7
2016-03-19 23:20:00,21.151
2016-03-19 23:30:00,20.627
2016-03-19 23:40:00,21.223
2016-03-19 23:50:00,22.369
2016-03-20 00:00:00,22.369
2016-03-20 00:10:00,21.079
2016-03-20 00:20:00,19.008
2016-03-20 00:30:00,17.986
2016-03-20 00:40:00,16.511
2016-03-20 00:50:00,16.368
2016-03-20 01:00:00,15.127
2016-03-20 01:10:00,14.84
2016-03-20 01:20:00,14.457
2016-03-20 01:30:00,14.002
2016-03-20 01:40:00,13.858
2016-03-20 01:50:00,13.81
2016-03-20 02:00:00,13.738
2016-03-20 02:10:00,13.69
2016-03-20 02:20:00,13.666
2016-03-20 02:30:00,13.642
2016-03-20 02:40:00,13.618
2016-03-20 02:50:00,13.594
2016-03-20 03:00:00,13.594
2016-03-20 03:10:00,13.57
2016-03-20 03:20:00,13.546
2016-03-20 03:30:00,13.546
2016-03-20 03:40:00,13.546
2016-03-20 03:50:00,13.546
2016-03-20 04:00:00,13.546
2016-03-20 04:10:00,13.522
2016-03-20 04:20:00,13.497
2016-03-20 04:30:00,13.473
2016-03-20 04:40:00,13.473
2016-03-20 04:50:00,13.473
2016-03-20 05:00:00,13.473
2016-03-20 05:10:00,13.473
2016-03-20 05:20:00,13.449
2016-03-20 05:30:00,13.449
2016-03-20 05:40:00,13.449
2016-03-20 05:50:00,13.425
2016-03-20 06:00:00,13.425
2016-03-20 06:10:00,13.425
2016-03-20 06:20:00,13.401
2016-03-20 06:30:00,13.425
2016-03-20 06:40:00,13.401
2016-03-20 06:50:00,13.425
2016-03-20 07:00:00,13.401
2016-03-20 07:10:00,13.401
2016-03-20 07:20:00,13.401
2016-03-20 07:30:00,13.377
2016-03-20 07:40:00,13.377
2016-03-20 07:50:00,13.377
2016-03-20 08:00:00,13.353
2016-03-20 08:10:00,13.329
2016-03-20 08:20:00,13.137
2016-03-20 08:30:00,13.112
2016-03-20 08:40:00,12.944
2016-03-20 08:50:00,12.534
2016-03-20 09:00:00,12.413
2016-03-20 09:10:00,12.025
2016-03-20 09:20:00,11.467
2016-03-20 09:30:00,11.2
2016-03-20 09:40:00,11.443
2016-03-20 09:50:00,11.029
2016-03-20 10:00:00,10.761
2016-03-20 10:10:00,10.614
2016-03-20 10:20:00,11.053
2016-03-20 10:30:00,11.394
2016-03-20 10:40:00,11.175
2016-03-20 10:50:00,10.785
2016-03-20 11:00:00,10.614
2016-03-20 11:10:00,11.127
2016-03-20 11:20:00,11.662
2016-03-20 11:30:00,11.053
2016-03-20 11:40:00,11.953
2016-03-20 11:50:00,12.316
2016-03-20 12:00:00,12.63
2016-03-20 12:10:00,12.751
2016-03-20 12:20:00,12.992
2016-03-20 12:30:00,13.064
2016-03-20 12:40:00,13.112
2016-03-20 12:50:00,13.137
2016-03-20 13:00:00,13.161
2016-03-20 13:10:00,13.161
2016-03-20 13:20:00,13.161
2016-03-20 13:30:00,13.161
2016-03-20 13:40:00,13.161
2016-03-20 13:50:00,13.161
2016-03-20 14:00:00,13.161
2016-03-20 14:10:00,13.161
2016-03-20 14:20:00,13.161
2016-03-20 14:30:00,13.185
2016-03-20 14:40:00,13.185
2016-03-20 14:50:00,13.209
2016-03-20 15:00:00,13.209
2016-03-20 15:10:00,13.209
2016-03-20 15:20:00,13.209
2016-03-20 15:30:00,13.257
2016-03-20 15:40:00,13.281
2016-03-20 15:50:00,13.305
2016-03-20 16:00:00,13.305
2016-03-20 16:10:00,13.305
2016-03-20 16:20:00,13.353
2016-03-20 16:30:00,13.353
2016-03-20 16:40:00,13.449
2016-03-20 16:50:00,13.497
2016-03-20 17:00:00,13.449
2016-03-20 17:10:00,13.546
2016-03-20 17:20:00,13.642
2016-03-20 17:30:00,13.594
2016-03-20 17:40:00,13.69
2016-03-20 17:50:00,13.738
2016-03-20 18:00:00,13.786
2016-03-20 18:10:00,13.786
2016-03-20 18:20:00,13.882
2016-03-20 18:30:00,14.026
2016-03-20 18:40:00,14.074
2016-03-20 18:50:00,14.17
2016-03-20 19:00:00,14.29
2016-03-20 19:10:00,14.266
2016-03-20 19:20:00,14.601
2016-03-20 19:30:00,14.864
2016-03-20 19:40:00,15.652
2016-03-20 19:50:00,16.368
2016-03-20 20:00:00,17.32
2016-03-20 20:10:00,19.294
2016-03-20 20:20:00,20.841
2016-03-20 20:30:00,22.106
2016-03-20 20:40:00,23.545
2016-03-20 20:50:00,24.677
2016-03-20 21:00:00,24.895
2016-03-20 21:10:00,25.283
2016-03-20 21:20:00,25.501
2016-03-20 21:30:00,26.158
2016-03-20 21:40:00,26.842
2016-03-20 21:50:00,27.776
2016-03-20 22:00:00,28.32
2016-03-20 22:10:00,28.816
2016-03-20 22:20:00,29.414
2016-03-20 22:30:00,29.765
2016-03-20 22:40:00,29.69
2016-03-20 22:50:00,29.464
2016-03-20 23:00:00,29.439
2016-03-20 23:10:00,29.365
2016-03-20 23:20:00,29.115
2016-03-20 23:30:00,28.965
2016-03-20 23:40:00,28.642
2016-03-20 23:50:00,28.122
2016-03-21 00:00:00,26.891
2016-03-21 00:10:00,24.605
2016-03-21 00:20:00,22.872
2016-03-21 00:30:00,21.366
2016-03-21 00:40:00,20.436
2016-03-21 00:50:00,19.436
2016-03-21 01:00:00,17.986
2016-03-21 01:10:00,17.082
2016-03-21 01:20:00,15.986
2016-03-21 01:30:00,15.414
2016-03-21 01:40:00,15.079
2016-03-21 01:50:00,14.697
2016-03-21 02:00:00,14.433
2016-03-21 02:10:00,14.337
2016-03-21 02:20:00,14.194
2016-03-21 02:30:00,14.122
2016-03-21 02:40:00,14.074
2016-03-21 02:50:00,14.026
2016-03-21 03:00:00,14.002
2016-03-21 03:10:00,13.978
2016-03-21 03:20:00,13.978
2016-03-21 03:30:00,13.954
2016-03-21 03:40:00,13.954
2016-03-21 03:50:00,13.93
2016-03-21 04:00:00,13.93
2016-03-21 04:10:00,13.93
2016-03-21 04:20:00,13.906
2016-03-21 04:30:00,13.882
2016-03-21 04:40:00,13.882
2016-03-21 04:50:00,13.858
2016-03-21 05:00:00,13.858
2016-03-21 05:10:00,13.834
2016-03-21 05:20:00,13.834
2016-03-21 05:30:00,13.81
2016-03-21 05:40:00,13.786
2016-03-21 05:50:00,13.786
2016-03-21 06:00:00,13.762
2016-03-21 06:10:00,13.762
2016-03-21 06:20:00,13.786
2016-03-21 06:30:00,13.786
2016-03-21 06:40:00,13.786
2016-03-21 06:50:00,13.786
2016-03-21 07:00:00,13.786
2016-03-21 07:10:00,13.762
2016-03-21 07:20:00,13.762
2016-03-21 07:30:00,13.762
2016-03-21 07:40:00,13.762
2016-03-21 07:50:00,13.738
2016-03-21 08:00:00,13.738
2016-03-21 08:10:00,13.714
2016-03-21 08:20:00,13.714
2016-03-21 08:30:00,13.666
2016-03-21 08:40:00,13.666
2016-03-21 08:50:00,13.642
2016-03-21 09:00:00,13.666
2016-03-21 09:10:00,13.618
2016-03-21 09:20:00,13.425
2016-03-21 09:30:00,13.377
2016-03-21 09:40:00,13.377
2016-03-21 09:50:00,13.329
2016-03-21 10:00:00,13.305
2016-03-21 10:10:00,13.209
2016-03-21 10:20:00,13.04
2016-03-21 10:30:00,12.896
2016-03-21 10:40:00,12.944
2016-03-21 10:50:00,12.896
2016-03-21 11:00:00,13.064
2016-03-21 11:10:00,13.112
2016-03-21 11:20:00,13.161
2016-03-21 11:30:00,13.161
2016-03-21 11:40:00,13.161
2016-03-21 11:50:00,13.281
2016-03-21 12:00:00,13.329
2016-03-21 12:10:00,13.353
2016-03-21 12:20:00,13.401
2016-03-21 12:30:00,13.618
2016-03-21 12:40:00,13.618
2016-03-21 12:50:00,13.666
2016-03-21 13:00:00,13.666
2016-03-21 13:10:00,13.69
2016-03-21 13:20:00,13.69
2016-03-21 13:30:00,13.69
2016-03-21 13:40:00,13.69
2016-03-21 13:50:00,13.69
2016-03-21 14:00:00,13.666
2016-03-21 14:10:00,13.642
2016-03-21 14:20:00,13.666
2016-03-21 14:30:00,13.642
2016-03-21 14:40:00,13.642
2016-03-21 14:50:00,13.666
2016-03-21 15:00:00,13.666
2016-03-21 15:10:00,13.738
2016-03-21 15:20:00,13.69
2016-03-21 15:30:00,13.714
2016-03-21 15:40:00,13.69
2016-03-21 15:50:00,13.714
2016-03-21 16:00:00,13.786
2016-03-21 16:10:00,13.834
2016-03-21 16:20:00,13.786
2016-03-21 16:30:00,13.714
2016-03-21 16:40:00,13.738
2016-03-21 16:50:00,13.786
2016-03-21 17:00:00,13.786
2016-03-21 17:10:00,13.834
2016-03-21 17:20:00,13.81
2016-03-21 17:30:00,13.882
2016-03-21 17:40:00,13.882
2016-03-21 17:50:00,13.906
2016-03-21 18:00:00,13.954
2016-03-21 18:10:00,14.002
2016-03-21 18:20:00,14.074
2016-03-21 18:30:00,14.122
2016-03-21 18:40:00,14.146
2016-03-21 18:50:00,14.146
2016-03-21 19:00:00,14.098
2016-03-21 19:10:00,14.17
2016-03-21 19:20:00,14.194
2016-03-21 19:30:00,14.361
2016-03-21 19:40:00,14.505
2016-03-21 19:50:00,14.529
2016-03-21 20:00:00,14.601
2016-03-21 20:10:00,15.175
2016-03-21 20:20:00,14.984
2016-03-21 20:30:00,15.27
2016-03-21 20:40:00,16.796
2016-03-21 20:50:00,18.319
2016-03-21 21:00:00,17.534
2016-03-21 21:10:00,18.557
2016-03-21 21:20:00,19.793
2016-03-21 21:30:00,21.318
2016-03-21 21:40:00,22.202
2016-03-21 21:50:00,21.963
2016-03-21 22:00:00,22.561
2016-03-21 22:10:00,23.472
2016-03-21 22:20:00,24.195
2016-03-21 22:30:00,24.002
2016-03-21 22:40:00,24.098
2016-03-21 22:50:00,24.026
2016-03-21 23:00:00,23.905
2016-03-21 23:10:00,23.689
2016-03-21 23:20:00,23.497
2016-03-21 23:30:00,21.413
2016-03-21 23:40:00,20.436
2016-03-21 23:50:00,21.127
2016-03-22 00:00:00,21.987
2016-03-22 00:10:00,22.034
2016-03-22 00:20:00,20.627
2016-03-22 00:30:00,20.126
2016-03-22 00:40:00,18.794
2016-03-22 00:50:00,16.82
2016-03-22 01:00:00,16.177
2016-03-22 01:10:00,15.031
2016-03-22 01:20:00,14.792
2016-03-22 01:30:00,14.601
2016-03-22 01:40:00,14.409
2016-03-22 01:50:00,14.266
2016-03-22 02:00:00,14.194
2016-03-22 02:10:00,14.122
2016-03-22 02:20:00,14.098
2016-03-22 02:30:00,14.074
2016-03-22 02:40:00,14.026
2016-03-22 02:50:00,14.026
2016-03-22 03:00:00,14.002
2016-03-22 03:10:00,14.002
2016-03-22 03:20:00,14.026
2016-03-22 03:30:00,14.002
2016-03-22 03:40:00,14.002
2016-03-22 03:50:00,14.002
2016-03-22 04:00:00,14.002
2016-03-22 04:10:00,14.026
2016-03-22 04:20:00,14.026
2016-03-22 04:30:00,14.026
2016-03-22 04:40:00,14.026
2016-03-22 04:50:00,14.026
2016-03-22 05:00:00,14.026
2016-03-22 05:10:00,14.026
2016-03-22 05:20:00,14.002
2016-03-22 05:30:00,14.002
2016-03-22 05:40:00,13.978
2016-03-22 05:50:00,13.978
2016-03-22 06:00:00,13.954
2016-03-22 06:10:00,13.954
2016-03-22 06:20:00,13.954
2016-03-22 06:30:00,13.93
2016-03-22 06:40:00,13.93
2016-03-22 06:50:00,13.93
2016-03-22 07:00:00,13.93
2016-03-22 07:10:00,13.93
2016-03-22 07:20:00,13.906
2016-03-22 07:30:00,13.882
2016-03-22 07:40:00,13.858
2016-03-22 07:50:00,13.834
2016-03-22 08:00:00,13.81
2016-03-22 08:10:00,13.786
2016-03-22 08:20:00,13.762
2016-03-22 08:30:00,13.762
2016-03-22 08:40:00,13.762
2016-03-22 08:50:00,13.738
2016-03-22 09:00:00,13.714
2016-03-22 09:10:00,13.666
2016-03-22 09:20:00,13.69
2016-03-22 09:30:00,13.642
2016-03-22 09:40:00,13.425
2016-03-22 09:50:00,13.401
2016-03-22 10:00:00,12.871
2016-03-22 10:10:00,12.823
2016-03-22 10:20:00,12.437
2016-03-22 10:30:00,12.316
2016-03-22 10:40:00,12.268
2016-03-22 10:50:00,12.63
2016-03-22 11:00:00,12.509
2016-03-22 11:10:00,12.219
2016-03-22 11:20:00,11.929
2016-03-22 11:30:00,12.171
2016-03-22 11:40:00,12.775
2016-03-22 11:50:00,13.161
2016-03-22 12:00:00,13.112
2016-03-22 12:10:00,13.04
2016-03-22 12:20:00,12.582
2016-03-22 12:30:00,13.137
2016-03-22 12:40:00,13.257
2016-03-22 12:50:00,13.016
2016-03-22 13:00:00,13.161
2016-03-22 13:10:00,13.112
2016-03-22 13:20:00,13.233
2016-03-22 13:30:00,13.305
2016-03-22 13:40:00,13.305
2016-03-22 13:50:00,13.281
2016-03-22 14:00:00,13.281
2016-03-22 14:10:00,13.257
2016-03-22 14:20:00,13.257
2016-03-22 14:30:00,13.257
2016-03-22 14:40:00,13.233
2016-03-22 14:50:00,13.233
2016-03-22 15:00:00,13.257
2016-03-22 15:10:00,13.281
2016-03-22 15:20:00,13.281
2016-03-22 15:30:00,13.281
2016-03-22 15:40:00,13.329
2016-03-22 15:50:00,13.305
2016-03-22 16:00:00,13.329
2016-03-22 16:10:00,13.353
2016-03-22 16:20:00,13.353
2016-03-22 16:30:00,13.353
2016-03-22 16:40:00,13.401
2016-03-22 16:50:00,13.425
2016-03-22 17:00:00,13.497
2016-03-22 17:10:00,13.473
2016-03-22 17:20:00,13.449
2016-03-22 17:30:00,13.473
2016-03-22 17:40:00,13.497
2016-03-22 17:50:00,13.497
2016-03-22 18:00:00,13.546
2016-03-22 18:10:00,13.594
2016-03-22 18:20:00,13.666
2016-03-22 18:30:00,13.642
2016-03-22 18:40:00,13.69
2016-03-22 18:50:00,13.69
2016-03-22 19:00:00,13.714
2016-03-22 19:10:00,13.786
2016-03-22 19:20:00,13.786
2016-03-22 19:30:00,13.81
2016-03-22 19:40:00,13.882
2016-03-22 19:50:00,13.882
2016-03-22 20:00:00,13.93
2016-03-22 20:10:00,14.074
2016-03-22 20:20:00,14.05
2016-03-22 20:30:00,14.122
2016-03-22 20:40:00,14.385
2016-03-22 20:50:00,14.314
2016-03-22 21:00:00,14.505
2016-03-22 21:10:00,14.601
2016-03-22 21:20:00,15.223
2016-03-22 21:30:00,15.557
2016-03-22 21:40:00,16.368
2016-03-22 21:50:00,17.249
2016-03-22 22:00:00,17.106
2016-03-22 22:10:00,17.368
2016-03-22 22:20:00,18.771
2016-03-22 22:30:00,18.604
2016-03-22 22:40:00,19.246
2016-03-22 22:50:00,18.818
2016-03-22 23:00:00,19.032
2016-03-22 23:10:00,19.127
2016-03-22 23:20:00,19.627
2016-03-22 23:30:00,19.318
2016-03-22 23:40:00,18.818
2016-03-22 23:50:00,19.032
2016-03-23 00:00:00,17.915
2016-03-23 00:10:00,17.986
2016-03-23 00:20:00,16.749
2016-03-23 00:30:00,16.177
2016-03-23 00:40:00,15.318
2016-03-23 00:50:00,14.625
2016-03-23 01:00:00,14.194
2016-03-23 01:10:00,13.762
2016-03-23 01:20:00,13.642
2016-03-23 01:30:00,13.281
2016-03-23 01:40:00,13.401
2016-03-23 01:50:00,13.497
2016-03-23 02:00:00,13.497
2016-03-23 02:10:00,13.449
2016-03-23 02:20:00,13.425
2016-03-23 02:30:00,13.377
2016-03-23 02:40:00,13.353
2016-03-23 02:50:00,13.329
2016-03-23 03:00:00,13.305
2016-03-23 03:10:00,13.281
2016-03-23 03:20:00,13.281
2016-03-23 03:30:00,13.281
2016-03-23 03:40:00,13.257
2016-03-23 03:50:00,13.281
2016-03-23 04:00:00,13.305
2016-03-23 04:10:00,13.353
2016-03-23 04:20:00,13.401
2016-03-23 04:30:00,13.449
2016-03-23 04:40:00,13.449
2016-03-23 04:50:00,13.449
2016-03-23 05:00:00,13.449
2016-03-23 05:10:00,13.425
2016-03-23 05:20:00,13.425
2016-03-23 05:30:00,13.401
2016-03-23 05:40:00,13.377
2016-03-23 05:50:00,13.377
2016-03-23 06:00:00,13.401
2016-03-23 06:10:00,13.425
2016-03-23 06:20:00,13.425
2016-03-23 06:30:00,13.425
2016-03-23 06:40:00,13.425
2016-03-23 06:50:00,13.425
2016-03-23 07:00:00,13.425
2016-03-23 07:10:00,13.425
2016-03-23 07:20:00,13.401
2016-03-23 07:30:00,13.401
2016-03-23 07:40:00,13.377
2016-03-23 07:50:00,13.377
2016-03-23 08:00:00,13.377
2016-03-23 08:10:00,13.353
2016-03-23 08:20:00,13.353
2016-03-23 08:30:00,13.305
2016-03-23 08:40:00,13.305
2016-03-23 08:50:00,13.233
2016-03-23 09:00:00,13.233
2016-03-23 09:10:00,13.185
2016-03-23 09:20:00,12.823
2016-03-23 09:30:00,12.63
2016-03-23 09:40:00,12.364
2016-03-23 09:50:00,12.461
2016-03-23 10:00:00,12.05
2016-03-23 10:10:00,11.467
2016-03-23 10:20:00,11.102
2016-03-23 10:30:00,10.834
2016-03-23 10:40:00,10.712
2016-03-23 10:50:00,10.858
2016-03-23 11:00:00,10.516
2016-03-23 11:10:00,10.271
2016-03-23 11:20:00,10.1
2016-03-23 11:30:00,9.977
2016-03-23 11:40:00,9.928
2016-03-23 11:50:00,9.928
2016-03-23 12:00:00,9.879
2016-03-23 12:10:00,9.829
2016-03-23 12:20:00,9.78
2016-03-23 12:30:00,9.829
2016-03-23 12:40:00,9.805
2016-03-23 12:50:00,9.78
2016-03-23 13:00:00,9.903
2016-03-23 13:10:00,10.051
2016-03-23 13:20:00,10.1
2016-03-23 13:30:00,9.879
2016-03-23 13:40:00,9.435
2016-03-23 13:50:00,9.854
2016-03-23 14:00:00,9.78
2016-03-23 14:10:00,10.565
2016-03-23 14:20:00,10.858
2016-03-23 14:30:00,11.662
2016-03-23 14:40:00,12.147
2016-03-23 14:50:00,12.437
2016-03-23 15:00:00,12.606
2016-03-23 15:10:00,12.727
2016-03-23 15:20:00,12.823
2016-03-23 15:30:00,12.896
2016-03-23 15:40:00,12.944
2016-03-23 15:50:00,12.847
2016-03-23 16:00:00,12.847
2016-03-23 16:10:00,12.896
2016-03-23 16:20:00,12.871
2016-03-23 16:30:00,12.871
2016-03-23 16:40:00,12.871
2016-03-23 16:50:00,12.92
2016-03-23 17:00:00,12.92
2016-03-23 17:10:00,12.968
2016-03-23 17:20:00,12.992
2016-03-23 17:30:00,12.992
2016-03-23 17:40:00,13.04
2016-03-23 17:50:00,13.016
2016-03-23 18:00:00,13.088
2016-03-23 18:10:00,13.112
2016-03-23 18:20:00,13.185
2016-03-23 18:30:00,13.233
2016-03-23 18:40:00,13.281
2016-03-23 18:50:00,13.329
2016-03-23 19:00:00,13.305
2016-03-23 19:10:00,13.353
2016-03-23 19:20:00,13.377
2016-03-23 19:30:00,13.449
2016-03-23 19:40:00,13.497
2016-03-23 19:50:00,13.546
2016-03-23 20:00:00,13.594
2016-03-23 20:10:00,13.642
2016-03-23 20:20:00,13.69
2016-03-23 20:30:00,13.738
2016-03-23 20:40:00,13.954
2016-03-23 20:50:00,14.122
2016-03-23 21:00:00,14.457
2016-03-23 21:10:00,15.223
2016-03-23 21:20:00,16.439
2016-03-23 21:30:00,16.654
2016-03-23 21:40:00,17.843
2016-03-23 21:50:00,18.913
2016-03-23 22:00:00,20.103
2016-03-23 22:10:00,20.317
2016-03-23 22:20:00,20.222
2016-03-23 22:30:00,19.841
2016-03-23 22:40:00,20.531
2016-03-23 22:50:00,21.724
2016-03-23 23:00:00,21.987
2016-03-23 23:10:00,21.652
2016-03-23 23:20:00,21.795
2016-03-23 23:30:00,21.676
2016-03-23 23:40:00,21.509
2016-03-23 23:50:00,21.246
2016-03-24 00:00:00,20.841
2016-03-24 00:10:00,20.15
2016-03-24 00:20:00,19.603
2016-03-24 00:30:00,18.985
2016-03-24 00:40:00,18.533
2016-03-24 00:50:00,17.962
2016-03-24 01:00:00,17.034
2016-03-24 01:10:00,15.676
2016-03-24 01:20:00,15.031
2016-03-24 01:30:00,14.409
2016-03-24 01:40:00,13.834
2016-03-24 01:50:00,13.425
2016-03-24 02:00:00,13.112
2016-03-24 02:10:00,12.92
2016-03-24 02:20:00,13.281
2016-03-24 02:30:00,12.823
2016-03-24 02:40:00,13.064
2016-03-24 02:50:00,13.473
2016-03-24 03:00:00,13.473
2016-03-24 03:10:00,13.473
2016-03-24 03:20:00,13.473
2016-03-24 03:30:00,13.449
2016-03-24 03:40:00,13.425
2016-03-24 03:50:00,13.401
2016-03-24 04:00:00,13.401
2016-03-24 04:10:00,13.377
2016-03-24 04:20:00,13.353
2016-03-24 04:30:00,13.353
2016-03-24 04:40:00,13.329
2016-03-24 04:50:00,13.329
2016-03-24 05:00:00,13.305
2016-03-24 05:10:00,13.281
2016-03-24 05:20:00,13.281
2016-03-24 05:30:00,13.257
2016-03-24 05:40:00,13.209
2016-03-24 05:50:00,13.209
2016-03-24 06:00:00,13.185
2016-03-24 06:10:00,13.185
2016-03-24 06:20:00,13.161
2016-03-24 06:30:00,13.137
2016-03-24 06:40:00,13.088
2016-03-24 06:50:00,13.064
2016-03-24 07:00:00,13.064
2016-03-24 07:10:00,13.016
2016-03-24 07:20:00,12.968
2016-03-24 07:30:00,12.92
2016-03-24 07:40:00,12.896
2016-03-24 07:50:00,12.896
2016-03-24 08:00:00,12.847
2016-03-24 08:10:00,12.799
2016-03-24 08:20:00,12.775
2016-03-24 08:30:00,12.703
2016-03-24 08:40:00,12.654
2016-03-24 08:50:00,12.582
2016-03-24 09:00:00,12.582
2016-03-24 09:10:00,12.558
2016-03-24 09:20:00,11.832
2016-03-24 09:30:00,11.832
2016-03-24 09:40:00,11.516
2016-03-24 09:50:00,11.248
2016-03-24 10:00:00,10.345
2016-03-24 10:10:00,10.026
2016-03-24 10:20:00,9.632
2016-03-24 10:30:00,9.262
2016-03-24 10:40:00,9.213
2016-03-24 10:50:00,9.089
2016-03-24 11:00:00,9.336
2016-03-24 11:10:00,9.41
2016-03-24 11:20:00,9.41
2016-03-24 11:30:00,9.386
2016-03-24 11:40:00,9.336
2016-03-24 11:50:00,9.41
2016-03-24 12:00:00,9.188
2016-03-24 12:10:00,9.361
2016-03-24 12:20:00,9.534
2016-03-24 12:30:00,9.731
2016-03-24 12:40:00,9.731
2016-03-24 12:50:00,9.805
2016-03-24 13:00:00,9.756
2016-03-24 13:10:00,9.706
2016-03-24 13:20:00,9.78
2016-03-24 13:30:00,9.928
2016-03-24 13:40:00,10.026
2016-03-24 13:50:00,10.296
2016-03-24 14:00:00,10.443
2016-03-24 14:10:00,10.418
2016-03-24 14:20:00,10.516
2016-03-24 14:30:00,10.516
2016-03-24 14:40:00,10.492
2016-03-24 14:50:00,10.541
2016-03-24 15:00:00,11.394
2016-03-24 15:10:00,12.122
2016-03-24 15:20:00,12.534
2016-03-24 15:30:00,12.799
2016-03-24 15:40:00,12.92
2016-03-24 15:50:00,12.944
2016-03-24 16:00:00,13.016
2016-03-24 16:10:00,13.088
2016-03-24 16:20:00,13.137
2016-03-24 16:30:00,13.064
2016-03-24 16:40:00,13.088
2016-03-24 16:50:00,13.064
2016-03-24 17:00:00,13.088
2016-03-24 17:10:00,13.112
2016-03-24 17:20:00,13.112
2016-03-24 17:30:00,13.161
2016-03-24 17:40:00,13.137
2016-03-24 17:50:00,13.112
2016-03-24 18:00:00,13.137
2016-03-24 18:10:00,13.161
2016-03-24 18:20:00,13.185
2016-03-24 18:30:00,13.257
2016-03-24 18:40:00,13.257
2016-03-24 18:50:00,13.257
2016-03-24 19:00:00,13.305
2016-03-24 19:10:00,13.329
2016-03-24 19:20:00,13.377
2016-03-24 19:30:00,13.377
2016-03-24 19:40:00,13.401
2016-03-24 19:50:00,13.449
2016-03-24 20:00:00,13.449
2016-03-24 20:10:00,13.473
2016-03-24 20:20:00,13.522
2016-03-24 20:30:00,13.546
2016-03-24 20:40:00,13.642
2016-03-24 20:50:00,13.714
2016-03-24 21:00:00,13.81
2016-03-24 21:10:00,13.906
2016-03-24 21:20:00,14.601
2016-03-24 21:30:00,14.553
2016-03-24 21:40:00,15.127
2016-03-24 21:50:00,15.461
2016-03-24 22:00:00,15.986
2016-03-24 22:10:00,16.701
2016-03-24 22:20:00,17.13
2016-03-24 22:30:00,17.605
2016-03-24 22:40:00,18.723
2016-03-24 22:50:00,19.008
2016-03-24 23:00:00,19.222
2016-03-24 23:10:00,19.627
2016-03-24 23:20:00,19.532
2016-03-24 23:30:00,19.77
2016-03-24 23:40:00,19.603
2016-03-24 23:50:00,19.365
2016-03-25 00:00:00,18.699
2016-03-25 00:10:00,18.699
2016-03-25 00:20:00,18.557
2016-03-25 00:30:00,18.271
2016-03-25 00:40:00,17.938
2016-03-25 00:50:00,17.51
2016-03-25 01:00:00,16.963
2016-03-25 01:10:00,16.415
2016-03-25 01:20:00,15.891
2016-03-25 01:30:00,15.414
2016-03-25 01:40:00,14.984
2016-03-25 01:50:00,14.553
2016-03-25 02:00:00,14.122
2016-03-25 02:10:00,13.69
2016-03-25 02:20:00,13.377
2016-03-25 02:30:00,13.161
2016-03-25 02:40:00,13.04
2016-03-25 02:50:00,13.209
2016-03-25 03:00:00,13.088
2016-03-25 03:10:00,13.257
2016-03-25 03:20:00,13.449
2016-03-25 03:30:00,13.449
2016-03-25 03:40:00,13.425
2016-03-25 03:50:00,13.353
2016-03-25 04:00:00,13.329
2016-03-25 04:10:00,13.257
2016-03-25 04:20:00,13.185
2016-03-25 04:30:00,13.137
2016-03-25 04:40:00,13.088
2016-03-25 04:50:00,13.088
2016-03-25 05:00:00,13.064
2016-03-25 05:10:00,13.064
2016-03-25 05:20:00,13.064
2016-03-25 05:30:00,13.064
2016-03-25 05:40:00,13.064
2016-03-25 05:50:00,13.04
2016-03-25 06:00:00,13.016
2016-03-25 06:10:00,12.968
2016-03-25 06:20:00,12.944
2016-03-25 06:30:00,12.92
2016-03-25 06:40:00,12.896
2016-03-25 06:50:00,12.823
2016-03-25 07:00:00,12.799
2016-03-25 07:10:00,12.751
2016-03-25 07:20:00,12.727
2016-03-25 07:30:00,12.678
2016-03-25 07:40:00,12.654
2016-03-25 07:50:00,12.63
2016-03-25 08:00:00,12.606
2016-03-25 08:10:00,12.606
2016-03-25 08:20:00,12.558
2016-03-25 08:30:00,12.558
2016-03-25 08:40:00,12.534
2016-03-25 08:50:00,12.509
2016-03-25 09:00:00,12.485
2016-03-25 09:10:00,12.485
2016-03-25 09:20:00,12.461
2016-03-25 09:30:00,12.437
2016-03-25 09:40:00,12.437
2016-03-25 09:50:00,12.389
2016-03-25 10:00:00,12.316
2016-03-25 10:10:00,12.195
2016-03-25 10:20:00,11.904
2016-03-25 10:30:00,12.025
2016-03-25 10:40:00,11.783
2016-03-25 10:50:00,11.759
2016-03-25 11:00:00,11.637
2016-03-25 11:10:00,11.54
2016-03-25 11:20:00,11.467
2016-03-25 11:30:00,11.394
2016-03-25 11:40:00,11.297
2016-03-25 11:50:00,11.248
2016-03-25 12:00:00,11.248
2016-03-25 12:10:00,11.224
2016-03-25 12:20:00,11.127
2016-03-25 12:30:00,11.078
2016-03-25 12:40:00,11.053
2016-03-25 12:50:00,11.078
2016-03-25 13:00:00,11.127
2016-03-25 13:10:00,11.151
2016-03-25 13:20:00,11.151
2016-03-25 13:30:00,11.102
2016-03-25 13:40:00,11.078
2016-03-25 13:50:00,11.102
2016-03-25 14:00:00,11.127
2016-03-25 14:10:00,11.224
2016-03-25 14:20:00,11.297
2016-03-25 14:30:00,11.37
2016-03-25 14:40:00,11.419
2016-03-25 14:50:00,11.662
2016-03-25 15:00:00,12.001
2016-03-25 15:10:00,12.485
2016-03-25 15:20:00,12.847
2016-03-25 15:30:00,13.161
2016-03-25 15:40:00,13.185
2016-03-25 15:50:00,13.714
2016-03-25 16:00:00,13.281
2016-03-25 16:10:00,13.088
2016-03-25 16:20:00,13.257
2016-03-25 16:30:00,13.305
2016-03-25 16:40:00,13.233
2016-03-25 16:50:00,13.329
2016-03-25 17:00:00,13.449
2016-03-25 17:10:00,13.281
2016-03-25 17:20:00,13.257
2016-03-25 17:30:00,13.016
2016-03-25 17:40:00,12.896
2016-03-25 17:50:00,13.04
2016-03-25 18:00:00,13.112
2016-03-25 18:10:00,13.161
2016-03-25 18:20:00,13.161
2016-03-25 18:30:00,13.257
2016-03-25 18:40:00,13.281
2016-03-25 18:50:00,13.233
2016-03-25 19:00:00,13.257
2016-03-25 19:10:00,13.233
2016-03-25 19:20:00,13.281
2016-03-25 19:30:00,13.257
2016-03-25 19:40:00,13.329
2016-03-25 19:50:00,13.305
2016-03-25 20:00:00,13.377
2016-03-25 20:10:00,13.401
2016-03-25 20:20:00,13.473
2016-03-25 20:30:00,13.449
2016-03-25 20:40:00,13.497
2016-03-25 20:50:00,13.546
2016-03-25 21:00:00,13.57
2016-03-25 21:10:00,13.594
2016-03-25 21:20:00,13.618
2016-03-25 21:30:00,13.594
2016-03-25 21:40:00,13.762
2016-03-25 21:50:00,13.834
2016-03-25 22:00:00,13.786
2016-03-25 22:10:00,13.906
2016-03-25 22:20:00,13.978
2016-03-25 22:30:00,14.314
2016-03-25 22:40:00,14.242
2016-03-25 22:50:00,14.601
2016-03-25 23:00:00,14.29
2016-03-25 23:10:00,14.721
2016-03-25 23:20:00,15.103
2016-03-25 23:30:00,15.366
2016-03-25 23:40:00,15.748
2016-03-25 23:50:00,15.772
2016-03-26 00:00:00,15.533
2016-03-26 00:10:00,15.724
2016-03-26 00:20:00,15.676
2016-03-26 00:30:00,15.438
2016-03-26 00:40:00,15.127
2016-03-26 00:50:00,14.745
2016-03-26 01:00:00,14.649
2016-03-26 01:10:00,14.314
2016-03-26 01:20:00,13.882
2016-03-26 01:30:00,13.546
2016-03-26 01:40:00,13.401
2016-03-26 01:50:00,13.064
2016-03-26 02:00:00,12.727
2016-03-26 02:10:00,12.582
2016-03-26 02:20:00,12.582
2016-03-26 02:30:00,12.944
2016-03-26 02:40:00,12.871
2016-03-26 02:50:00,12.823
2016-03-26 03:00:00,12.92
2016-03-26 03:10:00,12.968
2016-03-26 03:20:00,13.016
2016-03-26 03:30:00,13.016
2016-03-26 03:40:00,12.992
2016-03-26 03:50:00,12.968
2016-03-26 04:00:00,12.944
2016-03-26 04:10:00,12.896
2016-03-26 04:20:00,12.871
2016-03-26 04:30:00,12.847
2016-03-26 04:40:00,12.823
2016-03-26 04:50:00,12.775
2016-03-26 05:00:00,12.775
2016-03-26 05:10:00,12.727
2016-03-26 05:20:00,12.703
2016-03-26 05:30:00,12.703
2016-03-26 05:40:00,12.678
2016-03-26 05:50:00,12.654
2016-03-26 06:00:00,12.63
2016-03-26 06:10:00,12.582
2016-03-26 06:20:00,12.558
2016-03-26 06:30:00,12.534
2016-03-26 06:40:00,12.509
2016-03-26 06:50:00,12.485
2016-03-26 07:00:00,12.437
2016-03-26 07:10:00,12.437
2016-03-26 07:20:00,12.413
2016-03-26 07:30:00,12.413
2016-03-26 07:40:00,12.413
2016-03-26 07:50:00,12.364
2016-03-26 08:00:00,12.364
2016-03-26 08:10:00,12.34
2016-03-26 08:20:00,12.34
2016-03-26 08:30:00,12.34
2016-03-26 08:40:00,12.34
2016-03-26 08:50:00,12.34
2016-03-26 09:00:00,12.316
2016-03-26 09:10:00,12.316
2016-03-26 09:20:00,12.316
2016-03-26 09:30:00,12.292
2016-03-26 09:40:00,12.292
2016-03-26 09:50:00,12.292
2016-03-26 10:00:00,12.268
2016-03-26 10:10:00,12.268
2016-03-26 10:20:00,12.243
2016-03-26 10:30:00,12.268
2016-03-26 10:40:00,12.243
2016-03-26 10:50:00,12.195
2016-03-26 11:00:00,12.195
2016-03-26 11:10:00,11.856
2016-03-26 11:20:00,11.589
2016-03-26 11:30:00,11.37
2016-03-26 11:40:00,11.273
2016-03-26 11:50:00,11.175
2016-03-26 12:00:00,11.297
2016-03-26 12:10:00,11.151
2016-03-26 12:20:00,11.029
2016-03-26 12:30:00,10.956
2016-03-26 12:40:00,10.956
2016-03-26 12:50:00,10.932
2016-03-26 13:00:00,10.932
2016-03-26 13:10:00,10.883
2016-03-26 13:20:00,10.834
2016-03-26 13:30:00,10.81
2016-03-26 13:40:00,10.834
2016-03-26 13:50:00,10.858
2016-03-26 14:00:00,10.883
2016-03-26 14:10:00,10.907
2016-03-26 14:20:00,10.956
2016-03-26 14:30:00,11.029
2016-03-26 14:40:00,11.127
2016-03-26 14:50:00,11.321
2016-03-26 15:00:00,11.88
2016-03-26 15:10:00,12.437
2016-03-26 15:20:00,12.896
2016-03-26 15:30:00,13.233
2016-03-26 15:40:00,13.666
2016-03-26 15:50:00,14.122
2016-03-26 16:00:00,14.409
2016-03-26 16:10:00,14.266
2016-03-26 16:20:00,13.882
2016-03-26 16:30:00,13.522
2016-03-26 16:40:00,13.738
2016-03-26 16:50:00,13.497
2016-03-26 17:00:00,13.377
2016-03-26 17:10:00,13.233
2016-03-26 17:20:00,13.161
2016-03-26 17:30:00,13.233
2016-03-26 17:40:00,13.185
2016-03-26 17:50:00,13.161
2016-03-26 18:00:00,13.088
2016-03-26 18:10:00,13.064
2016-03-26 18:20:00,12.92
2016-03-26 18:30:00,12.92
2016-03-26 18:40:00,12.896
2016-03-26 18:50:00,12.896
2016-03-26 19:00:00,12.896
2016-03-26 19:10:00,12.896
2016-03-26 19:20:00,12.896
2016-03-26 19:30:00,12.871
2016-03-26 19:40:00,12.944
2016-03-26 19:50:00,12.896
2016-03-26 20:00:00,12.871
2016-03-26 20:10:00,12.823
2016-03-26 20:20:00,12.871
2016-03-26 20:30:00,12.968
2016-03-26 20:40:00,12.968
2016-03-26 20:50:00,13.04
2016-03-26 21:00:00,13.064
2016-03-26 21:10:00,13.112
2016-03-26 21:20:00,13.137
2016-03-26 21:30:00,13.161
2016-03-26 21:40:00,13.137
2016-03-26 21:50:00,13.161
2016-03-26 22:00:00,13.233
2016-03-26 22:10:00,13.305
2016-03-26 22:20:00,13.305
2016-03-26 22:30:00,13.377
2016-03-26 22:40:00,13.449
2016-03-26 22:50:00,13.497
2016-03-26 23:00:00,14.002
2016-03-26 23:10:00,14.122
2016-03-26 23:20:00,14.194
2016-03-26 23:30:00,14.505
2016-03-26 23:40:00,14.96
2016-03-26 23:50:00,14.96
2016-03-27 00:00:00,15.103
2016-03-27 00:10:00,15.414
2016-03-27 00:20:00,15.127
2016-03-27 00:30:00,15.031
2016-03-27 00:40:00,14.864
2016-03-27 00:50:00,14.745
2016-03-27 01:00:00,14.529
2016-03-27 01:10:00,14.074
2016-03-27 01:20:00,13.738
2016-03-27 01:30:00,13.401
2016-03-27 01:40:00,13.112
2016-03-27 01:50:00,12.871
2016-03-27 02:00:00,12.654
2016-03-27 02:10:00,12.389
2016-03-27 02:20:00,12.195
2016-03-27 02:30:00,12.05
2016-03-27 02:40:00,12.025
2016-03-27 02:50:00,12.074
2016-03-27 03:00:00,12.316
2016-03-27 03:10:00,12.292
2016-03-27 03:20:00,12.316
2016-03-27 03:30:00,12.485
2016-03-27 03:40:00,12.534
2016-03-27 03:50:00,12.509
2016-03-27 04:00:00,12.485
2016-03-27 04:10:00,12.461
2016-03-27 04:20:00,12.389
2016-03-27 04:30:00,12.389
2016-03-27 04:40:00,12.34
2016-03-27 04:50:00,12.316
2016-03-27 05:00:00,12.292
2016-03-27 05:10:00,12.243
2016-03-27 05:20:00,12.195
2016-03-27 05:30:00,12.147
2016-03-27 05:40:00,12.122
2016-03-27 05:50:00,12.122
2016-03-27 06:00:00,12.098
2016-03-27 06:10:00,12.074
2016-03-27 06:20:00,12.05
2016-03-27 06:30:00,12.05
2016-03-27 06:40:00,12.05
2016-03-27 06:50:00,12.025
2016-03-27 07:00:00,12.025
2016-03-27 07:10:00,12.001
2016-03-27 07:20:00,11.977
2016-03-27 07:30:00,11.953
2016-03-27 07:40:00,11.929
2016-03-27 07:50:00,11.904
2016-03-27 08:00:00,11.88
2016-03-27 08:10:00,11.832
2016-03-27 08:20:00,11.832
2016-03-27 08:30:00,11.807
2016-03-27 08:40:00,11.783
2016-03-27 08:50:00,11.759
2016-03-27 09:00:00,11.734
2016-03-27 09:10:00,11.71
2016-03-27 09:20:00,11.686
2016-03-27 09:30:00,11.662
2016-03-27 09:40:00,11.662
2016-03-27 09:50:00,11.613
2016-03-27 10:00:00,11.613
2016-03-27 10:10:00,11.613
2016-03-27 10:20:00,11.565
2016-03-27 10:30:00,11.565
2016-03-27 10:40:00,11.54
2016-03-27 10:50:00,11.54
2016-03-27 11:00:00,11.443
2016-03-27 11:10:00,11.419
2016-03-27 11:20:00,11.419
2016-03-27 11:30:00,11.297
2016-03-27 11:40:00,11.248
2016-03-27 11:50:00,11.2
2016-03-27 12:00:00,11.175
2016-03-27 12:10:00,11.151
2016-03-27 12:20:00,11.151
2016-03-27 12:30:00,11.127
2016-03-27 12:40:00,11.102
2016-03-27 12:50:00,11.029
2016-03-27 13:00:00,11.005
2016-03-27 13:10:00,10.98
2016-03-27 13:20:00,10.98
2016-03-27 13:30:00,10.98
2016-03-27 13:40:00,10.98
2016-03-27 13:50:00,11.005
2016-03-27 14:00:00,11.029
2016-03-27 14:10:00,11.078
2016-03-27 14:20:00,11.175
2016-03-27 14:30:00,11.248
2016-03-27 14:40:00,11.394
2016-03-27 14:50:00,11.589
2016-03-27 15:00:00,11.783
2016-03-27 15:10:00,11.929
2016-03-27 15:20:00,11.977
2016-03-27 15:30:00,12.219
2016-03-27 15:40:00,12.727
2016-03-27 15:50:00,13.305
2016-03-27 16:00:00,13.762
2016-03-27 16:10:00,14.074
2016-03-27 16:20:00,14.553
2016-03-27 16:30:00,15.294
2016-03-27 16:40:00,16.177
2016-03-27 16:50:00,16.677
2016-03-27 17:00:00,17.415
2016-03-27 17:10:00,17.819
2016-03-27 17:20:00,17.843
2016-03-27 17:30:00,17.082
2016-03-27 17:40:00,17.034
2016-03-27 17:50:00,17.106
2016-03-27 18:00:00,15.509
2016-03-27 18:10:00,15.294
2016-03-27 18:20:00,16.106
2016-03-27 18:30:00,15.223
2016-03-27 18:40:00,13.618
2016-03-27 18:50:00,12.871
2016-03-27 19:00:00,12.654
2016-03-27 19:10:00,12.509
2016-03-27 19:20:00,12.437
2016-03-27 19:30:00,12.292
2016-03-27 19:40:00,12.316
2016-03-27 19:50:00,12.316
2016-03-27 20:00:00,12.243
2016-03-27 20:10:00,12.268
2016-03-27 20:20:00,12.243
2016-03-27 20:30:00,12.195
2016-03-27 20:40:00,12.268
2016-03-27 20:50:00,12.219
2016-03-27 21:00:00,12.195
2016-03-27 21:10:00,12.147
2016-03-27 21:20:00,12.316
2016-03-27 21:30:00,12.389
2016-03-27 21:40:00,12.34
2016-03-27 21:50:00,12.437
2016-03-27 22:00:00,12.413
2016-03-27 22:10:00,12.485
2016-03-27 22:20:00,12.509
2016-03-27 22:30:00,12.534
2016-03-27 22:40:00,12.847
2016-03-27 22:50:00,13.088
2016-03-27 23:00:00,13.762
2016-03-27 23:10:00,14.218
2016-03-27 23:20:00,14.098
2016-03-27 23:30:00,14.314
2016-03-27 23:40:00,14.457
2016-03-27 23:50:00,14.314
2016-03-28 00:00:00,14.242
2016-03-28 00:10:00,14.337
2016-03-28 00:20:00,14.337
2016-03-28 00:30:00,14.29
2016-03-28 00:40:00,14.122
2016-03-28 00:50:00,13.882
2016-03-28 01:00:00,13.714
2016-03-28 01:10:00,13.233
2016-03-28 01:20:00,12.944
2016-03-28 01:30:00,12.654
2016-03-28 01:40:00,12.364
2016-03-28 01:50:00,12.098
2016-03-28 02:00:00,11.832
2016-03-28 02:10:00,11.565
2016-03-28 02:20:00,11.419
2016-03-28 02:30:00,11.224
2016-03-28 02:40:00,11.102
2016-03-28 02:50:00,11.078
2016-03-28 03:00:00,11.102
2016-03-28 03:10:00,11.102
2016-03-28 03:20:00,11.053
2016-03-28 03:30:00,11.127
2016-03-28 03:40:00,11.37
2016-03-28 03:50:00,11.71
2016-03-28 04:00:00,11.565
2016-03-28 04:10:00,11.734
2016-03-28 04:20:00,11.929
2016-03-28 04:30:00,11.953
2016-03-28 04:40:00,11.953
2016-03-28 04:50:00,11.953
2016-03-28 05:00:00,11.953
2016-03-28 05:10:00,11.953
2016-03-28 05:20:00,11.953
2016-03-28 05:30:00,11.953
2016-03-28 05:40:00,11.953
2016-03-28 05:50:00,11.953
2016-03-28 06:00:00,11.953
2016-03-28 06:10:00,11.953
2016-03-28 06:20:00,11.953
2016-03-28 06:30:00,11.953
2016-03-28 06:40:00,11.953
2016-03-28 06:50:00,11.929
2016-03-28 07:00:00,11.904
2016-03-28 07:10:00,11.904
2016-03-28 07:20:00,11.88
2016-03-28 07:30:00,11.88
2016-03-28 07:40:00,11.88
2016-03-28 07:50:00,11.88
2016-03-28 08:00:00,11.856
2016-03-28 08:10:00,11.856
2016-03-28 08:20:00,11.856
2016-03-28 08:30:00,11.832
2016-03-28 08:40:00,11.832
2016-03-28 08:50:00,11.807
2016-03-28 09:00:00,11.807
2016-03-28 09:10:00,11.783
2016-03-28 09:20:00,11.783
2016-03-28 09:30:00,11.759
2016-03-28 09:40:00,11.759
2016-03-28 09:50:00,11.734
2016-03-28 10:00:00,11.734
2016-03-28 10:10:00,11.734
2016-03-28 10:20:00,11.71
2016-03-28 10:30:00,11.71
2016-03-28 10:40:00,11.71
2016-03-28 10:50:00,11.686
2016-03-28 11:00:00,11.613
2016-03-28 11:10:00,11.613
2016-03-28 11:20:00,11.565
2016-03-28 11:30:00,11.565
2016-03-28 11:40:00,11.321
2016-03-28 11:50:00,11.029
2016-03-28 12:00:00,10.785
2016-03-28 12:10:00,10.687
2016-03-28 12:20:00,10.492
2016-03-28 12:30:00,10.516
2016-03-28 12:40:00,10.541
2016-03-28 12:50:00,10.394
2016-03-28 13:00:00,10.198
2016-03-28 13:10:00,10.026
2016-03-28 13:20:00,9.903
2016-03-28 13:30:00,9.78
2016-03-28 13:40:00,9.682
2016-03-28 13:50:00,9.583
2016-03-28 14:00:00,9.509
2016-03-28 14:10:00,9.583
2016-03-28 14:20:00,9.608
2016-03-28 14:30:00,9.706
2016-03-28 14:40:00,10.198
2016-03-28 14:50:00,10.296
2016-03-28 15:00:00,10.418
2016-03-28 15:10:00,10.565
2016-03-28 15:20:00,11.175
2016-03-28 15:30:00,12.147
2016-03-28 15:40:00,13.137
2016-03-28 15:50:00,13.786
2016-03-28 16:00:00,14.122
2016-03-28 16:10:00,15.103
2016-03-28 16:20:00,15.27
2016-03-28 16:30:00,14.768
2016-03-28 16:40:00,15.031
2016-03-28 16:50:00,15.461
2016-03-28 17:00:00,16.106
2016-03-28 17:10:00,16.249
2016-03-28 17:20:00,15.676
2016-03-28 17:30:00,14.936
2016-03-28 17:40:00,15.318
2016-03-28 17:50:00,15.103
2016-03-28 18:00:00,15.366
2016-03-28 18:10:00,15.485
2016-03-28 18:20:00,15.294
2016-03-28 18:30:00,14.673
2016-03-28 18:40:00,15.772
2016-03-28 18:50:00,14.505
2016-03-28 19:00:00,13.762
2016-03-28 19:10:00,13.594
2016-03-28 19:20:00,13.81
2016-03-28 19:30:00,13.329
2016-03-28 19:40:00,13.425
2016-03-28 19:50:00,13.161
2016-03-28 20:00:00,13.185
2016-03-28 20:10:00,13.281
2016-03-28 20:20:00,13.137
2016-03-28 20:30:00,13.016
2016-03-28 20:40:00,13.04
2016-03-28 20:50:00,12.944
2016-03-28 21:00:00,12.968
2016-03-28 21:10:00,12.968
2016-03-28 21:20:00,12.992
2016-03-28 21:30:00,13.016
2016-03-28 21:40:00,13.016
2016-03-28 21:50:00,13.04
2016-03-28 22:00:00,13.016
2016-03-28 22:10:00,13.064
2016-03-28 22:20:00,13.064
2016-03-28 22:30:00,13.064
2016-03-28 22:40:00,13.088
2016-03-28 22:50:00,13.064
2016-03-28 23:00:00,13.04
2016-03-28 23:10:00,13.04
2016-03-28 23:20:00,12.992
2016-03-28 23:30:00,13.064
2016-03-28 23:40:00,13.137
2016-03-28 23:50:00,13.137
2016-03-29 00:00:00,13.04
2016-03-29 00:10:00,13.112
2016-03-29 00:20:00,13.064
2016-03-29 00:30:00,12.992
2016-03-29 00:40:00,12.799
2016-03-29 00:50:00,12.775
2016-03-29 01:00:00,12.485
2016-03-29 01:10:00,12.389
2016-03-29 01:20:00,12.268
2016-03-29 01:30:00,11.856
2016-03-29 01:40:00,11.613
2016-03-29 01:50:00,11.589
2016-03-29 02:00:00,11.321
2016-03-29 02:10:00,11.443
2016-03-29 02:20:00,11.346
2016-03-29 02:30:00,10.883
2016-03-29 02:40:00,11.175
2016-03-29 02:50:00,11.029
2016-03-29 03:00:00,11.346
2016-03-29 03:10:00,11.005
2016-03-29 03:20:00,11.492
2016-03-29 03:30:00,11.613
2016-03-29 03:40:00,11.662
2016-03-29 03:50:00,11.613
2016-03-29 04:00:00,11.637
2016-03-29 04:10:00,11.686
2016-03-29 04:20:00,11.662
2016-03-29 04:30:00,11.71
2016-03-29 04:40:00,11.759
2016-03-29 04:50:00,11.734
2016-03-29 05:00:00,11.759
2016-03-29 05:10:00,11.759
2016-03-29 05:20:00,11.734
2016-03-29 05:30:00,11.734
2016-03-29 05:40:00,11.71
2016-03-29 05:50:00,11.71
2016-03-29 06:00:00,11.686
2016-03-29 06:10:00,11.662
2016-03-29 06:20:00,11.662
2016-03-29 06:30:00,11.662
2016-03-29 06:40:00,11.637
2016-03-29 06:50:00,11.613
2016-03-29 07:00:00,11.613
2016-03-29 07:10:00,11.613
2016-03-29 07:20:00,11.589
2016-03-29 07:30:00,11.589
2016-03-29 07:40:00,11.565
2016-03-29 07:50:00,11.565
2016-03-29 08:00:00,11.565
2016-03-29 08:10:00,11.54
2016-03-29 08:20:00,11.54
2016-03-29 08:30:00,11.54
2016-03-29 08:40:00,11.516
2016-03-29 08:50:00,11.516
2016-03-29 09:00:00,11.516
2016-03-29 09:10:00,11.492
2016-03-29 09:20:00,11.492
2016-03-29 09:30:00,11.467
2016-03-29 09:40:00,11.467
2016-03-29 09:50:00,11.467
2016-03-29 10:00:00,11.467
2016-03-29 10:10:00,11.443
2016-03-29 10:20:00,11.443
2016-03-29 10:30:00,11.443
2016-03-29 10:40:00,11.419
2016-03-29 10:50:00,11.419
2016-03-29 11:00:00,11.394
2016-03-29 11:10:00,11.37
2016-03-29 11:20:00,11.37
2016-03-29 11:30:00,11.346
2016-03-29 11:40:00,11.346
2016-03-29 11:50:00,11.297
2016-03-29 12:00:00,11.248
2016-03-29 12:10:00,11.127
2016-03-29 12:20:00,11.005
2016-03-29 12:30:00,11.029
2016-03-29 12:40:00,10.81
2016-03-29 12:50:00,10.149
2016-03-29 13:00:00,10.026
2016-03-29 13:10:00,9.336
2016-03-29 13:20:00,9.064
2016-03-29 13:30:00,8.618
2016-03-29 13:40:00,8.369
2016-03-29 13:50:00,8.07
2016-03-29 14:00:00,8.22
2016-03-29 14:10:00,7.97
2016-03-29 14:20:00,7.895
2016-03-29 14:30:00,7.87
2016-03-29 14:40:00,8.27
2016-03-29 14:50:00,8.941
2016-03-29 15:00:00,9.608
2016-03-29 15:10:00,10.124
2016-03-29 15:20:00,10.565
2016-03-29 15:30:00,11.102
2016-03-29 15:40:00,11.904
2016-03-29 15:50:00,12.968
2016-03-29 16:00:00,13.137
2016-03-29 16:10:00,13.666
2016-03-29 16:20:00,14.026
2016-03-29 16:30:00,14.194
2016-03-29 16:40:00,15.079
2016-03-29 16:50:00,15.7
2016-03-29 17:00:00,16.844
2016-03-29 17:10:00,19.746
2016-03-29 17:20:00,21.557
2016-03-29 17:30:00,22.896
2016-03-29 17:40:00,23.448
2016-03-29 17:50:00,23.93
2016-03-29 18:00:00,23.665
2016-03-29 18:10:00,23.448
2016-03-29 18:20:00,23.569
2016-03-29 18:30:00,23.978
2016-03-29 18:40:00,22.657
2016-03-29 18:50:00,22.633
2016-03-29 19:00:00,21.318
2016-03-29 19:10:00,20.746
2016-03-29 19:20:00,18.271
2016-03-29 19:30:00,16.63
2016-03-29 19:40:00,15.819
2016-03-29 19:50:00,17.058
2016-03-29 20:00:00,16.32
2016-03-29 20:10:00,14.936
2016-03-29 20:20:00,14.409
2016-03-29 20:30:00,14.026
2016-03-29 20:40:00,13.257
2016-03-29 20:50:00,13.666
2016-03-29 21:00:00,13.209
2016-03-29 21:10:00,12.944
2016-03-29 21:20:00,12.871
2016-03-29 21:30:00,12.703
2016-03-29 21:40:00,12.799
2016-03-29 21:50:00,12.727
2016-03-29 22:00:00,12.751
2016-03-29 22:10:00,12.751
2016-03-29 22:20:00,12.63
2016-03-29 22:30:00,12.63
2016-03-29 22:40:00,12.558
2016-03-29 22:50:00,12.558
2016-03-29 23:00:00,12.606
2016-03-29 23:10:00,12.582
2016-03-29 23:20:00,12.437
2016-03-29 23:30:00,12.509
2016-03-29 23:40:00,12.485
2016-03-29 23:50:00,12.485
2016-03-30 00:00:00,12.461
2016-03-30 00:10:00,12.461
2016-03-30 00:20:00,12.389
2016-03-30 00:30:00,12.316
2016-03-30 00:40:00,12.292
2016-03-30 00:50:00,12.316
2016-03-30 01:00:00,12.292
2016-03-30 01:10:00,12.171
2016-03-30 01:20:00,12.074
2016-03-30 01:30:00,12.05
2016-03-30 01:40:00,12.001
2016-03-30 01:50:00,11.929
2016-03-30 02:00:00,11.88
2016-03-30 02:10:00,11.759
2016-03-30 02:20:00,11.759
2016-03-30 02:30:00,11.686
2016-03-30 02:40:00,11.662
2016-03-30 02:50:00,11.662
2016-03-30 03:00:00,11.613
2016-03-30 03:10:00,11.662
2016-03-30 03:20:00,11.565
2016-03-30 03:30:00,11.71
2016-03-30 03:40:00,11.759
2016-03-30 03:50:00,11.637
2016-03-30 04:00:00,11.54
2016-03-30 04:10:00,11.686
2016-03-30 04:20:00,11.734
2016-03-30 04:30:00,11.759
2016-03-30 04:40:00,11.613
2016-03-30 04:50:00,11.734
2016-03-30 05:00:00,11.734
2016-03-30 05:10:00,11.759
2016-03-30 05:20:00,11.807
2016-03-30 05:30:00,11.807
2016-03-30 05:40:00,11.807
2016-03-30 05:50:00,11.832
2016-03-30 06:00:00,11.832
2016-03-30 06:10:00,11.832
2016-03-30 06:20:00,11.807
2016-03-30 06:30:00,11.807
2016-03-30 06:40:00,11.807
2016-03-30 06:50:00,11.783
2016-03-30 07:00:00,11.783
2016-03-30 07:10:00,11.759
2016-03-30 07:20:00,11.759
2016-03-30 07:30:00,11.734
2016-03-30 07:40:00,11.71
2016-03-30 07:50:00,11.71
2016-03-30 08:00:00,11.71
2016-03-30 08:10:00,11.686
2016-03-30 08:20:00,11.662
2016-03-30 08:30:00,11.637
2016-03-30 08:40:00,11.613
2016-03-30 08:50:00,11.589
2016-03-30 09:00:00,11.565
2016-03-30 09:10:00,11.565
2016-03-30 09:20:00,11.565
2016-03-30 09:30:00,11.54
2016-03-30 09:40:00,11.54
2016-03-30 09:50:00,11.54
2016-03-30 10:00:00,11.516
2016-03-30 10:10:00,11.516
2016-03-30 10:20:00,11.516
2016-03-30 10:30:00,11.492
2016-03-30 10:40:00,11.492
2016-03-30 10:50:00,11.492
2016-03-30 11:00:00,11.467
2016-03-30 11:10:00,11.443
2016-03-30 11:20:00,11.443
2016-03-30 11:30:00,11.419
2016-03-30 11:40:00,11.394
2016-03-30 11:50:00,11.37
2016-03-30 12:00:00,11.37
2016-03-30 12:10:00,11.37
2016-03-30 12:20:00,11.346
2016-03-30 12:30:00,11.321
2016-03-30 12:40:00,11.273
2016-03-30 12:50:00,11.2
2016-03-30 13:00:00,11.151
2016-03-30 13:10:00,10.687
2016-03-30 13:20:00,10.883
2016-03-30 13:30:00,10.492
2016-03-30 13:40:00,9.731
2016-03-30 13:50:00,9.706
2016-03-30 14:00:00,9.213
2016-03-30 14:10:00,8.767
2016-03-30 14:20:00,8.593
2016-03-30 14:30:00,8.693
2016-03-30 14:40:00,8.295
2016-03-30 14:50:00,8.469
2016-03-30 15:00:00,9.213
2016-03-30 15:10:00,10.198
2016-03-30 15:20:00,11.029
2016-03-30 15:30:00,12.05
2016-03-30 15:40:00,12.896
2016-03-30 15:50:00,13.978
2016-03-30 16:00:00,14.745
2016-03-30 16:10:00,15.652
2016-03-30 16:20:00,16.106
2016-03-30 16:30:00,17.058
2016-03-30 16:40:00,18.081
2016-03-30 16:50:00,19.127
2016-03-30 17:00:00,20.603
2016-03-30 17:10:00,21.843
2016-03-30 17:20:00,22.657
2016-03-30 17:30:00,23.04
2016-03-30 17:40:00,23.304
2016-03-30 17:50:00,23.545
2016-03-30 18:00:00,23.978
2016-03-30 18:10:00,24.412
2016-03-30 18:20:00,24.871
2016-03-30 18:30:00,25.162
2016-03-30 18:40:00,25.525
2016-03-30 18:50:00,25.768
2016-03-30 19:00:00,26.036
2016-03-30 19:10:00,26.402
2016-03-30 19:20:00,26.524
2016-03-30 19:30:00,26.842
2016-03-30 19:40:00,27.136
2016-03-30 19:50:00,27.456
2016-03-30 20:00:00,27.727
2016-03-30 20:10:00,27.161
2016-03-30 20:20:00,25.525
2016-03-30 20:30:00,24.75
2016-03-30 20:40:00,23.545
2016-03-30 20:50:00,23.04
2016-03-30 21:00:00,21.843
2016-03-30 21:10:00,21.533
2016-03-30 21:20:00,21.199
2016-03-30 21:30:00,19.555
2016-03-30 21:40:00,18.842
2016-03-30 21:50:00,17.368
2016-03-30 22:00:00,17.177
2016-03-30 22:10:00,16.439
2016-03-30 22:20:00,15.652
2016-03-30 22:30:00,15.103
2016-03-30 22:40:00,14.05
2016-03-30 22:50:00,13.81
2016-03-30 23:00:00,14.026
2016-03-30 23:10:00,13.305
2016-03-30 23:20:00,13.161
2016-03-30 23:30:00,13.233
2016-03-30 23:40:00,13.401
2016-03-30 23:50:00,13.064
2016-03-31 00:00:00,13.088
2016-03-31 00:10:00,12.968
2016-03-31 00:20:00,12.847
2016-03-31 00:30:00,12.775
2016-03-31 00:40:00,12.847
2016-03-31 00:50:00,12.727
2016-03-31 01:00:00,12.703
2016-03-31 01:10:00,12.678
2016-03-31 01:20:00,12.63
2016-03-31 01:30:00,12.582
2016-03-31 01:40:00,12.534
2016-03-31 01:50:00,12.485
2016-03-31 02:00:00,12.461
2016-03-31 02:10:00,12.389
2016-03-31 02:20:00,12.268
2016-03-31 02:30:00,12.292
2016-03-31 02:40:00,12.219
2016-03-31 02:50:00,12.171
2016-03-31 03:00:00,11.977
2016-03-31 03:10:00,12.122
2016-03-31 03:20:00,11.953
2016-03-31 03:30:00,12.074
2016-03-31 03:40:00,12.001
2016-03-31 03:50:00,11.953
2016-03-31 04:00:00,11.807
2016-03-31 04:10:00,11.613
2016-03-31 04:20:00,11.492
2016-03-31 04:30:00,11.71
2016-03-31 04:40:00,11.613
2016-03-31 04:50:00,11.613
2016-03-31 05:00:00,11.589
2016-03-31 05:10:00,11.637
2016-03-31 05:20:00,11.516
2016-03-31 05:30:00,11.613
2016-03-31 05:40:00,11.589
2016-03-31 05:50:00,11.637
2016-03-31 06:00:00,11.54
2016-03-31 06:10:00,11.637
2016-03-31 06:20:00,11.686
2016-03-31 06:30:00,11.516
2016-03-31 06:40:00,11.637
2016-03-31 06:50:00,11.662
2016-03-31 07:00:00,11.637
2016-03-31 07:10:00,11.613
2016-03-31 07:20:00,11.662
2016-03-31 07:30:00,11.662
2016-03-31 07:40:00,11.565
2016-03-31 07:50:00,11.613
2016-03-31 08:00:00,11.613
2016-03-31 08:10:00,11.613
2016-03-31 08:20:00,11.613
2016-03-31 08:30:00,11.589
2016-03-31 08:40:00,11.589
2016-03-31 08:50:00,11.589
2016-03-31 09:00:00,11.565
2016-03-31 09:10:00,11.54
2016-03-31 09:20:00,11.54
2016-03-31 09:30:00,11.516
2016-03-31 09:40:00,11.516
2016-03-31 09:50:00,11.492
2016-03-31 10:00:00,11.492
2016-03-31 10:10:00,11.467
2016-03-31 10:20:00,11.467
2016-03-31 10:30:00,11.467
2016-03-31 10:40:00,11.467
2016-03-31 10:50:00,11.467
2016-03-31 11:00:00,11.467
2016-03-31 11:10:00,11.467
2016-03-31 11:20:00,11.467
2016-03-31 11:30:00,11.467
2016-03-31 11:40:00,11.443
2016-03-31 11:50:00,11.443
2016-03-31 12:00:00,11.419
2016-03-31 12:10:00,11.394
2016-03-31 12:20:00,11.394
2016-03-31 12:30:00,11.37
2016-03-31 12:40:00,11.37
2016-03-31 12:50:00,11.297
2016-03-31 13:00:00,11.273
2016-03-31 13:10:00,11.273
2016-03-31 13:20:00,11.224
2016-03-31 13:30:00,11.053
2016-03-31 13:40:00,11.078
2016-03-31 13:50:00,10.32
2016-03-31 14:00:00,10.541
2016-03-31 14:10:00,10.492
2016-03-31 14:20:00,10.124
2016-03-31 14:30:00,10.026
2016-03-31 14:40:00,10.443
2016-03-31 14:50:00,10.565
2016-03-31 15:00:00,11.346
2016-03-31 15:10:00,12.122
2016-03-31 15:20:00,12.968
2016-03-31 15:30:00,14.098
2016-03-31 15:40:00,15.103
2016-03-31 15:50:00,16.058
2016-03-31 16:00:00,16.558
2016-03-31 16:10:00,16.654
2016-03-31 16:20:00,17.082
2016-03-31 16:30:00,17.653
2016-03-31 16:40:00,18.818
2016-03-31 16:50:00,20.65
2016-03-31 17:00:00,22.25
2016-03-31 17:10:00,23.448
2016-03-31 17:20:00,24.219
2016-03-31 17:30:00,24.532
2016-03-31 17:40:00,24.412
2016-03-31 17:50:00,24.75
2016-03-31 18:00:00,25.113
2016-03-31 18:10:00,24.968
2016-03-31 18:20:00,24.75
2016-03-31 18:30:00,24.605
2016-03-31 18:40:00,24.871
2016-03-31 18:50:00,25.38
2016-03-31 19:00:00,26.036
2016-03-31 19:10:00,26.451
2016-03-31 19:20:00,26.573
2016-03-31 19:30:00,26.916
2016-03-31 19:40:00,27.677
2016-03-31 19:50:00,28.493
2016-03-31 20:00:00,28.692
2016-03-31 20:10:00,28.468
2016-03-31 20:20:00,27.677
2016-03-31 20:30:00,27.112
2016-03-31 20:40:00,26.451
2016-03-31 20:50:00,26.182
2016-03-31 21:00:00,26.207
2016-03-31 21:10:00,26.28
2016-03-31 21:20:00,26.329
2016-03-31 21:30:00,26.256
2016-03-31 21:40:00,26.012
2016-03-31 21:50:00,25.016
2016-03-31 22:00:00,25.065
2016-03-31 22:10:00,25.089
2016-03-31 22:20:00,23.569
2016-03-31 22:30:00,21.819
2016-03-31 22:40:00,21.008
2016-03-31 22:50:00,19.722
2016-03-31 23:00:00,18.913
2016-03-31 23:10:00,17.677
2016-03-31 23:20:00,17.106
2016-03-31 23:30:00,15.939
2016-03-31 23:40:00,14.936
2016-03-31 23:50:00,14.553
2016-04-01 00:00:00,14.84
2016-04-01 00:10:00,14.577
2016-04-01 00:20:00,13.978
2016-04-01 00:30:00,13.786
2016-04-01 00:40:00,13.594
2016-04-01 00:50:00,13.353
2016-04-01 01:00:00,13.185
2016-04-01 01:10:00,13.112
2016-04-01 01:20:00,12.944
2016-04-01 01:30:00,12.896
2016-04-01 01:40:00,12.847
2016-04-01 01:50:00,12.799
2016-04-01 02:00:00,12.799
2016-04-01 02:10:00,12.775
2016-04-01 02:20:00,12.751
2016-04-01 02:30:00,12.727
2016-04-01 02:40:00,12.727
2016-04-01 02:50:00,12.727
2016-04-01 03:00:00,12.727
2016-04-01 03:10:00,12.727
2016-04-01 03:20:00,12.703
2016-04-01 03:30:00,12.678
2016-04-01 03:40:00,12.678
2016-04-01 03:50:00,12.654
2016-04-01 04:00:00,12.582
2016-04-01 04:10:00,12.654
2016-04-01 04:20:00,12.654
2016-04-01 04:30:00,12.606
2016-04-01 04:40:00,12.558
2016-04-01 04:50:00,12.534
2016-04-01 05:00:00,12.461
2016-04-01 05:10:00,12.509
2016-04-01 05:20:00,12.389
2016-04-01 05:30:00,12.413
2016-04-01 05:40:00,12.364
2016-04-01 05:50:00,12.243
2016-04-01 06:00:00,12.219
2016-04-01 06:10:00,12.147
2016-04-01 06:20:00,11.832
2016-04-01 06:30:00,11.637
2016-04-01 06:40:00,11.686
2016-04-01 06:50:00,11.759
2016-04-01 07:00:00,11.929
2016-04-01 07:10:00,12.001
2016-04-01 07:20:00,12.025
2016-04-01 07:30:00,11.734
2016-04-01 07:40:00,11.832
2016-04-01 07:50:00,11.929
2016-04-01 08:00:00,11.977
2016-04-01 08:10:00,11.953
2016-04-01 08:20:00,11.953
2016-04-01 08:30:00,11.904
2016-04-01 08:40:00,11.856
2016-04-01 08:50:00,11.856
2016-04-01 09:00:00,11.832
2016-04-01 09:10:00,11.832
2016-04-01 09:20:00,11.783
2016-04-01 09:30:00,11.734
2016-04-01 09:40:00,11.71
2016-04-01 09:50:00,11.686
2016-04-01 10:00:00,11.662
2016-04-01 10:10:00,11.637
2016-04-01 10:20:00,11.589
2016-04-01 10:30:00,11.565
2016-04-01 10:40:00,11.516
2016-04-01 10:50:00,11.492
2016-04-01 11:00:00,11.492
2016-04-01 11:10:00,11.467
2016-04-01 11:20:00,11.443
2016-04-01 11:30:00,11.394
2016-04-01 11:40:00,11.37
2016-04-01 11:50:00,11.37
2016-04-01 12:00:00,11.346
2016-04-01 12:10:00,11.346
2016-04-01 12:20:00,11.321
2016-04-01 12:30:00,11.273
2016-04-01 12:40:00,11.273
2016-04-01 12:50:00,11.273
2016-04-01 13:00:00,11.248
2016-04-01 13:10:00,11.224
2016-04-01 13:20:00,11.224
2016-04-01 13:30:00,11.224
2016-04-01 13:40:00,11.2
2016-04-01 13:50:00,11.2
2016-04-01 14:00:00,11.2
2016-04-01 14:10:00,11.2
2016-04-01 14:20:00,11.224
2016-04-01 14:30:00,11.224
2016-04-01 14:40:00,11.248
2016-04-01 14:50:00,11.248
2016-04-01 15:00:00,11.297
2016-04-01 15:10:00,11.346
2016-04-01 15:20:00,11.54
2016-04-01 15:30:00,11.589
2016-04-01 15:40:00,12.05
2016-04-01 15:50:00,12.461
2016-04-01 16:00:00,13.762
2016-04-01 16:10:00,14.218
2016-04-01 16:20:00,15.103
2016-04-01 16:30:00,16.034
2016-04-01 16:40:00,17.058
2016-04-01 16:50:00,18.01
2016-04-01 17:00:00,19.246
2016-04-01 17:10:00,20.531
2016-04-01 17:20:00,21.175
2016-04-01 17:30:00,21.7
2016-04-01 17:40:00,22.178
2016-04-01 17:50:00,22.681
2016-04-01 18:00:00,22.872
2016-04-01 18:10:00,23.112
2016-04-01 18:20:00,23.472
2016-04-01 18:30:00,23.785
2016-04-01 18:40:00,23.737
2016-04-01 18:50:00,24.098
2016-04-01 19:00:00,24.508
2016-04-01 19:10:00,24.968
2016-04-01 19:20:00,25.307
2016-04-01 19:30:00,25.501
2016-04-01 19:40:00,25.793
2016-04-01 19:50:00,26.085
2016-04-01 20:00:00,26.378
2016-04-01 20:10:00,26.598
2016-04-01 20:20:00,26.842
2016-04-01 20:30:00,26.818
2016-04-01 20:40:00,27.112
2016-04-01 20:50:00,27.382
2016-04-01 21:00:00,27.579
2016-04-01 21:10:00,27.801
2016-04-01 21:20:00,27.751
2016-04-01 21:30:00,27.949
2016-04-01 21:40:00,28.245
2016-04-01 21:50:00,28.543
2016-04-01 22:00:00,28.891
2016-04-01 22:10:00,29.09
2016-04-01 22:20:00,27.579
2016-04-01 22:30:00,26.818
2016-04-01 22:40:00,25.987
2016-04-01 22:50:00,23.857
2016-04-01 23:00:00,22.561
2016-04-01 23:10:00,22.106
2016-04-01 23:20:00,19.912
2016-04-01 23:30:00,18.509
2016-04-01 23:40:00,16.773
2016-04-01 23:50:00,14.385
2016-04-02 00:00:00,14.098
2016-04-02 00:10:00,14.026
2016-04-02 00:20:00,13.209
2016-04-02 00:30:00,12.703
2016-04-02 00:40:00,12.558
2016-04-02 00:50:00,12.413
2016-04-02 01:00:00,12.292
2016-04-02 01:10:00,12.219
2016-04-02 01:20:00,12.195
2016-04-02 01:30:00,12.147
2016-04-02 01:40:00,12.098
2016-04-02 01:50:00,12.05
2016-04-02 02:00:00,12.025
2016-04-02 02:10:00,11.977
2016-04-02 02:20:00,11.904
2016-04-02 02:30:00,11.904
2016-04-02 02:40:00,11.88
2016-04-02 02:50:00,11.856
2016-04-02 03:00:00,11.856
2016-04-02 03:10:00,11.832
2016-04-02 03:20:00,11.807
2016-04-02 03:30:00,11.783
2016-04-02 03:40:00,11.759
2016-04-02 03:50:00,11.734
2016-04-02 04:00:00,11.71
2016-04-02 04:10:00,11.686
2016-04-02 04:20:00,11.662
2016-04-02 04:30:00,11.637
2016-04-02 04:40:00,11.613
2016-04-02 04:50:00,11.613
2016-04-02 05:00:00,11.589
2016-04-02 05:10:00,11.589
2016-04-02 05:20:00,11.589
2016-04-02 05:30:00,11.565
2016-04-02 05:40:00,11.54
2016-04-02 05:50:00,11.467
2016-04-02 06:00:00,11.516
2016-04-02 06:10:00,11.37
2016-04-02 06:20:00,11.346
2016-04-02 06:30:00,11.346
2016-04-02 06:40:00,11.467
2016-04-02 06:50:00,11.175
2016-04-02 07:00:00,10.956
2016-04-02 07:10:00,10.638
2016-04-02 07:20:00,10.687
2016-04-02 07:30:00,10.736
2016-04-02 07:40:00,11.151
2016-04-02 07:50:00,11.053
2016-04-02 08:00:00,10.883
2016-04-02 08:10:00,11.053
2016-04-02 08:20:00,11.078
2016-04-02 08:30:00,11.346
2016-04-02 08:40:00,11.37
2016-04-02 08:50:00,11.394
2016-04-02 09:00:00,11.37
2016-04-02 09:10:00,11.394
2016-04-02 09:20:00,11.467
2016-04-02 09:30:00,11.492
2016-04-02 09:40:00,11.516
2016-04-02 09:50:00,11.516
2016-04-02 10:00:00,11.516
2016-04-02 10:10:00,11.54
2016-04-02 10:20:00,11.54
2016-04-02 10:30:00,11.54
2016-04-02 10:40:00,11.54
2016-04-02 10:50:00,11.54
2016-04-02 11:00:00,11.54
2016-04-02 11:10:00,11.54
2016-04-02 11:20:00,11.54
2016-04-02 11:30:00,11.54
2016-04-02 11:40:00,11.54
2016-04-02 11:50:00,11.54
2016-04-02 12:00:00,11.54
2016-04-02 12:10:00,11.54
2016-04-02 12:20:00,11.54
2016-04-02 12:30:00,11.54
2016-04-02 12:40:00,11.54
2016-04-02 12:50:00,11.54
2016-04-02 13:00:00,11.54
2016-04-02 13:10:00,11.565
2016-04-02 13:20:00,11.565
2016-04-02 13:30:00,11.54
2016-04-02 13:40:00,11.54
2016-04-02 13:50:00,11.54
2016-04-02 14:00:00,11.565
2016-04-02 14:10:00,11.565
2016-04-02 14:20:00,11.565
2016-04-02 14:30:00,11.565
2016-04-02 14:40:00,11.565
2016-04-02 14:50:00,11.565
2016-04-02 15:00:00,11.589
2016-04-02 15:10:00,11.589
2016-04-02 15:20:00,11.613
2016-04-02 15:30:00,11.613
2016-04-02 15:40:00,11.637
2016-04-02 15:50:00,11.662
2016-04-02 16:00:00,11.686
2016-04-02 16:10:00,11.783
2016-04-02 16:20:00,11.929
2016-04-02 16:30:00,12.122
2016-04-02 16:40:00,12.147
2016-04-02 16:50:00,12.461
2016-04-02 17:00:00,13.161
2016-04-02 17:10:00,13.786
2016-04-02 17:20:00,14.29
2016-04-02 17:30:00,15.485
2016-04-02 17:40:00,17.51
2016-04-02 17:50:00,19.46
2016-04-02 18:00:00,21.056
2016-04-02 18:10:00,22.034
2016-04-02 18:20:00,23.424
2016-04-02 18:30:00,23.954
2016-04-02 18:40:00,24.532
2016-04-02 18:50:00,24.871
2016-04-02 19:00:00,24.919
2016-04-02 19:10:00,24.871
2016-04-02 19:20:00,24.871
2016-04-02 19:30:00,25.477
2016-04-02 19:40:00,25.987
2016-04-02 19:50:00,26.231
2016-04-02 20:00:00,26.769
2016-04-02 20:10:00,27.136
2016-04-02 20:20:00,27.136
2016-04-02 20:30:00,27.801
2016-04-02 20:40:00,27.949
2016-04-02 20:50:00,28.023
2016-04-02 21:00:00,27.727
2016-04-02 21:10:00,27.456
2016-04-02 21:20:00,27.702
2016-04-02 21:30:00,28.593
2016-04-02 21:40:00,29.115
2016-04-02 21:50:00,29.365
2016-04-02 22:00:00,29.69
2016-04-02 22:10:00,29.64
2016-04-02 22:20:00,29.34
2016-04-02 22:30:00,29.215
2016-04-02 22:40:00,29.19
2016-04-02 22:50:00,28.543
2016-04-02 23:00:00,27.038
2016-04-02 23:10:00,25.623
2016-04-02 23:20:00,23.857
2016-04-02 23:30:00,21.628
2016-04-02 23:40:00,19.984
2016-04-02 23:50:00,19.246
2016-04-03 00:00:00,17.772
2016-04-03 00:10:00,15.891
2016-04-03 00:20:00,15.008
2016-04-03 00:30:00,14.481
2016-04-03 00:40:00,13.642
2016-04-03 00:50:00,13.497
2016-04-03 01:00:00,12.944
2016-04-03 01:10:00,12.703
2016-04-03 01:20:00,12.606
2016-04-03 01:30:00,12.534
2016-04-03 01:40:00,12.485
2016-04-03 01:50:00,12.437
2016-04-03 02:00:00,12.413
2016-04-03 02:10:00,12.389
2016-04-03 02:20:00,12.364
2016-04-03 02:30:00,12.34
2016-04-03 02:40:00,12.34
2016-04-03 02:50:00,12.316
2016-04-03 03:00:00,12.292
2016-04-03 03:10:00,12.292
2016-04-03 03:20:00,12.268
2016-04-03 03:30:00,12.268
2016-04-03 03:40:00,12.268
2016-04-03 03:50:00,12.243
2016-04-03 04:00:00,12.243
2016-04-03 04:10:00,12.219
2016-04-03 04:20:00,12.219
2016-04-03 04:30:00,12.219
2016-04-03 04:40:00,12.195
2016-04-03 04:50:00,12.195
2016-04-03 05:00:00,12.171
2016-04-03 05:10:00,12.171
2016-04-03 05:20:00,12.171
2016-04-03 05:30:00,12.147
2016-04-03 05:40:00,12.147
2016-04-03 05:50:00,12.098
2016-04-03 06:00:00,12.05
2016-04-03 06:10:00,12.05
2016-04-03 06:20:00,11.977
2016-04-03 06:30:00,12.001
2016-04-03 06:40:00,12.001
2016-04-03 06:50:00,11.929
2016-04-03 07:00:00,11.953
2016-04-03 07:10:00,11.953
2016-04-03 07:20:00,11.929
2016-04-03 07:30:00,11.856
2016-04-03 07:40:00,11.807
2016-04-03 07:50:00,11.759
2016-04-03 08:00:00,11.734
2016-04-03 08:10:00,11.686
2016-04-03 08:20:00,11.613
2016-04-03 08:30:00,11.637
2016-04-03 08:40:00,11.662
2016-04-03 08:50:00,11.686
2016-04-03 09:00:00,11.686
2016-04-03 09:10:00,11.686
2016-04-03 09:20:00,11.637
2016-04-03 09:30:00,11.637
2016-04-03 09:40:00,11.662
2016-04-03 09:50:00,11.613
2016-04-03 10:00:00,11.613
2016-04-03 10:10:00,11.589
2016-04-03 10:20:00,11.662
2016-04-03 10:30:00,11.71
2016-04-03 10:40:00,11.734
2016-04-03 10:50:00,11.807
2016-04-03 11:00:00,11.807
2016-04-03 11:10:00,11.783
2016-04-03 11:20:00,11.759
2016-04-03 11:30:00,11.759
2016-04-03 11:40:00,11.759
2016-04-03 11:50:00,11.759
2016-04-03 12:00:00,11.734
2016-04-03 12:10:00,11.734
2016-04-03 12:20:00,11.734
2016-04-03 12:30:00,11.686
2016-04-03 12:40:00,11.686
2016-04-03 12:50:00,11.662
2016-04-03 13:00:00,11.637
2016-04-03 13:10:00,11.637
2016-04-03 13:20:00,11.637
2016-04-03 13:30:00,11.613
2016-04-03 13:40:00,11.613
2016-04-03 13:50:00,11.565
2016-04-03 14:00:00,11.565
2016-04-03 14:10:00,11.565
2016-04-03 14:20:00,11.54
2016-04-03 14:30:00,11.54
2016-04-03 14:40:00,11.54
2016-04-03 14:50:00,11.516
2016-04-03 15:00:00,11.516
2016-04-03 15:10:00,11.54
2016-04-03 15:20:00,11.54
2016-04-03 15:30:00,11.516
2016-04-03 15:40:00,11.54
2016-04-03 15:50:00,11.565
2016-04-03 16:00:00,11.565
2016-04-03 16:10:00,11.589
2016-04-03 16:20:00,11.565
2016-04-03 16:30:00,11.565
2016-04-03 16:40:00,11.589
2016-04-03 16:50:00,11.613
2016-04-03 17:00:00,11.662
2016-04-03 17:10:00,11.759
2016-04-03 17:20:00,11.88
2016-04-03 17:30:00,12.001
2016-04-03 17:40:00,12.316
2016-04-03 17:50:00,12.823
2016-04-03 18:00:00,13.497
2016-04-03 18:10:00,13.834
2016-04-03 18:20:00,14.385
2016-04-03 18:30:00,14.936
2016-04-03 18:40:00,15.342
2016-04-03 18:50:00,15.819
2016-04-03 19:00:00,16.534
2016-04-03 19:10:00,17.272
2016-04-03 19:20:00,18.438
2016-04-03 19:30:00,19.199
2016-04-03 19:40:00,21.127
2016-04-03 19:50:00,22.298
2016-04-03 20:00:00,22.848
2016-04-03 20:10:00,21.39
2016-04-03 20:20:00,21.843
2016-04-03 20:30:00,22.489
2016-04-03 20:40:00,22.944
2016-04-03 20:50:00,22.417
2016-04-03 21:00:00,20.531
2016-04-03 21:10:00,19.555
2016-04-03 21:20:00,20.293
2016-04-03 21:30:00,21.223
2016-04-03 21:40:00,21.843
2016-04-03 21:50:00,22.058
2016-04-03 22:00:00,22.393
2016-04-03 22:10:00,22.489
2016-04-03 22:20:00,21.533
2016-04-03 22:30:00,20.698
2016-04-03 22:40:00,20.341
2016-04-03 22:50:00,20.269
2016-04-03 23:00:00,20.269
2016-04-03 23:10:00,19.793
2016-04-03 23:20:00,19.246
2016-04-03 23:30:00,18.723
2016-04-03 23:40:00,17.891
2016-04-03 23:50:00,17.034
2016-04-04 00:00:00,16.201
2016-04-04 00:10:00,15.39
2016-04-04 00:20:00,14.768
2016-04-04 00:30:00,14.218
2016-04-04 00:40:00,13.618
2016-04-04 00:50:00,13.401
2016-04-04 01:00:00,13.04
2016-04-04 01:10:00,12.485
2016-04-04 01:20:00,12.243
2016-04-04 01:30:00,12.122
2016-04-04 01:40:00,12.025
2016-04-04 01:50:00,11.953
2016-04-04 02:00:00,11.929
2016-04-04 02:10:00,11.88
2016-04-04 02:20:00,11.856
2016-04-04 02:30:00,11.832
2016-04-04 02:40:00,11.807
2016-04-04 02:50:00,11.783
2016-04-04 03:00:00,11.783
2016-04-04 03:10:00,11.734
2016-04-04 03:20:00,11.734
2016-04-04 03:30:00,11.71
2016-04-04 03:40:00,11.71
2016-04-04 03:50:00,11.71
2016-04-04 04:00:00,11.71
2016-04-04 04:10:00,11.686
2016-04-04 04:20:00,11.686
2016-04-04 04:30:00,11.686
2016-04-04 04:40:00,11.686
2016-04-04 04:50:00,11.662
2016-04-04 05:00:00,11.662
2016-04-04 05:10:00,11.662
2016-04-04 05:20:00,11.662
2016-04-04 05:30:00,11.637
2016-04-04 05:40:00,11.637
2016-04-04 05:50:00,11.613
2016-04-04 06:00:00,11.589
2016-04-04 06:10:00,11.565
2016-04-04 06:20:00,11.565
2016-04-04 06:30:00,11.492
2016-04-04 06:40:00,11.419
2016-04-04 06:50:00,11.419
2016-04-04 07:00:00,11.419
2016-04-04 07:10:00,11.37
2016-04-04 07:20:00,11.297
2016-04-04 07:30:00,11.224
2016-04-04 07:40:00,11.127
2016-04-04 07:50:00,11.127
2016-04-04 08:00:00,11.102
2016-04-04 08:10:00,11.078
2016-04-04 08:20:00,11.102
2016-04-04 08:30:00,11.127
2016-04-04 08:40:00,11.175
2016-04-04 08:50:00,11.175
2016-04-04 09:00:00,11.175
2016-04-04 09:10:00,11.127
2016-04-04 09:20:00,11.102
2016-04-04 09:30:00,11.102
2016-04-04 09:40:00,11.127
2016-04-04 09:50:00,11.127
2016-04-04 10:00:00,11.127
2016-04-04 10:10:00,11.127
2016-04-04 10:20:00,11.127
2016-04-04 10:30:00,11.127
2016-04-04 10:40:00,11.127
2016-04-04 10:50:00,11.102
2016-04-04 11:00:00,11.053
2016-04-04 11:10:00,11.053
2016-04-04 11:20:00,11.005
2016-04-04 11:30:00,10.98
2016-04-04 11:40:00,10.956
2016-04-04 11:50:00,10.956
2016-04-04 12:00:00,11.151
2016-04-04 12:10:00,11.175
2016-04-04 12:20:00,11.2
2016-04-04 12:30:00,11.2
2016-04-04 12:40:00,11.2
2016-04-04 12:50:00,11.2
2016-04-04 13:00:00,11.2
2016-04-04 13:10:00,11.2
2016-04-04 13:20:00,11.2
2016-04-04 13:30:00,11.2
2016-04-04 13:40:00,11.2
2016-04-04 13:50:00,11.2
2016-04-04 14:00:00,11.2
2016-04-04 14:10:00,11.224
2016-04-04 14:20:00,11.224
2016-04-04 14:30:00,11.224
2016-04-04 14:40:00,11.248
2016-04-04 14:50:00,11.297
2016-04-04 15:00:00,11.273
2016-04-04 15:10:00,11.273
2016-04-04 15:20:00,11.346
2016-04-04 15:30:00,11.394
2016-04-04 15:40:00,11.492
2016-04-04 15:50:00,11.516
2016-04-04 16:00:00,11.565
2016-04-04 16:10:00,11.686
2016-04-04 16:20:00,11.759
2016-04-04 16:30:00,11.856
2016-04-04 16:40:00,12.025
2016-04-04 16:50:00,12.074
2016-04-04 17:00:00,12.025
2016-04-04 17:10:00,12.195
2016-04-04 17:20:00,12.243
2016-04-04 17:30:00,12.485
2016-04-04 17:40:00,12.678
2016-04-04 17:50:00,12.799
2016-04-04 18:00:00,13.04
2016-04-04 18:10:00,15.581
2016-04-04 18:20:00,17.819
2016-04-04 18:30:00,18.271
2016-04-04 18:40:00,19.222
2016-04-04 18:50:00,20.079
2016-04-04 19:00:00,21.39
2016-04-04 19:10:00,22.537
2016-04-04 19:20:00,23.088
2016-04-04 19:30:00,23.4
2016-04-04 19:40:00,23.881
2016-04-04 19:50:00,24.195
2016-04-04 20:00:00,24.388
2016-04-04 20:10:00,24.508
2016-04-04 20:20:00,24.871
2016-04-04 20:30:00,25.234
2016-04-04 20:40:00,25.404
2016-04-04 20:50:00,25.695
2016-04-04 21:00:00,26.231
2016-04-04 21:10:00,26.573
2016-04-04 21:20:00,26.475
2016-04-04 21:30:00,26.646
2016-04-04 21:40:00,26.524
2016-04-04 21:50:00,26.158
2016-04-04 22:00:00,25.841
2016-04-04 22:10:00,25.065
2016-04-04 22:20:00,24.629
2016-04-04 22:30:00,24.388
2016-04-04 22:40:00,24.002
2016-04-04 22:50:00,23.713
2016-04-04 23:00:00,23.28
2016-04-04 23:10:00,22.968
2016-04-04 23:20:00,22.561
2016-04-04 23:30:00,22.154
2016-04-04 23:40:00,21.867
2016-04-04 23:50:00,21.437
2016-04-05 00:00:00,20.936
2016-04-05 00:10:00,20.507
2016-04-05 00:20:00,20.174
2016-04-05 00:30:00,19.722
2016-04-05 00:40:00,18.152
2016-04-05 00:50:00,16.439
2016-04-05 01:00:00,15.461
2016-04-05 01:10:00,14.625
2016-04-05 01:20:00,14.194
2016-04-05 01:30:00,13.666
2016-04-05 01:40:00,13.497
2016-04-05 01:50:00,13.329
2016-04-05 02:00:00,13.185
2016-04-05 02:10:00,13.088
2016-04-05 02:20:00,13.016
2016-04-05 02:30:00,12.944
2016-04-05 02:40:00,12.896
2016-04-05 02:50:00,12.871
2016-04-05 03:00:00,12.847
2016-04-05 03:10:00,12.823
2016-04-05 03:20:00,12.775
2016-04-05 03:30:00,12.727
2016-04-05 03:40:00,12.654
2016-04-05 03:50:00,12.606
2016-04-05 04:00:00,12.534
2016-04-05 04:10:00,12.389
2016-04-05 04:20:00,12.34
2016-04-05 04:30:00,12.219
2016-04-05 04:40:00,12.195
2016-04-05 04:50:00,12.147
2016-04-05 05:00:00,12.098
2016-04-05 05:10:00,12.025
2016-04-05 05:20:00,11.977
2016-04-05 05:30:00,11.929
2016-04-05 05:40:00,11.904
2016-04-05 05:50:00,11.832
2016-04-05 06:00:00,11.783
2016-04-05 06:10:00,11.759
2016-04-05 06:20:00,11.71
2016-04-05 06:30:00,11.662
2016-04-05 06:40:00,11.637
2016-04-05 06:50:00,11.589
2016-04-05 07:00:00,11.321
2016-04-05 07:10:00,10.785
2016-04-05 07:20:00,10.443
2016-04-05 07:30:00,10.32
2016-04-05 07:40:00,10.247
2016-04-05 07:50:00,10.271
2016-04-05 08:00:00,10.296
2016-04-05 08:10:00,10.296
2016-04-05 08:20:00,10.32
2016-04-05 08:30:00,10.247
2016-04-05 08:40:00,10.222
2016-04-05 08:50:00,10.149
2016-04-05 09:00:00,10.051
2016-04-05 09:10:00,10.001
2016-04-05 09:20:00,9.977
2016-04-05 09:30:00,9.879
2016-04-05 09:40:00,9.78
2016-04-05 09:50:00,9.706
2016-04-05 10:00:00,9.608
2016-04-05 10:10:00,9.558
2016-04-05 10:20:00,9.485
2016-04-05 10:30:00,9.361
2016-04-05 10:40:00,9.287
2016-04-05 10:50:00,9.163
2016-04-05 11:00:00,8.99
2016-04-05 11:10:00,8.817
2016-04-05 11:20:00,8.767
2016-04-05 11:30:00,8.891
2016-04-05 11:40:00,8.742
2016-04-05 11:50:00,8.519
2016-04-05 12:00:00,8.469
2016-04-05 12:10:00,8.195
2016-04-05 12:20:00,8.145
2016-04-05 12:30:00,8.319
2016-04-05 12:40:00,8.295
2016-04-05 12:50:00,8.668
2016-04-05 13:00:00,9.952
2016-04-05 13:10:00,10.638
2016-04-05 13:20:00,10.81
2016-04-05 13:30:00,10.932
2016-04-05 13:40:00,10.98
2016-04-05 13:50:00,11.005
2016-04-05 14:00:00,11.029
2016-04-05 14:10:00,11.053
2016-04-05 14:20:00,11.053
2016-04-05 14:30:00,11.053
2016-04-05 14:40:00,11.078
2016-04-05 14:50:00,11.102
2016-04-05 15:00:00,11.151
2016-04-05 15:10:00,11.127
2016-04-05 15:20:00,11.175
2016-04-05 15:30:00,11.2
2016-04-05 15:40:00,11.2
2016-04-05 15:50:00,11.248
2016-04-05 16:00:00,11.273
2016-04-05 16:10:00,11.37
2016-04-05 16:20:00,11.419
2016-04-05 16:30:00,11.492
2016-04-05 16:40:00,11.565
2016-04-05 16:50:00,11.516
2016-04-05 17:00:00,11.686
2016-04-05 17:10:00,11.662
2016-04-05 17:20:00,11.904
2016-04-05 17:30:00,11.977
2016-04-05 17:40:00,11.904
2016-04-05 17:50:00,12.098
2016-04-05 18:00:00,12.074
2016-04-05 18:10:00,12.243
2016-04-05 18:20:00,12.364
2016-04-05 18:30:00,12.558
2016-04-05 18:40:00,12.896
2016-04-05 18:50:00,14.984
2016-04-05 19:00:00,14.96
2016-04-05 19:10:00,18.033
2016-04-05 19:20:00,20.103
2016-04-05 19:30:00,21.079
2016-04-05 19:40:00,22.513
2016-04-05 19:50:00,24.774
2016-04-05 20:00:00,26.598
2016-04-05 20:10:00,27.505
2016-04-05 20:20:00,26.72
2016-04-05 20:30:00,25.817
2016-04-05 20:40:00,26.012
2016-04-05 20:50:00,26.036
2016-04-05 21:00:00,25.841
2016-04-05 21:10:00,25.623
2016-04-05 21:20:00,25.574
2016-04-05 21:30:00,25.428
2016-04-05 21:40:00,25.089
2016-04-05 21:50:00,24.895
2016-04-05 22:00:00,24.992
2016-04-05 22:10:00,25.258
2016-04-05 22:20:00,25.501
2016-04-05 22:30:00,25.501
2016-04-05 22:40:00,25.72
2016-04-05 22:50:00,25.671
2016-04-05 23:00:00,25.695
2016-04-05 23:10:00,25.939
2016-04-05 23:20:00,25.939
2016-04-05 23:30:00,26.134
2016-04-05 23:40:00,26.085
2016-04-05 23:50:00,25.89
2016-04-06 00:00:00,25.21
2016-04-06 00:10:00,25.162
2016-04-06 00:20:00,24.726
2016-04-06 00:30:00,24.146
2016-04-06 00:40:00,23.497
2016-04-06 00:50:00,22.848
2016-04-06 01:00:00,22.202
2016-04-06 01:10:00,19.865
2016-04-06 01:20:00,16.511
2016-04-06 01:30:00,15.055
2016-04-06 01:40:00,14.505
2016-04-06 01:50:00,13.762
2016-04-06 02:00:00,12.968
2016-04-06 02:10:00,12.63
2016-04-06 02:20:00,12.437
2016-04-06 02:30:00,12.292
2016-04-06 02:40:00,12.195
2016-04-06 02:50:00,12.098
2016-04-06 03:00:00,12.001
2016-04-06 03:10:00,11.953
2016-04-06 03:20:00,11.856
2016-04-06 03:30:00,11.759
2016-04-06 03:40:00,11.71
2016-04-06 03:50:00,11.662
2016-04-06 04:00:00,11.613
2016-04-06 04:10:00,11.589
2016-04-06 04:20:00,11.565
2016-04-06 04:30:00,11.613
2016-04-06 04:40:00,11.637
2016-04-06 04:50:00,11.662
2016-04-06 05:00:00,11.686
2016-04-06 05:10:00,11.662
2016-04-06 05:20:00,11.686
2016-04-06 05:30:00,11.662
2016-04-06 05:40:00,11.662
2016-04-06 05:50:00,11.662
2016-04-06 06:00:00,11.637
2016-04-06 06:10:00,11.613
2016-04-06 06:20:00,11.613
2016-04-06 06:30:00,11.589
2016-04-06 06:40:00,11.565
2016-04-06 06:50:00,11.565
2016-04-06 07:00:00,11.54
2016-04-06 07:10:00,11.54
2016-04-06 07:20:00,11.516
2016-04-06 07:30:00,11.492
2016-04-06 07:40:00,11.443
2016-04-06 07:50:00,11.321
2016-04-06 08:00:00,11.224
2016-04-06 08:10:00,11.224
2016-04-06 08:20:00,11.565
2016-04-06 08:30:00,11.88
2016-04-06 08:40:00,12.171
2016-04-06 08:50:00,12.001
2016-04-06 09:00:00,11.492
2016-04-06 09:10:00,11.175
2016-04-06 09:20:00,11.029
2016-04-06 09:30:00,10.858
2016-04-06 09:40:00,10.761
2016-04-06 09:50:00,10.687
2016-04-06 10:00:00,10.614
2016-04-06 10:10:00,10.541
2016-04-06 10:20:00,10.492
2016-04-06 10:30:00,10.614
2016-04-06 10:40:00,10.59
2016-04-06 10:50:00,10.541
2016-04-06 11:00:00,10.516
2016-04-06 11:10:00,10.296
2016-04-06 11:20:00,10.051
2016-04-06 11:30:00,9.952
2016-04-06 11:40:00,9.854
2016-04-06 11:50:00,9.854
2016-04-06 12:00:00,9.756
2016-04-06 12:10:00,9.608
2016-04-06 12:20:00,9.608
2016-04-06 12:30:00,9.657
2016-04-06 12:40:00,9.657
2016-04-06 12:50:00,9.558
2016-04-06 13:00:00,9.46
2016-04-06 13:10:00,9.312
2016-04-06 13:20:00,9.287
2016-04-06 13:30:00,9.534
2016-04-06 13:40:00,9.854
2016-04-06 13:50:00,10.858
2016-04-06 14:00:00,11.102
2016-04-06 14:10:00,11.248
2016-04-06 14:20:00,11.346
2016-04-06 14:30:00,11.394
2016-04-06 14:40:00,11.419
2016-04-06 14:50:00,11.443
2016-04-06 15:00:00,11.467
2016-04-06 15:10:00,11.467
2016-04-06 15:20:00,11.492
2016-04-06 15:30:00,11.54
2016-04-06 15:40:00,11.734
2016-04-06 15:50:00,11.734
2016-04-06 16:00:00,11.662
2016-04-06 16:10:00,11.759
2016-04-06 16:20:00,11.759
2016-04-06 16:30:00,11.759
2016-04-06 16:40:00,11.807
2016-04-06 16:50:00,11.953
2016-04-06 17:00:00,11.856
2016-04-06 17:10:00,11.904
2016-04-06 17:20:00,12.05
2016-04-06 17:30:00,12.074
2016-04-06 17:40:00,12.001
2016-04-06 17:50:00,12.122
2016-04-06 18:00:00,12.074
2016-04-06 18:10:00,12.292
2016-04-06 18:20:00,12.292
2016-04-06 18:30:00,12.34
2016-04-06 18:40:00,12.413
2016-04-06 18:50:00,12.413
2016-04-06 19:00:00,12.509
2016-04-06 19:10:00,12.703
2016-04-06 19:20:00,12.727
2016-04-06 19:30:00,12.896
2016-04-06 19:40:00,14.314
2016-04-06 19:50:00,16.129
2016-04-06 20:00:00,17.13
2016-04-06 20:10:00,19.436
2016-04-06 20:20:00,20.388
2016-04-06 20:30:00,21.533
2016-04-06 20:40:00,22.8
2016-04-06 20:50:00,25.307
2016-04-06 21:00:00,27.456
2016-04-06 21:10:00,28.543
2016-04-06 21:20:00,29.439
2016-04-06 21:30:00,29.916
2016-04-06 21:40:00,29.941
2016-04-06 21:50:00,29.439
2016-04-06 22:00:00,30.571
2016-04-06 22:10:00,30.925
2016-04-06 22:20:00,30.419
2016-04-06 22:30:00,27.628
2016-04-06 22:40:00,25.841
2016-04-06 22:50:00,25.04
2016-04-06 23:00:00,24.75
2016-04-06 23:10:00,25.598
2016-04-06 23:20:00,25.695
2016-04-06 23:30:00,24.532
2016-04-06 23:40:00,22.944
2016-04-06 23:50:00,22.848
2016-04-07 00:00:00,22.92
2016-04-07 00:10:00,23.184
2016-04-07 00:20:00,23.545
2016-04-07 00:30:00,23.136
2016-04-07 00:40:00,22.441
2016-04-07 00:50:00,21.963
2016-04-07 01:00:00,21.366
2016-04-07 01:10:00,20.484
2016-04-07 01:20:00,19.341
2016-04-07 01:30:00,18.01
2016-04-07 01:40:00,16.677
2016-04-07 01:50:00,15.676
2016-04-07 02:00:00,14.697
2016-04-07 02:10:00,13.978
2016-04-07 02:20:00,13.594
2016-04-07 02:30:00,13.353
2016-04-07 02:40:00,13.112
2016-04-07 02:50:00,13.016
2016-04-07 03:00:00,12.92
2016-04-07 03:10:00,12.847
2016-04-07 03:20:00,12.751
2016-04-07 03:30:00,12.703
2016-04-07 03:40:00,12.678
2016-04-07 03:50:00,12.654
2016-04-07 04:00:00,12.63
2016-04-07 04:10:00,12.654
2016-04-07 04:20:00,12.678
2016-04-07 04:30:00,12.727
2016-04-07 04:40:00,12.751
2016-04-07 04:50:00,12.775
2016-04-07 05:00:00,12.799
2016-04-07 05:10:00,12.799
2016-04-07 05:20:00,12.799
2016-04-07 05:30:00,12.799
2016-04-07 05:40:00,12.799
2016-04-07 05:50:00,12.823
2016-04-07 06:00:00,12.823
2016-04-07 06:10:00,12.799
2016-04-07 06:20:00,12.799
2016-04-07 06:30:00,12.823
2016-04-07 06:40:00,12.871
2016-04-07 06:50:00,12.896
2016-04-07 07:00:00,12.92
2016-04-07 07:10:00,12.92
2016-04-07 07:20:00,12.92
2016-04-07 07:30:00,12.896
2016-04-07 07:40:00,12.871
2016-04-07 07:50:00,12.871
2016-04-07 08:00:00,12.871
2016-04-07 08:10:00,12.727
2016-04-07 08:20:00,12.534
2016-04-07 08:30:00,12.389
2016-04-07 08:40:00,12.171
2016-04-07 08:50:00,12.025
2016-04-07 09:00:00,11.953
2016-04-07 09:10:00,11.953
2016-04-07 09:20:00,12.025
2016-04-07 09:30:00,11.953
2016-04-07 09:40:00,11.783
2016-04-07 09:50:00,11.613
2016-04-07 10:00:00,11.54
2016-04-07 10:10:00,11.565
2016-04-07 10:20:00,11.565
2016-04-07 10:30:00,11.54
2016-04-07 10:40:00,11.467
2016-04-07 10:50:00,11.346
2016-04-07 11:00:00,11.297
2016-04-07 11:10:00,11.297
2016-04-07 11:20:00,11.37
2016-04-07 11:30:00,11.37
2016-04-07 11:40:00,11.37
2016-04-07 11:50:00,11.37
2016-04-07 12:00:00,11.394
2016-04-07 12:10:00,11.443
2016-04-07 12:20:00,11.516
2016-04-07 12:30:00,11.492
2016-04-07 12:40:00,11.394
2016-04-07 12:50:00,11.297
2016-04-07 13:00:00,11.224
2016-04-07 13:10:00,11.2
2016-04-07 13:20:00,11.175
2016-04-07 13:30:00,11.224
2016-04-07 13:40:00,11.248
2016-04-07 13:50:00,11.248
2016-04-07 14:00:00,11.321
2016-04-07 14:10:00,11.467
2016-04-07 14:20:00,11.662
2016-04-07 14:30:00,11.904
2016-04-07 14:40:00,12.316
2016-04-07 14:50:00,12.871
2016-04-07 15:00:00,13.377
2016-04-07 15:10:00,13.522
2016-04-07 15:20:00,13.497
2016-04-07 15:30:00,13.497
2016-04-07 15:40:00,13.786
2016-04-07 15:50:00,13.93
2016-04-07 16:00:00,14.05
2016-04-07 16:10:00,14.05
2016-04-07 16:20:00,13.882
2016-04-07 16:30:00,14.026
2016-04-07 16:40:00,13.954
2016-04-07 16:50:00,14.026
2016-04-07 17:00:00,13.882
2016-04-07 17:10:00,14.122
2016-04-07 17:20:00,14.002
2016-04-07 17:30:00,14.074
2016-04-07 17:40:00,14.385
2016-04-07 17:50:00,14.337
2016-04-07 18:00:00,14.194
2016-04-07 18:10:00,14.314
2016-04-07 18:20:00,14.17
2016-04-07 18:30:00,14.218
2016-04-07 18:40:00,14.314
2016-04-07 18:50:00,14.194
2016-04-07 19:00:00,14.314
2016-04-07 19:10:00,14.385
2016-04-07 19:20:00,14.481
2016-04-07 19:30:00,14.457
2016-04-07 19:40:00,14.577
2016-04-07 19:50:00,14.649
2016-04-07 20:00:00,14.673
2016-04-07 20:10:00,15.151
2016-04-07 20:20:00,15.199
2016-04-07 20:30:00,16.558
2016-04-07 20:40:00,17.724
2016-04-07 20:50:00,18.961
2016-04-07 21:00:00,19.627
2016-04-07 21:10:00,20.936
2016-04-07 21:20:00,22.345
2016-04-07 21:30:00,22.92
2016-04-07 21:40:00,22.274
2016-04-07 21:50:00,21.032
2016-04-07 22:00:00,19.746
2016-04-07 22:10:00,19.032
2016-04-07 22:20:00,18.58
2016-04-07 22:30:00,18.319
2016-04-07 22:40:00,18.033
2016-04-07 22:50:00,17.439
2016-04-07 23:00:00,16.677
2016-04-07 23:10:00,16.939
2016-04-07 23:20:00,17.415
2016-04-07 23:30:00,17.582
2016-04-07 23:40:00,17.32
2016-04-07 23:50:00,16.987
2016-04-08 00:00:00,16.82
2016-04-08 00:10:00,16.558
2016-04-08 00:20:00,16.296
2016-04-08 00:30:00,16.106
2016-04-08 00:40:00,15.915
2016-04-08 00:50:00,15.748
2016-04-08 01:00:00,15.676
2016-04-08 01:10:00,15.605
2016-04-08 01:20:00,15.581
2016-04-08 01:30:00,15.557
2016-04-08 01:40:00,15.414
2016-04-08 01:50:00,15.151
2016-04-08 02:00:00,15.008
2016-04-08 02:10:00,14.912
2016-04-08 02:20:00,14.697
2016-04-08 02:30:00,14.314
2016-04-08 02:40:00,14.122
2016-04-08 02:50:00,13.882
2016-04-08 03:00:00,13.786
2016-04-08 03:10:00,13.738
2016-04-08 03:20:00,13.714
2016-04-08 03:30:00,13.714
2016-04-08 03:40:00,13.69
2016-04-08 03:50:00,13.714
2016-04-08 04:00:00,13.69
2016-04-08 04:10:00,13.69
2016-04-08 04:20:00,13.69
2016-04-08 04:30:00,13.69
2016-04-08 04:40:00,13.714
2016-04-08 04:50:00,13.738
2016-04-08 05:00:00,13.762
2016-04-08 05:10:00,13.786
2016-04-08 05:20:00,13.834
2016-04-08 05:30:00,13.858
2016-04-08 05:40:00,13.882
2016-04-08 05:50:00,13.906
2016-04-08 06:00:00,13.93
2016-04-08 06:10:00,13.93
2016-04-08 06:20:00,13.93
2016-04-08 06:30:00,13.93
2016-04-08 06:40:00,13.906
2016-04-08 06:50:00,13.906
2016-04-08 07:00:00,13.882
2016-04-08 07:10:00,13.858
2016-04-08 07:20:00,13.858
2016-04-08 07:30:00,13.834
2016-04-08 07:40:00,13.834
2016-04-08 07:50:00,13.834
2016-04-08 08:00:00,13.834
2016-04-08 08:10:00,13.834
2016-04-08 08:20:00,13.834
2016-04-08 08:30:00,13.858
2016-04-08 08:40:00,13.858
2016-04-08 08:50:00,13.858
2016-04-08 09:00:00,13.858
2016-04-08 09:10:00,13.858
2016-04-08 09:20:00,13.834
2016-04-08 09:30:00,13.834
2016-04-08 09:40:00,13.834
2016-04-08 09:50:00,13.834
2016-04-08 10:00:00,13.834
2016-04-08 10:10:00,13.834
2016-04-08 10:20:00,13.834
2016-04-08 10:30:00,13.834
2016-04-08 10:40:00,13.834
2016-04-08 10:50:00,13.834
2016-04-08 11:00:00,13.858
2016-04-08 11:10:00,13.882
2016-04-08 11:20:00,13.882
2016-04-08 11:30:00,13.882
2016-04-08 11:40:00,13.858
2016-04-08 11:50:00,13.834
2016-04-08 12:00:00,13.834
2016-04-08 12:10:00,13.834
2016-04-08 12:20:00,13.834
2016-04-08 12:30:00,13.81
2016-04-08 12:40:00,13.762
2016-04-08 12:50:00,13.738
2016-04-08 13:00:00,13.738
2016-04-08 13:10:00,13.738
2016-04-08 13:20:00,13.738
2016-04-08 13:30:00,13.738
2016-04-08 13:40:00,13.738
2016-04-08 13:50:00,13.738
2016-04-08 14:00:00,13.738
2016-04-08 14:10:00,13.762
2016-04-08 14:20:00,13.762
2016-04-08 14:30:00,13.786
2016-04-08 14:40:00,13.858
2016-04-08 14:50:00,13.906
2016-04-08 15:00:00,13.93
2016-04-08 15:10:00,13.954
2016-04-08 15:20:00,14.002
2016-04-08 15:30:00,14.122
2016-04-08 15:40:00,14.218
2016-04-08 15:50:00,14.266
2016-04-08 16:00:00,14.17
2016-04-08 16:10:00,14.026
2016-04-08 16:20:00,13.978
2016-04-08 16:30:00,14.026
2016-04-08 16:40:00,14.122
2016-04-08 16:50:00,14.17
2016-04-08 17:00:00,14.146
2016-04-08 17:10:00,14.146
2016-04-08 17:20:00,14.146
2016-04-08 17:30:00,14.122
2016-04-08 17:40:00,14.098
2016-04-08 17:50:00,14.098
2016-04-08 18:00:00,14.146
2016-04-08 18:10:00,14.146
2016-04-08 18:20:00,14.098
2016-04-08 18:30:00,14.17
2016-04-08 18:40:00,14.17
2016-04-08 18:50:00,14.17
2016-04-08 19:00:00,14.146
2016-04-08 19:10:00,14.17
2016-04-08 19:20:00,14.218
2016-04-08 19:30:00,14.194
2016-04-08 19:40:00,14.242
2016-04-08 19:50:00,14.337
2016-04-08 20:00:00,14.481
2016-04-08 20:10:00,14.361
2016-04-08 20:20:00,14.361
2016-04-08 20:30:00,14.385
2016-04-08 20:40:00,14.385
2016-04-08 20:50:00,14.385
2016-04-08 21:00:00,14.385
2016-04-08 21:10:00,14.457
2016-04-08 21:20:00,14.553
2016-04-08 21:30:00,14.601
2016-04-08 21:40:00,14.745
2016-04-08 21:50:00,15.127
2016-04-08 22:00:00,15.748
2016-04-08 22:10:00,16.749
2016-04-08 22:20:00,18.057
2016-04-08 22:30:00,19.103
2016-04-08 22:40:00,21.652
2016-04-08 22:50:00,23.448
2016-04-08 23:00:00,24.219
2016-04-08 23:10:00,23.665
2016-04-08 23:20:00,22.968
2016-04-08 23:30:00,22.274
2016-04-08 23:40:00,22.274
2016-04-08 23:50:00,22.321
2016-04-09 00:00:00,22.058
2016-04-09 00:10:00,21.437
2016-04-09 00:20:00,20.555
2016-04-09 00:30:00,20.341
2016-04-09 00:40:00,20.722
2016-04-09 00:50:00,20.674
2016-04-09 01:00:00,20.436
2016-04-09 01:10:00,19.413
2016-04-09 01:20:00,18.414
2016-04-09 01:30:00,17.701
2016-04-09 01:40:00,17.082
2016-04-09 01:50:00,16.463
2016-04-09 02:00:00,15.843
2016-04-09 02:10:00,15.509
2016-04-09 02:20:00,15.151
2016-04-09 02:30:00,14.984
2016-04-09 02:40:00,15.008
2016-04-09 02:50:00,15.008
2016-04-09 03:00:00,15.151
2016-04-09 03:10:00,15.055
2016-04-09 03:20:00,14.984
2016-04-09 03:30:00,14.936
2016-04-09 03:40:00,14.912
2016-04-09 03:50:00,14.888
2016-04-09 04:00:00,14.888
2016-04-09 04:10:00,14.888
2016-04-09 04:20:00,14.888
2016-04-09 04:30:00,14.888
2016-04-09 04:40:00,14.888
2016-04-09 04:50:00,14.888
2016-04-09 05:00:00,14.888
2016-04-09 05:10:00,14.888
2016-04-09 05:20:00,14.888
2016-04-09 05:30:00,14.888
2016-04-09 05:40:00,14.888
2016-04-09 05:50:00,14.888
2016-04-09 06:00:00,14.912
2016-04-09 06:10:00,14.912
2016-04-09 06:20:00,14.912
2016-04-09 06:30:00,14.888
2016-04-09 06:40:00,14.888
2016-04-09 06:50:00,14.888
2016-04-09 07:00:00,14.888
2016-04-09 07:10:00,14.888
2016-04-09 07:20:00,14.864
2016-04-09 07:30:00,14.864
2016-04-09 07:40:00,14.864
2016-04-09 07:50:00,14.864
2016-04-09 08:00:00,14.864
2016-04-09 08:10:00,14.84
2016-04-09 08:20:00,14.84
2016-04-09 08:30:00,14.84
2016-04-09 08:40:00,14.84
2016-04-09 08:50:00,14.84
2016-04-09 09:00:00,14.816
2016-04-09 09:10:00,14.816
2016-04-09 09:20:00,14.792
2016-04-09 09:30:00,14.792
2016-04-09 09:40:00,14.768
2016-04-09 09:50:00,14.721
2016-04-09 10:00:00,14.601
2016-04-09 10:10:00,14.433
2016-04-09 10:20:00,14.218
2016-04-09 10:30:00,14.146
2016-04-09 10:40:00,14.122
2016-04-09 10:50:00,14.074
2016-04-09 11:00:00,14.026
2016-04-09 11:10:00,14.002
2016-04-09 11:20:00,13.978
2016-04-09 11:30:00,13.954
2016-04-09 11:40:00,13.906
2016-04-09 11:50:00,13.882
2016-04-09 12:00:00,13.81
2016-04-09 12:10:00,13.762
2016-04-09 12:20:00,13.69
2016-04-09 12:30:00,13.642
2016-04-09 12:40:00,13.522
2016-04-09 12:50:00,13.401
2016-04-09 13:00:00,13.449
2016-04-09 13:10:00,13.497
2016-04-09 13:20:00,13.449
2016-04-09 13:30:00,13.281
2016-04-09 13:40:00,13.161
2016-04-09 13:50:00,13.281
2016-04-09 14:00:00,13.401
2016-04-09 14:10:00,13.546
2016-04-09 14:20:00,13.762
2016-04-09 14:30:00,13.93
2016-04-09 14:40:00,14.074
2016-04-09 14:50:00,14.314
2016-04-09 15:00:00,14.649
2016-04-09 15:10:00,14.984
2016-04-09 15:20:00,15.318
2016-04-09 15:30:00,15.748
2016-04-09 15:40:00,16.344
2016-04-09 15:50:00,17.296
2016-04-09 16:00:00,17.938
2016-04-09 16:10:00,18.176
2016-04-09 16:20:00,18.129
2016-04-09 16:30:00,17.32
2016-04-09 16:40:00,16.725
2016-04-09 16:50:00,16.082
2016-04-09 17:00:00,15.485
2016-04-09 17:10:00,15.342
2016-04-09 17:20:00,15.127
2016-04-09 17:30:00,14.984
2016-04-09 17:40:00,14.936
2016-04-09 17:50:00,14.84
2016-04-09 18:00:00,14.816
2016-04-09 18:10:00,14.768
2016-04-09 18:20:00,14.792
2016-04-09 18:30:00,14.84
2016-04-09 18:40:00,14.84
2016-04-09 18:50:00,15.055
2016-04-09 19:00:00,14.936
2016-04-09 19:10:00,14.816
2016-04-09 19:20:00,15.008
2016-04-09 19:30:00,15.175
2016-04-09 19:40:00,15.318
2016-04-09 19:50:00,14.984
2016-04-09 20:00:00,15.079
2016-04-09 20:10:00,15.103
2016-04-09 20:20:00,15.008
2016-04-09 20:30:00,14.912
2016-04-09 20:40:00,14.912
2016-04-09 20:50:00,14.912
2016-04-09 21:00:00,14.936
2016-04-09 21:10:00,14.984
2016-04-09 21:20:00,15.127
2016-04-09 21:30:00,15.294
2016-04-09 21:40:00,15.414
2016-04-09 21:50:00,15.199
2016-04-09 22:00:00,15.342
2016-04-09 22:10:00,15.629
2016-04-09 22:20:00,15.891
2016-04-09 22:30:00,15.652
2016-04-09 22:40:00,15.605
2016-04-09 22:50:00,15.891
2016-04-09 23:00:00,16.058
2016-04-09 23:10:00,16.534
2016-04-09 23:20:00,16.606
2016-04-09 23:30:00,16.463
2016-04-09 23:40:00,16.153
2016-04-09 23:50:00,16.534
2016-04-10 00:00:00,17.439
2016-04-10 00:10:00,17.629
2016-04-10 00:20:00,17.867
2016-04-10 00:30:00,17.938
2016-04-10 00:40:00,18.081
2016-04-10 00:50:00,17.915
2016-04-10 01:00:00,17.558
2016-04-10 01:10:00,16.939
2016-04-10 01:20:00,16.606
2016-04-10 01:30:00,16.511
2016-04-10 01:40:00,16.225
2016-04-10 01:50:00,15.915
2016-04-10 02:00:00,15.676
2016-04-10 02:10:00,15.414
2016-04-10 02:20:00,15.151
2016-04-10 02:30:00,14.96
2016-04-10 02:40:00,14.84
2016-04-10 02:50:00,14.721
2016-04-10 03:00:00,14.649
2016-04-10 03:10:00,14.625
2016-04-10 03:20:00,14.577
2016-04-10 03:30:00,14.481
2016-04-10 03:40:00,14.433
2016-04-10 03:50:00,14.361
2016-04-10 04:00:00,14.337
2016-04-10 04:10:00,14.337
2016-04-10 04:20:00,14.314
2016-04-10 04:30:00,14.314
2016-04-10 04:40:00,14.314
2016-04-10 04:50:00,14.29
2016-04-10 05:00:00,14.29
2016-04-10 05:10:00,14.29
2016-04-10 05:20:00,14.266
2016-04-10 05:30:00,14.242
2016-04-10 05:40:00,14.218
2016-04-10 05:50:00,14.218
2016-04-10 06:00:00,14.218
2016-04-10 06:10:00,14.218
2016-04-10 06:20:00,14.218
2016-04-10 06:30:00,14.218
2016-04-10 06:40:00,14.242
2016-04-10 06:50:00,14.242
2016-04-10 07:00:00,14.266
2016-04-10 07:10:00,14.266
2016-04-10 07:20:00,14.266
2016-04-10 07:30:00,14.266
2016-04-10 07:40:00,14.266
2016-04-10 07:50:00,14.266
2016-04-10 08:00:00,14.266
2016-04-10 08:10:00,14.29
2016-04-10 08:20:00,14.29
2016-04-10 08:30:00,14.266
2016-04-10 08:40:00,14.266
2016-04-10 08:50:00,14.242
2016-04-10 09:00:00,14.242
2016-04-10 09:10:00,14.242
2016-04-10 09:20:00,14.242
2016-04-10 09:30:00,14.242
2016-04-10 09:40:00,14.218
2016-04-10 09:50:00,14.242
2016-04-10 10:00:00,14.242
2016-04-10 10:10:00,14.242
2016-04-10 10:20:00,14.242
2016-04-10 10:30:00,14.242
2016-04-10 10:40:00,14.218
2016-04-10 10:50:00,14.242
2016-04-10 11:00:00,13.954
2016-04-10 11:10:00,13.714
2016-04-10 11:20:00,13.594
2016-04-10 11:30:00,13.449
2016-04-10 11:40:00,13.281
2016-04-10 11:50:00,13.185
2016-04-10 12:00:00,13.064
2016-04-10 12:10:00,12.992
2016-04-10 12:20:00,13.088
2016-04-10 12:30:00,13.137
2016-04-10 12:40:00,13.064
2016-04-10 12:50:00,12.968
2016-04-10 13:00:00,12.968
2016-04-10 13:10:00,13.064
2016-04-10 13:20:00,13.064
2016-04-10 13:30:00,13.064
2016-04-10 13:40:00,13.064
2016-04-10 13:50:00,13.112
2016-04-10 14:00:00,13.185
2016-04-10 14:10:00,13.161
2016-04-10 14:20:00,13.209
2016-04-10 14:30:00,13.305
2016-04-10 14:40:00,13.425
2016-04-10 14:50:00,13.57
2016-04-10 15:00:00,13.762
2016-04-10 15:10:00,13.978
2016-04-10 15:20:00,14.194
2016-04-10 15:30:00,14.433
2016-04-10 15:40:00,14.529
2016-04-10 15:50:00,14.577
2016-04-10 16:00:00,15.031
2016-04-10 16:10:00,16.034
2016-04-10 16:20:00,17.558
2016-04-10 16:30:00,19.77
2016-04-10 16:40:00,21.795
2016-04-10 16:50:00,22.537
2016-04-10 17:00:00,21.676
2016-04-10 17:10:00,21.199
2016-04-10 17:20:00,19.436
2016-04-10 17:30:00,18.794
2016-04-10 17:40:00,17.867
2016-04-10 17:50:00,17.724
2016-04-10 18:00:00,16.511
2016-04-10 18:10:00,16.392
2016-04-10 18:20:00,15.485
2016-04-10 18:30:00,15.127
2016-04-10 18:40:00,15.055
2016-04-10 18:50:00,14.984
2016-04-10 19:00:00,14.888
2016-04-10 19:10:00,14.912
2016-04-10 19:20:00,14.816
2016-04-10 19:30:00,14.84
2016-04-10 19:40:00,14.792
2016-04-10 19:50:00,14.864
2016-04-10 20:00:00,14.84
2016-04-10 20:10:00,14.864
2016-04-10 20:20:00,14.936
2016-04-10 20:30:00,15.008
2016-04-10 20:40:00,14.888
2016-04-10 20:50:00,14.888
2016-04-10 21:00:00,14.864
2016-04-10 21:10:00,15.008
2016-04-10 21:20:00,14.984
2016-04-10 21:30:00,15.008
2016-04-10 21:40:00,15.055
2016-04-10 21:50:00,15.031
2016-04-10 22:00:00,15.031
2016-04-10 22:10:00,15.079
2016-04-10 22:20:00,15.175
2016-04-10 22:30:00,15.175
2016-04-10 22:40:00,15.294
2016-04-10 22:50:00,15.27
2016-04-10 23:00:00,15.509
2016-04-10 23:10:00,15.461
2016-04-10 23:20:00,15.247
2016-04-10 23:30:00,15.605
2016-04-10 23:40:00,16.344
2016-04-10 23:50:00,16.082
2016-04-11 00:00:00,16.606
2016-04-11 00:10:00,16.701
2016-04-11 00:20:00,16.654
2016-04-11 00:30:00,17.034
2016-04-11 00:40:00,16.868
2016-04-11 00:50:00,16.749
2016-04-11 01:00:00,16.701
2016-04-11 01:10:00,17.463
2016-04-11 01:20:00,16.892
2016-04-11 01:30:00,16.32
2016-04-11 01:40:00,15.891
2016-04-11 01:50:00,15.461
2016-04-11 02:00:00,15.175
2016-04-11 02:10:00,14.96
2016-04-11 02:20:00,14.768
2016-04-11 02:30:00,14.601
2016-04-11 02:40:00,14.505
2016-04-11 02:50:00,14.409
2016-04-11 03:00:00,14.361
2016-04-11 03:10:00,14.314
2016-04-11 03:20:00,14.314
2016-04-11 03:30:00,14.505
2016-04-11 03:40:00,14.433
2016-04-11 03:50:00,14.505
2016-04-11 04:00:00,14.649
2016-04-11 04:10:00,14.649
2016-04-11 04:20:00,14.625
2016-04-11 04:30:00,14.601
2016-04-11 04:40:00,14.601
2016-04-11 04:50:00,14.601
2016-04-11 05:00:00,14.601
2016-04-11 05:10:00,14.577
2016-04-11 05:20:00,14.577
2016-04-11 05:30:00,14.577
2016-04-11 05:40:00,14.577
2016-04-11 05:50:00,14.553
2016-04-11 06:00:00,14.553
2016-04-11 06:10:00,14.553
2016-04-11 06:20:00,14.553
2016-04-11 06:30:00,14.553
2016-04-11 06:40:00,14.553
2016-04-11 06:50:00,14.553
2016-04-11 07:00:00,14.553
2016-04-11 07:10:00,14.529
2016-04-11 07:20:00,14.529
2016-04-11 07:30:00,14.529
2016-04-11 07:40:00,14.529
2016-04-11 07:50:00,14.529
2016-04-11 08:00:00,14.529
2016-04-11 08:10:00,14.505
2016-04-11 08:20:00,14.505
2016-04-11 08:30:00,14.505
2016-04-11 08:40:00,14.505
2016-04-11 08:50:00,14.505
2016-04-11 09:00:00,14.505
2016-04-11 09:10:00,14.505
2016-04-11 09:20:00,14.505
2016-04-11 09:30:00,14.481
2016-04-11 09:40:00,14.505
2016-04-11 09:50:00,14.481
2016-04-11 10:00:00,14.481
2016-04-11 10:10:00,14.505
2016-04-11 10:20:00,14.505
2016-04-11 10:30:00,14.505
2016-04-11 10:40:00,14.529
2016-04-11 10:50:00,14.505
2016-04-11 11:00:00,14.505
2016-04-11 11:10:00,14.505
2016-04-11 11:20:00,14.481
2016-04-11 11:30:00,14.433
2016-04-11 11:40:00,14.218
2016-04-11 11:50:00,13.954
2016-04-11 12:00:00,13.81
2016-04-11 12:10:00,13.69
2016-04-11 12:20:00,13.353
2016-04-11 12:30:00,13.137
2016-04-11 12:40:00,13.064
2016-04-11 12:50:00,13.04
2016-04-11 13:00:00,13.088
2016-04-11 13:10:00,13.064
2016-04-11 13:20:00,12.968
2016-04-11 13:30:00,12.944
2016-04-11 13:40:00,12.92
2016-04-11 13:50:00,12.992
2016-04-11 14:00:00,13.04
2016-04-11 14:10:00,13.185
2016-04-11 14:20:00,13.377
2016-04-11 14:30:00,13.594
2016-04-11 14:40:00,13.882
2016-04-11 14:50:00,14.242
2016-04-11 15:00:00,14.553
2016-04-11 15:10:00,14.816
2016-04-11 15:20:00,15.151
2016-04-11 15:30:00,15.748
2016-04-11 15:40:00,16.177
2016-04-11 15:50:00,16.582
2016-04-11 16:00:00,17.106
2016-04-11 16:10:00,17.653
2016-04-11 16:20:00,17.891
2016-04-11 16:30:00,18.105
2016-04-11 16:40:00,18.366
2016-04-11 16:50:00,18.675
2016-04-11 17:00:00,18.985
2016-04-11 17:10:00,19.389
2016-04-11 17:20:00,19.984
2016-04-11 17:30:00,19.96
2016-04-11 17:40:00,21.079
2016-04-11 17:50:00,22.154
2016-04-11 18:00:00,22.92
2016-04-11 18:10:00,24.919
2016-04-11 18:20:00,26.793
2016-04-11 18:30:00,28.717
2016-04-11 18:40:00,29.69
2016-04-11 18:50:00,28.99
2016-04-11 19:00:00,26.867
2016-04-11 19:10:00,25.258
2016-04-11 19:20:00,23.761
2016-04-11 19:30:00,22.226
2016-04-11 19:40:00,19.841
2016-04-11 19:50:00,18.176
2016-04-11 20:00:00,18.081
2016-04-11 20:10:00,16.892
2016-04-11 20:20:00,16.82
2016-04-11 20:30:00,16.415
2016-04-11 20:40:00,16.296
2016-04-11 20:50:00,16.177
2016-04-11 21:00:00,16.106
2016-04-11 21:10:00,16.082
2016-04-11 21:20:00,16.082
2016-04-11 21:30:00,16.129
2016-04-11 21:40:00,16.034
2016-04-11 21:50:00,16.058
2016-04-11 22:00:00,16.129
2016-04-11 22:10:00,16.153
2016-04-11 22:20:00,16.201
2016-04-11 22:30:00,16.249
2016-04-11 22:40:00,16.201
2016-04-11 22:50:00,16.177
2016-04-11 23:00:00,16.249
2016-04-11 23:10:00,16.225
2016-04-11 23:20:00,16.368
2016-04-11 23:30:00,16.32
2016-04-11 23:40:00,16.344
2016-04-11 23:50:00,16.487
2016-04-12 00:00:00,16.606
2016-04-12 00:10:00,16.487
2016-04-12 00:20:00,16.654
2016-04-12 00:30:00,16.844
2016-04-12 00:40:00,16.844
2016-04-12 00:50:00,16.701
2016-04-12 01:00:00,16.796
2016-04-12 01:10:00,16.654
2016-04-12 01:20:00,16.368
2016-04-12 01:30:00,16.106
2016-04-12 01:40:00,15.629
2016-04-12 01:50:00,15.127
2016-04-12 02:00:00,14.649
2016-04-12 02:10:00,14.266
2016-04-12 02:20:00,14.002
2016-04-12 02:30:00,13.762
2016-04-12 02:40:00,13.594
2016-04-12 02:50:00,13.473
2016-04-12 03:00:00,13.401
2016-04-12 03:10:00,13.329
2016-04-12 03:20:00,13.281
2016-04-12 03:30:00,13.353
2016-04-12 03:40:00,13.329
2016-04-12 03:50:00,13.353
2016-04-12 04:00:00,13.329
2016-04-12 04:10:00,13.353
2016-04-12 04:20:00,13.377
2016-04-12 04:30:00,13.497
2016-04-12 04:40:00,14.146
2016-04-12 04:50:00,14.457
2016-04-12 05:00:00,14.553
2016-04-12 05:10:00,14.721
2016-04-12 05:20:00,14.721
2016-04-12 05:30:00,14.721
2016-04-12 05:40:00,14.721
2016-04-12 05:50:00,14.697
2016-04-12 06:00:00,14.649
2016-04-12 06:10:00,14.601
2016-04-12 06:20:00,14.553
2016-04-12 06:30:00,14.529
2016-04-12 06:40:00,14.505
2016-04-12 06:50:00,14.505
2016-04-12 07:00:00,14.481
2016-04-12 07:10:00,14.457
2016-04-12 07:20:00,14.457
2016-04-12 07:30:00,14.481
2016-04-12 07:40:00,14.481
2016-04-12 07:50:00,14.481
2016-04-12 08:00:00,14.481
2016-04-12 08:10:00,14.505
2016-04-12 08:20:00,14.505
2016-04-12 08:30:00,14.481
2016-04-12 08:40:00,14.457
2016-04-12 08:50:00,14.505
2016-04-12 09:00:00,14.529
2016-04-12 09:10:00,14.553
2016-04-12 09:20:00,14.553
2016-04-12 09:30:00,14.529
2016-04-12 09:40:00,14.529
2016-04-12 09:50:00,14.505
2016-04-12 10:00:00,14.481
2016-04-12 10:10:00,14.457
2016-04-12 10:20:00,14.457
2016-04-12 10:30:00,14.433
2016-04-12 10:40:00,14.433
2016-04-12 10:50:00,14.433
2016-04-12 11:00:00,14.409
2016-04-12 11:10:00,14.385
2016-04-12 11:20:00,14.361
2016-04-12 11:30:00,14.361
2016-04-12 11:40:00,14.361
2016-04-12 11:50:00,14.314
2016-04-12 12:00:00,14.29
2016-04-12 12:10:00,14.266
2016-04-12 12:20:00,14.218
2016-04-12 12:30:00,14.146
2016-04-12 12:40:00,13.858
2016-04-12 12:50:00,13.642
2016-04-12 13:00:00,13.497
2016-04-12 13:10:00,13.401
2016-04-12 13:20:00,13.233
2016-04-12 13:30:00,13.137
2016-04-12 13:40:00,12.92
2016-04-12 13:50:00,12.92
2016-04-12 14:00:00,12.92
2016-04-12 14:10:00,13.185
2016-04-12 14:20:00,13.353
2016-04-12 14:30:00,13.618
2016-04-12 14:40:00,14.002
2016-04-12 14:50:00,14.505
2016-04-12 15:00:00,14.792
2016-04-12 15:10:00,15.199
2016-04-12 15:20:00,16.177
2016-04-12 15:30:00,17.486
2016-04-12 15:40:00,18.699
2016-04-12 15:50:00,18.723
2016-04-12 16:00:00,18.366
2016-04-12 16:10:00,17.962
2016-04-12 16:20:00,17.32
2016-04-12 16:30:00,17.058
2016-04-12 16:40:00,17.106
2016-04-12 16:50:00,17.391
2016-04-12 17:00:00,17.272
2016-04-12 17:10:00,17.034
2016-04-12 17:20:00,17.201
2016-04-12 17:30:00,17.677
2016-04-12 17:40:00,18.319
2016-04-12 17:50:00,19.222
2016-04-12 18:00:00,19.603
2016-04-12 18:10:00,19.555
2016-04-12 18:20:00,19.984
2016-04-12 18:30:00,21.223
2016-04-12 18:40:00,21.987
2016-04-12 18:50:00,24.219
2016-04-12 19:00:00,24.484
2016-04-12 19:10:00,24.557
2016-04-12 19:20:00,24.002
2016-04-12 19:30:00,22.274
2016-04-12 19:40:00,21.151
2016-04-12 19:50:00,20.817
2016-04-12 20:00:00,20.079
2016-04-12 20:10:00,19.841
2016-04-12 20:20:00,18.985
2016-04-12 20:30:00,17.938
2016-04-12 20:40:00,16.773
2016-04-12 20:50:00,16.368
2016-04-12 21:00:00,15.843
2016-04-12 21:10:00,15.676
2016-04-12 21:20:00,15.366
2016-04-12 21:30:00,15.438
2016-04-12 21:40:00,15.318
2016-04-12 21:50:00,15.27
2016-04-12 22:00:00,15.103
2016-04-12 22:10:00,15.103
2016-04-12 22:20:00,15.079
2016-04-12 22:30:00,15.055
2016-04-12 22:40:00,15.031
2016-04-12 22:50:00,14.984
2016-04-12 23:00:00,15.055
2016-04-12 23:10:00,15.031
2016-04-12 23:20:00,15.031
2016-04-12 23:30:00,15.008
2016-04-12 23:40:00,14.984
2016-04-12 23:50:00,14.936
2016-04-13 00:00:00,14.936
2016-04-13 00:10:00,14.936
2016-04-13 00:20:00,14.888
2016-04-13 00:30:00,14.84
2016-04-13 00:40:00,14.816
2016-04-13 00:50:00,14.792
2016-04-13 01:00:00,14.816
2016-04-13 01:10:00,14.745
2016-04-13 01:20:00,14.697
2016-04-13 01:30:00,14.673
2016-04-13 01:40:00,14.649
2016-04-13 01:50:00,14.649
2016-04-13 02:00:00,14.601
2016-04-13 02:10:00,14.553
2016-04-13 02:20:00,14.553
2016-04-13 02:30:00,14.457
2016-04-13 02:40:00,14.457
2016-04-13 02:50:00,14.457
2016-04-13 03:00:00,14.433
2016-04-13 03:10:00,14.385
2016-04-13 03:20:00,14.361
2016-04-13 03:30:00,14.361
2016-04-13 03:40:00,14.337
2016-04-13 03:50:00,14.314
2016-04-13 04:00:00,14.314
2016-04-13 04:10:00,14.314
2016-04-13 04:20:00,14.314
2016-04-13 04:30:00,14.17
2016-04-13 04:40:00,14.194
2016-04-13 04:50:00,14.146
2016-04-13 05:00:00,14.17
2016-04-13 05:10:00,14.266
2016-04-13 05:20:00,14.29
2016-04-13 05:30:00,14.242
2016-04-13 05:40:00,14.17
2016-04-13 05:50:00,14.17
2016-04-13 06:00:00,14.122
2016-04-13 06:10:00,14.074
2016-04-13 06:20:00,14.074
2016-04-13 06:30:00,14.05
2016-04-13 06:40:00,14.002
2016-04-13 06:50:00,14.002
2016-04-13 07:00:00,13.978
2016-04-13 07:10:00,13.978
2016-04-13 07:20:00,13.954
2016-04-13 07:30:00,13.93
2016-04-13 07:40:00,13.906
2016-04-13 07:50:00,13.882
2016-04-13 08:00:00,13.882
2016-04-13 08:10:00,13.858
2016-04-13 08:20:00,13.834
2016-04-13 08:30:00,13.81
2016-04-13 08:40:00,13.81
2016-04-13 08:50:00,13.786
2016-04-13 09:00:00,13.786
2016-04-13 09:10:00,13.786
2016-04-13 09:20:00,13.738
2016-04-13 09:30:00,13.738
2016-04-13 09:40:00,13.714
2016-04-13 09:50:00,13.69
2016-04-13 10:00:00,13.69
2016-04-13 10:10:00,13.666
2016-04-13 10:20:00,13.642
2016-04-13 10:30:00,13.642
2016-04-13 10:40:00,13.618
2016-04-13 10:50:00,13.642
2016-04-13 11:00:00,13.618
2016-04-13 11:10:00,13.618
2016-04-13 11:20:00,13.594
2016-04-13 11:30:00,13.594
2016-04-13 11:40:00,13.57
2016-04-13 11:50:00,13.546
2016-04-13 12:00:00,13.522
2016-04-13 12:10:00,13.497
2016-04-13 12:20:00,13.473
2016-04-13 12:30:00,13.449
2016-04-13 12:40:00,13.425
2016-04-13 12:50:00,13.401
2016-04-13 13:00:00,13.377
2016-04-13 13:10:00,13.305
2016-04-13 13:20:00,13.257
2016-04-13 13:30:00,13.233
2016-04-13 13:40:00,13.209
2016-04-13 13:50:00,12.992
2016-04-13 14:00:00,12.944
2016-04-13 14:10:00,12.582
2016-04-13 14:20:00,12.243
2016-04-13 14:30:00,12.292
2016-04-13 14:40:00,12.775
2016-04-13 14:50:00,13.353
2016-04-13 15:00:00,14.002
2016-04-13 15:10:00,14.529
2016-04-13 15:20:00,14.888
2016-04-13 15:30:00,15.438
2016-04-13 15:40:00,16.344
2016-04-13 15:50:00,16.987
2016-04-13 16:00:00,17.986
2016-04-13 16:10:00,19.318
2016-04-13 16:20:00,20.531
2016-04-13 16:30:00,21.915
2016-04-13 16:40:00,23.088
2016-04-13 16:50:00,23.881
2016-04-13 17:00:00,24.557
2016-04-13 17:10:00,25.258
2016-04-13 17:20:00,25.987
2016-04-13 17:30:00,26.329
2016-04-13 17:40:00,26.916
2016-04-13 17:50:00,27.653
2016-04-13 18:00:00,27.702
2016-04-13 18:10:00,26.793
2016-04-13 18:20:00,26.085
2016-04-13 18:30:00,26.182
2016-04-13 18:40:00,26.134
2016-04-13 18:50:00,26.402
2016-04-13 19:00:00,26.842
2016-04-13 19:10:00,27.136
2016-04-13 19:20:00,27.161
2016-04-13 19:30:00,27.112
2016-04-13 19:40:00,27.136
2016-04-13 19:50:00,27.136
2016-04-13 20:00:00,27.186
2016-04-13 20:10:00,27.333
2016-04-13 20:20:00,27.235
2016-04-13 20:30:00,26.304
2016-04-13 20:40:00,24.677
2016-04-13 20:50:00,24.026
2016-04-13 21:00:00,23.28
2016-04-13 21:10:00,22.298
2016-04-13 21:20:00,20.388
2016-04-13 21:30:00,19.341
2016-04-13 21:40:00,17.772
2016-04-13 21:50:00,16.939
2016-04-13 22:00:00,16.034
2016-04-13 22:10:00,16.201
2016-04-13 22:20:00,15.414
2016-04-13 22:30:00,14.984
2016-04-13 22:40:00,14.888
2016-04-13 22:50:00,14.768
2016-04-13 23:00:00,14.697
2016-04-13 23:10:00,14.673
2016-04-13 23:20:00,14.577
2016-04-13 23:30:00,14.553
2016-04-13 23:40:00,14.529
2016-04-13 23:50:00,14.481
2016-04-14 00:00:00,14.457
2016-04-14 00:10:00,14.409
2016-04-14 00:20:00,14.385
2016-04-14 00:30:00,14.337
2016-04-14 00:40:00,14.337
2016-04-14 00:50:00,14.314
2016-04-14 01:00:00,14.266
2016-04-14 01:10:00,14.218
2016-04-14 01:20:00,14.194
2016-04-14 01:30:00,14.17
2016-04-14 01:40:00,14.146
2016-04-14 01:50:00,14.122
2016-04-14 02:00:00,14.074
2016-04-14 02:10:00,14.05
2016-04-14 02:20:00,14.002
2016-04-14 02:30:00,13.954
2016-04-14 02:40:00,13.954
2016-04-14 02:50:00,13.906
2016-04-14 03:00:00,13.858
2016-04-14 03:10:00,13.834
2016-04-14 03:20:00,13.834
2016-04-14 03:30:00,13.786
2016-04-14 03:40:00,13.762
2016-04-14 03:50:00,13.738
2016-04-14 04:00:00,13.666
2016-04-14 04:10:00,13.666
2016-04-14 04:20:00,13.666
2016-04-14 04:30:00,13.666
2016-04-14 04:40:00,13.642
2016-04-14 04:50:00,13.618
2016-04-14 05:00:00,13.57
2016-04-14 05:10:00,13.546
2016-04-14 05:20:00,13.449
2016-04-14 05:30:00,13.401
2016-04-14 05:40:00,13.449
2016-04-14 05:50:00,13.449
2016-04-14 06:00:00,13.401
2016-04-14 06:10:00,13.425
2016-04-14 06:20:00,13.401
2016-04-14 06:30:00,13.401
2016-04-14 06:40:00,13.329
2016-04-14 06:50:00,13.353
2016-04-14 07:00:00,13.353
2016-04-14 07:10:00,13.353
2016-04-14 07:20:00,13.305
2016-04-14 07:30:00,13.305
2016-04-14 07:40:00,13.281
2016-04-14 07:50:00,13.281
2016-04-14 08:00:00,13.281
2016-04-14 08:10:00,13.257
2016-04-14 08:20:00,13.233
2016-04-14 08:30:00,13.209
2016-04-14 08:40:00,13.185
2016-04-14 08:50:00,13.161
2016-04-14 09:00:00,13.161
2016-04-14 09:10:00,13.161
2016-04-14 09:20:00,13.137
2016-04-14 09:30:00,13.112
2016-04-14 09:40:00,13.112
2016-04-14 09:50:00,13.088
2016-04-14 10:00:00,13.064
2016-04-14 10:10:00,13.064
2016-04-14 10:20:00,13.064
2016-04-14 10:30:00,13.04
2016-04-14 10:40:00,13.016
2016-04-14 10:50:00,13.016
2016-04-14 11:00:00,12.992
2016-04-14 11:10:00,12.992
2016-04-14 11:20:00,12.992
2016-04-14 11:30:00,12.968
2016-04-14 11:40:00,12.968
2016-04-14 11:50:00,12.968
2016-04-14 12:00:00,12.944
2016-04-14 12:10:00,12.968
2016-04-14 12:20:00,12.968
2016-04-14 12:30:00,12.968
2016-04-14 12:40:00,12.992
2016-04-14 12:50:00,12.968
2016-04-14 13:00:00,12.992
2016-04-14 13:10:00,12.968
2016-04-14 13:20:00,12.968
2016-04-14 13:30:00,12.944
2016-04-14 13:40:00,12.92
2016-04-14 13:50:00,12.92
2016-04-14 14:00:00,12.92
2016-04-14 14:10:00,12.92
2016-04-14 14:20:00,12.92
2016-04-14 14:30:00,12.944
2016-04-14 14:40:00,12.968
2016-04-14 14:50:00,13.016
2016-04-14 15:00:00,13.112
2016-04-14 15:10:00,13.305
2016-04-14 15:20:00,13.497
2016-04-14 15:30:00,13.69
2016-04-14 15:40:00,13.642
2016-04-14 15:50:00,14.529
2016-04-14 16:00:00,15.796
2016-04-14 16:10:00,16.558
2016-04-14 16:20:00,16.415
2016-04-14 16:30:00,15.963
2016-04-14 16:40:00,16.725
2016-04-14 16:50:00,16.463
2016-04-14 17:00:00,17.177
2016-04-14 17:10:00,20.365
2016-04-14 17:20:00,22.896
2016-04-14 17:30:00,23.785
2016-04-14 17:40:00,24.823
2016-04-14 17:50:00,22.369
2016-04-14 18:00:00,22.537
2016-04-14 18:10:00,23.232
2016-04-14 18:20:00,22.345
2016-04-14 18:30:00,21.748
2016-04-14 18:40:00,20.96
2016-04-14 18:50:00,21.581
2016-04-14 19:00:00,21.772
2016-04-14 19:10:00,21.509
2016-04-14 19:20:00,21.557
2016-04-14 19:30:00,21.772
2016-04-14 19:40:00,23.208
2016-04-14 19:50:00,23.857
2016-04-14 20:00:00,24.002
2016-04-14 20:10:00,24.291
2016-04-14 20:20:00,24.339
2016-04-14 20:30:00,24.484
2016-04-14 20:40:00,23.665
2016-04-14 20:50:00,24.243
2016-04-14 21:00:00,24.436
2016-04-14 21:10:00,23.136
2016-04-14 21:20:00,22.513
2016-04-14 21:30:00,21.461
2016-04-14 21:40:00,19.579
2016-04-14 21:50:00,16.725
2016-04-14 22:00:00,15.867
2016-04-14 22:10:00,15.079
2016-04-14 22:20:00,14.745
2016-04-14 22:30:00,14.625
2016-04-14 22:40:00,14.242
2016-04-14 22:50:00,14.074
2016-04-14 23:00:00,13.978
2016-04-14 23:10:00,13.834
2016-04-14 23:20:00,13.762
2016-04-14 23:30:00,13.69
2016-04-14 23:40:00,13.69
2016-04-14 23:50:00,13.666
2016-04-15 00:00:00,13.642
2016-04-15 00:10:00,13.594
2016-04-15 00:20:00,13.546
2016-04-15 00:30:00,13.522
2016-04-15 00:40:00,13.449
2016-04-15 00:50:00,13.401
2016-04-15 01:00:00,13.329
2016-04-15 01:10:00,13.281
2016-04-15 01:20:00,13.257
2016-04-15 01:30:00,13.137
2016-04-15 01:40:00,13.137
2016-04-15 01:50:00,13.112
2016-04-15 02:00:00,13.064
2016-04-15 02:10:00,12.992
2016-04-15 02:20:00,12.92
2016-04-15 02:30:00,12.847
2016-04-15 02:40:00,12.775
2016-04-15 02:50:00,12.727
2016-04-15 03:00:00,12.703
2016-04-15 03:10:00,12.703
2016-04-15 03:20:00,12.727
2016-04-15 03:30:00,12.751
2016-04-15 03:40:00,12.799
2016-04-15 03:50:00,12.823
2016-04-15 04:00:00,12.823
2016-04-15 04:10:00,12.823
2016-04-15 04:20:00,12.823
2016-04-15 04:30:00,12.823
2016-04-15 04:40:00,12.823
2016-04-15 04:50:00,12.823
2016-04-15 05:00:00,12.799
2016-04-15 05:10:00,12.799
2016-04-15 05:20:00,12.823
2016-04-15 05:30:00,12.823
2016-04-15 05:40:00,12.799
2016-04-15 05:50:00,12.799
2016-04-15 06:00:00,12.799
2016-04-15 06:10:00,12.799
2016-04-15 06:20:00,12.823
2016-04-15 06:30:00,12.823
2016-04-15 06:40:00,12.823
2016-04-15 06:50:00,12.823
2016-04-15 07:00:00,12.823
2016-04-15 07:10:00,12.775
2016-04-15 07:20:00,12.799
2016-04-15 07:30:00,12.799
2016-04-15 07:40:00,12.799
2016-04-15 07:50:00,12.775
2016-04-15 08:00:00,12.775
2016-04-15 08:10:00,12.775
2016-04-15 08:20:00,12.751
2016-04-15 08:30:00,12.751
2016-04-15 08:40:00,12.727
2016-04-15 08:50:00,12.727
2016-04-15 09:00:00,12.703
2016-04-15 09:10:00,12.703
2016-04-15 09:20:00,12.703
2016-04-15 09:30:00,12.678
2016-04-15 09:40:00,12.678
2016-04-15 09:50:00,12.654
2016-04-15 10:00:00,12.654
2016-04-15 10:10:00,12.63
2016-04-15 10:20:00,12.63
2016-04-15 10:30:00,12.606
2016-04-15 10:40:00,12.606
2016-04-15 10:50:00,12.582
2016-04-15 11:00:00,12.558
2016-04-15 11:10:00,12.534
2016-04-15 11:20:00,12.509
2016-04-15 11:30:00,12.509
2016-04-15 11:40:00,12.485
2016-04-15 11:50:00,12.485
2016-04-15 12:00:00,12.485
2016-04-15 12:10:00,12.461
2016-04-15 12:20:00,12.437
2016-04-15 12:30:00,12.437
2016-04-15 12:40:00,12.413
2016-04-15 12:50:00,12.389
2016-04-15 13:00:00,12.389
2016-04-15 13:10:00,12.364
2016-04-15 13:20:00,12.34
2016-04-15 13:30:00,12.316
2016-04-15 13:40:00,12.316
2016-04-15 13:50:00,12.316
2016-04-15 14:00:00,12.292
2016-04-15 14:10:00,12.292
2016-04-15 14:20:00,12.268
2016-04-15 14:30:00,12.292
2016-04-15 14:40:00,12.316
2016-04-15 14:50:00,12.34
2016-04-15 15:00:00,12.364
2016-04-15 15:10:00,12.509
2016-04-15 15:20:00,12.485
2016-04-15 15:30:00,12.606
2016-04-15 15:40:00,12.727
2016-04-15 15:50:00,12.799
2016-04-15 16:00:00,12.847
2016-04-15 16:10:00,13.064
2016-04-15 16:20:00,13.209
2016-04-15 16:30:00,13.353
2016-04-15 16:40:00,13.738
2016-04-15 16:50:00,13.618
2016-04-15 17:00:00,14.553
2016-04-15 17:10:00,15.366
2016-04-15 17:20:00,16.034
2016-04-15 17:30:00,17.011
2016-04-15 17:40:00,17.534
2016-04-15 17:50:00,18.461
2016-04-15 18:00:00,18.771
2016-04-15 18:10:00,19.722
2016-04-15 18:20:00,19.698
2016-04-15 18:30:00,20.222
2016-04-15 18:40:00,21.318
2016-04-15 18:50:00,22.202
2016-04-15 19:00:00,22.8
2016-04-15 19:10:00,23.208
2016-04-15 19:20:00,22.8
2016-04-15 19:30:00,21.533
2016-04-15 19:40:00,22.441
2016-04-15 19:50:00,21.27
2016-04-15 20:00:00,22.058
2016-04-15 20:10:00,22.824
2016-04-15 20:20:00,23.328
2016-04-15 20:30:00,23.809
2016-04-15 20:40:00,23.93
2016-04-15 20:50:00,23.761
2016-04-15 21:00:00,23.93
2016-04-15 21:10:00,24.098
2016-04-15 21:20:00,24.291
2016-04-15 21:30:00,23.641
2016-04-15 21:40:00,23.713
2016-04-15 21:50:00,23.136
2016-04-15 22:00:00,21.318
2016-04-15 22:10:00,19.841
2016-04-15 22:20:00,19.555
2016-04-15 22:30:00,19.27
2016-04-15 22:40:00,17.962
2016-04-15 22:50:00,17.177
2016-04-15 23:00:00,15.509
2016-04-15 23:10:00,14.457
2016-04-15 23:20:00,14.17
2016-04-15 23:30:00,13.714
2016-04-15 23:40:00,13.594
2016-04-15 23:50:00,13.522
2016-04-16 00:00:00,13.401
2016-04-16 00:10:00,13.353
2016-04-16 00:20:00,13.305
2016-04-16 00:30:00,13.209
2016-04-16 00:40:00,13.112
2016-04-16 00:50:00,13.04
2016-04-16 01:00:00,13.016
2016-04-16 01:10:00,12.968
2016-04-16 01:20:00,12.944
2016-04-16 01:30:00,12.92
2016-04-16 01:40:00,12.896
2016-04-16 01:50:00,12.871
2016-04-16 02:00:00,12.847
2016-04-16 02:10:00,12.823
2016-04-16 02:20:00,12.799
2016-04-16 02:30:00,12.775
2016-04-16 02:40:00,12.727
2016-04-16 02:50:00,12.703
2016-04-16 03:00:00,12.703
2016-04-16 03:10:00,12.678
2016-04-16 03:20:00,12.678
2016-04-16 03:30:00,12.654
2016-04-16 03:40:00,12.63
2016-04-16 03:50:00,12.582
2016-04-16 04:00:00,12.558
2016-04-16 04:10:00,12.558
2016-04-16 04:20:00,12.534
2016-04-16 04:30:00,12.509
2016-04-16 04:40:00,12.485
2016-04-16 04:50:00,12.437
2016-04-16 05:00:00,12.437
2016-04-16 05:10:00,12.389
2016-04-16 05:20:00,12.364
2016-04-16 05:30:00,12.34
2016-04-16 05:40:00,12.316
2016-04-16 05:50:00,12.292
2016-04-16 06:00:00,12.243
2016-04-16 06:10:00,12.243
2016-04-16 06:20:00,12.195
2016-04-16 06:30:00,11.953
2016-04-16 06:40:00,12.001
2016-04-16 06:50:00,11.856
2016-04-16 07:00:00,11.248
2016-04-16 07:10:00,11.637
2016-04-16 07:20:00,11.127
2016-04-16 07:30:00,10.98
2016-04-16 07:40:00,10.32
2016-04-16 07:50:00,10.32
2016-04-16 08:00:00,10.467
2016-04-16 08:10:00,11.175
2016-04-16 08:20:00,11.346
2016-04-16 08:30:00,11.053
2016-04-16 08:40:00,10.467
2016-04-16 08:50:00,11.127
2016-04-16 09:00:00,10.541
2016-04-16 09:10:00,10.785
2016-04-16 09:20:00,11.127
2016-04-16 09:30:00,11.127
2016-04-16 09:40:00,11.175
2016-04-16 09:50:00,11.175
2016-04-16 10:00:00,11.516
2016-04-16 10:10:00,11.71
2016-04-16 10:20:00,11.759
2016-04-16 10:30:00,11.783
2016-04-16 10:40:00,11.807
2016-04-16 10:50:00,11.807
2016-04-16 11:00:00,11.807
2016-04-16 11:10:00,11.807
2016-04-16 11:20:00,11.807
2016-04-16 11:30:00,11.832
2016-04-16 11:40:00,11.832
2016-04-16 11:50:00,11.807
2016-04-16 12:00:00,11.807
2016-04-16 12:10:00,11.783
2016-04-16 12:20:00,11.759
2016-04-16 12:30:00,11.734
2016-04-16 12:40:00,11.71
2016-04-16 12:50:00,11.686
2016-04-16 13:00:00,11.662
2016-04-16 13:10:00,11.662
2016-04-16 13:20:00,11.662
2016-04-16 13:30:00,11.637
2016-04-16 13:40:00,11.662
2016-04-16 13:50:00,11.637
2016-04-16 14:00:00,11.613
2016-04-16 14:10:00,11.613
2016-04-16 14:20:00,11.613
2016-04-16 14:30:00,11.637
2016-04-16 14:40:00,11.637
2016-04-16 14:50:00,11.662
2016-04-16 15:00:00,11.734
2016-04-16 15:10:00,11.783
2016-04-16 15:20:00,11.783
2016-04-16 15:30:00,11.929
2016-04-16 15:40:00,12.001
2016-04-16 15:50:00,12.171
2016-04-16 16:00:00,12.268
2016-04-16 16:10:00,12.316
2016-04-16 16:20:00,12.485
2016-04-16 16:30:00,12.727
2016-04-16 16:40:00,12.751
2016-04-16 16:50:00,13.064
2016-04-16 17:00:00,13.233
2016-04-16 17:10:00,14.29
2016-04-16 17:20:00,15.079
2016-04-16 17:30:00,15.986
2016-04-16 17:40:00,19.27
2016-04-16 17:50:00,20.246
2016-04-16 18:00:00,21.294
2016-04-16 18:10:00,21.366
2016-04-16 18:20:00,22.393
2016-04-16 18:30:00,23.424
2016-04-16 18:40:00,24.484
2016-04-16 18:50:00,25.574
2016-04-16 19:00:00,26.012
2016-04-16 19:10:00,26.842
2016-04-16 19:20:00,28.369
2016-04-16 19:30:00,29.464
2016-04-16 19:40:00,29.941
2016-04-16 19:50:00,30.394
2016-04-16 20:00:00,30.748
2016-04-16 20:10:00,31.561
2016-04-16 20:20:00,32.33
2016-04-16 20:30:00,32.924
2016-04-16 20:40:00,33.339
2016-04-16 20:50:00,33.783
2016-04-16 21:00:00,33.966
2016-04-16 21:10:00,34.229
2016-04-16 21:20:00,34.44
2016-04-16 21:30:00,34.255
2016-04-16 21:40:00,33.992
2016-04-16 21:50:00,33.783
2016-04-16 22:00:00,33.652
2016-04-16 22:10:00,33.678
2016-04-16 22:20:00,33.783
2016-04-16 22:30:00,33.548
2016-04-16 22:40:00,33.339
2016-04-16 22:50:00,33.079
2016-04-16 23:00:00,31.919
2016-04-16 23:10:00,29.815
2016-04-16 23:20:00,27.063
2016-04-16 23:30:00,23.761
2016-04-16 23:40:00,21.772
2016-04-16 23:50:00,21.103
2016-04-17 00:00:00,19.151
2016-04-17 00:10:00,17.106
2016-04-17 00:20:00,15.891
2016-04-17 00:30:00,14.242
2016-04-17 00:40:00,13.738
2016-04-17 00:50:00,13.497
2016-04-17 01:00:00,13.329
2016-04-17 01:10:00,13.161
2016-04-17 01:20:00,13.064
2016-04-17 01:30:00,13.016
2016-04-17 01:40:00,12.968
2016-04-17 01:50:00,12.92
2016-04-17 02:00:00,12.871
2016-04-17 02:10:00,12.823
2016-04-17 02:20:00,12.799
2016-04-17 02:30:00,12.775
2016-04-17 02:40:00,12.727
2016-04-17 02:50:00,12.727
2016-04-17 03:00:00,12.703
2016-04-17 03:10:00,12.678
2016-04-17 03:20:00,12.678
2016-04-17 03:30:00,12.654
2016-04-17 03:40:00,12.63
2016-04-17 03:50:00,12.63
2016-04-17 04:00:00,12.606
2016-04-17 04:10:00,12.606
2016-04-17 04:20:00,12.582
2016-04-17 04:30:00,12.582
2016-04-17 04:40:00,12.582
2016-04-17 04:50:00,12.558
2016-04-17 05:00:00,12.534
2016-04-17 05:10:00,12.534
2016-04-17 05:20:00,12.534
2016-04-17 05:30:00,12.534
2016-04-17 05:40:00,12.509
2016-04-17 05:50:00,12.509
2016-04-17 06:00:00,12.509
2016-04-17 06:10:00,12.485
2016-04-17 06:20:00,12.461
2016-04-17 06:30:00,12.316
2016-04-17 06:40:00,12.05
2016-04-17 06:50:00,11.953
2016-04-17 07:00:00,11.686
2016-04-17 07:10:00,10.81
2016-04-17 07:20:00,10.834
2016-04-17 07:30:00,10.834
2016-04-17 07:40:00,10.198
2016-04-17 07:50:00,9.805
2016-04-17 08:00:00,9.682
2016-04-17 08:10:00,9.78
2016-04-17 08:20:00,9.608
2016-04-17 08:30:00,9.682
2016-04-17 08:40:00,9.41
2016-04-17 08:50:00,9.485
2016-04-17 09:00:00,9.46
2016-04-17 09:10:00,9.583
2016-04-17 09:20:00,9.312
2016-04-17 09:30:00,8.965
2016-04-17 09:40:00,8.941
2016-04-17 09:50:00,9.188
2016-04-17 10:00:00,8.941
2016-04-17 10:10:00,8.419
2016-04-17 10:20:00,8.519
2016-04-17 10:30:00,8.494
2016-04-17 10:40:00,8.767
2016-04-17 10:50:00,8.792
2016-04-17 11:00:00,9.312
2016-04-17 11:10:00,10.614
2016-04-17 11:20:00,11.419
2016-04-17 11:30:00,11.492
2016-04-17 11:40:00,11.88
2016-04-17 11:50:00,11.88
2016-04-17 12:00:00,12.074
2016-04-17 12:10:00,12.098
2016-04-17 12:20:00,12.122
2016-04-17 12:30:00,12.147
2016-04-17 12:40:00,12.147
2016-04-17 12:50:00,12.147
2016-04-17 13:00:00,12.147
2016-04-17 13:10:00,12.147
2016-04-17 13:20:00,12.147
2016-04-17 13:30:00,12.147
2016-04-17 13:40:00,12.147
2016-04-17 13:50:00,12.147
2016-04-17 14:00:00,12.147
2016-04-17 14:10:00,12.147
2016-04-17 14:20:00,12.147
2016-04-17 14:30:00,12.219
2016-04-17 14:40:00,12.292
2016-04-17 14:50:00,12.316
2016-04-17 15:00:00,12.389
2016-04-17 15:10:00,12.437
2016-04-17 15:20:00,12.485
2016-04-17 15:30:00,12.534
2016-04-17 15:40:00,12.63
2016-04-17 15:50:00,12.654
2016-04-17 16:00:00,12.871
2016-04-17 16:10:00,12.944
2016-04-17 16:20:00,12.968
2016-04-17 16:30:00,13.088
2016-04-17 16:40:00,12.727
2016-04-17 16:50:00,13.088
2016-04-17 17:00:00,13.209
2016-04-17 17:10:00,13.305
2016-04-17 17:20:00,13.425
2016-04-17 17:30:00,13.497
2016-04-17 17:40:00,13.666
2016-04-17 17:50:00,13.666
2016-04-17 18:00:00,14.146
2016-04-17 18:10:00,15.485
2016-04-17 18:20:00,15.986
2016-04-17 18:30:00,18.937
2016-04-17 18:40:00,20.317
2016-04-17 18:50:00,22.274
2016-04-17 19:00:00,24.171
2016-04-17 19:10:00,24.919
2016-04-17 19:20:00,25.841
2016-04-17 19:30:00,26.793
2016-04-17 19:40:00,26.916
2016-04-17 19:50:00,28.245
2016-04-17 20:00:00,29.24
2016-04-17 20:10:00,29.916
2016-04-17 20:20:00,30.596
2016-04-17 20:30:00,30.849
2016-04-17 20:40:00,31.001
2016-04-17 20:50:00,31.357
2016-04-17 21:00:00,31.944
2016-04-17 21:10:00,32.433
2016-04-17 21:20:00,32.691
2016-04-17 21:30:00,32.768
2016-04-17 21:40:00,32.846
2016-04-17 21:50:00,32.562
2016-04-17 22:00:00,32.458
2016-04-17 22:10:00,32.536
2016-04-17 22:20:00,32.846
2016-04-17 22:30:00,33.001
2016-04-17 22:40:00,32.82
2016-04-17 22:50:00,32.613
2016-04-17 23:00:00,32.458
2016-04-17 23:10:00,32.33
2016-04-17 23:20:00,31.689
2016-04-17 23:30:00,31.026
2016-04-17 23:40:00,29.015
2016-04-17 23:50:00,27.186
2016-04-18 00:00:00,24.847
2016-04-18 00:10:00,20.365
2016-04-18 00:20:00,18.033
2016-04-18 00:30:00,17.034
2016-04-18 00:40:00,15.676
2016-04-18 00:50:00,14.553
2016-04-18 01:00:00,14.002
2016-04-18 01:10:00,13.786
2016-04-18 01:20:00,13.666
2016-04-18 01:30:00,13.546
2016-04-18 01:40:00,13.473
2016-04-18 01:50:00,13.401
2016-04-18 02:00:00,13.353
2016-04-18 02:10:00,13.305
2016-04-18 02:20:00,13.257
2016-04-18 02:30:00,13.233
2016-04-18 02:40:00,13.185
2016-04-18 02:50:00,13.161
2016-04-18 03:00:00,13.137
2016-04-18 03:10:00,13.112
2016-04-18 03:20:00,13.088
2016-04-18 03:30:00,13.064
2016-04-18 03:40:00,13.064
2016-04-18 03:50:00,13.064
2016-04-18 04:00:00,13.04
2016-04-18 04:10:00,13.04
2016-04-18 04:20:00,13.04
2016-04-18 04:30:00,13.016
2016-04-18 04:40:00,13.016
2016-04-18 04:50:00,13.016
2016-04-18 05:00:00,13.016
2016-04-18 05:10:00,13.016
2016-04-18 05:20:00,13.016
2016-04-18 05:30:00,12.992
2016-04-18 05:40:00,12.992
2016-04-18 05:50:00,12.992
2016-04-18 06:00:00,12.968
2016-04-18 06:10:00,12.968
2016-04-18 06:20:00,12.968
2016-04-18 06:30:00,12.968
2016-04-18 06:40:00,12.968
2016-04-18 06:50:00,12.944
2016-04-18 07:00:00,12.92
2016-04-18 07:10:00,12.871
2016-04-18 07:20:00,12.606
2016-04-18 07:30:00,12.485
2016-04-18 07:40:00,12.268
2016-04-18 07:50:00,12.122
2016-04-18 08:00:00,11.832
2016-04-18 08:10:00,12.243
2016-04-18 08:20:00,11.783
2016-04-18 08:30:00,11.492
2016-04-18 08:40:00,11.346
2016-04-18 08:50:00,11.151
2016-04-18 09:00:00,10.956
2016-04-18 09:10:00,10.785
2016-04-18 09:20:00,10.785
2016-04-18 09:30:00,10.663
2016-04-18 09:40:00,10.883
2016-04-18 09:50:00,10.565
2016-04-18 10:00:00,10.687
2016-04-18 10:10:00,11.248
2016-04-18 10:20:00,11.029
2016-04-18 10:30:00,10.712
2016-04-18 10:40:00,10.443
2016-04-18 10:50:00,10.271
2016-04-18 11:00:00,10.124
2016-04-18 11:10:00,9.903
2016-04-18 11:20:00,9.977
2016-04-18 11:30:00,9.928
2016-04-18 11:40:00,10.026
2016-04-18 11:50:00,9.805
2016-04-18 12:00:00,10.075
2016-04-18 12:10:00,10.956
2016-04-18 12:20:00,11.783
2016-04-18 12:30:00,11.248
2016-04-18 12:40:00,11.662
2016-04-18 12:50:00,12.316
2016-04-18 13:00:00,12.461
2016-04-18 13:10:00,12.582
2016-04-18 13:20:00,12.63
2016-04-18 13:30:00,12.654
2016-04-18 13:40:00,12.654
2016-04-18 13:50:00,12.678
2016-04-18 14:00:00,12.703
2016-04-18 14:10:00,12.703
2016-04-18 14:20:00,12.703
2016-04-18 14:30:00,12.775
2016-04-18 14:40:00,12.751
2016-04-18 14:50:00,12.727
2016-04-18 15:00:00,12.823
2016-04-18 15:10:00,12.92
2016-04-18 15:20:00,13.04
2016-04-18 15:30:00,13.016
2016-04-18 15:40:00,13.161
2016-04-18 15:50:00,13.185
2016-04-18 16:00:00,13.233
2016-04-18 16:10:00,13.185
2016-04-18 16:20:00,13.185
2016-04-18 16:30:00,13.185
2016-04-18 16:40:00,13.425
2016-04-18 16:50:00,13.401
2016-04-18 17:00:00,13.522
2016-04-18 17:10:00,13.57
2016-04-18 17:20:00,13.594
2016-04-18 17:30:00,13.714
2016-04-18 17:40:00,13.858
2016-04-18 17:50:00,13.858
2016-04-18 18:00:00,13.882
2016-04-18 18:10:00,14.122
2016-04-18 18:20:00,14.385
2016-04-18 18:30:00,14.529
2016-04-18 18:40:00,14.888
2016-04-18 18:50:00,15.151
2016-04-18 19:00:00,17.177
2016-04-18 19:10:00,18.509
2016-04-18 19:20:00,20.46
2016-04-18 19:30:00,21.676
2016-04-18 19:40:00,22.872
2016-04-18 19:50:00,24.267
2016-04-18 20:00:00,25.768
2016-04-18 20:10:00,26.891
2016-04-18 20:20:00,27.604
2016-04-18 20:30:00,28.742
2016-04-18 20:40:00,30.091
2016-04-18 20:50:00,31.077
2016-04-18 21:00:00,32.047
2016-04-18 21:10:00,32.975
2016-04-18 21:20:00,33.73
2016-04-18 21:30:00,34.281
2016-04-18 21:40:00,34.572
2016-04-18 21:50:00,34.836
2016-04-18 22:00:00,34.969
2016-04-18 22:10:00,34.942
2016-04-18 22:20:00,34.889
2016-04-18 22:30:00,34.704
2016-04-18 22:40:00,34.466
2016-04-18 22:50:00,34.334
2016-04-18 23:00:00,34.019
2016-04-18 23:10:00,33.757
2016-04-18 23:20:00,33.209
2016-04-18 23:30:00,32.587
2016-04-18 23:40:00,31.001
2016-04-18 23:50:00,30.444
2016-04-19 00:00:00,27.235
2016-04-19 00:10:00,24.75
2016-04-19 00:20:00,23.088
2016-04-19 00:30:00,21.079
2016-04-19 00:40:00,18.842
2016-04-19 00:50:00,17.867
2016-04-19 01:00:00,16.82
2016-04-19 01:10:00,16.082
2016-04-19 01:20:00,15.318
2016-04-19 01:30:00,14.96
2016-04-19 01:40:00,14.745
2016-04-19 01:50:00,14.625
2016-04-19 02:00:00,14.553
2016-04-19 02:10:00,14.481
2016-04-19 02:20:00,14.409
2016-04-19 02:30:00,14.337
2016-04-19 02:40:00,14.266
2016-04-19 02:50:00,14.218
2016-04-19 03:00:00,14.122
2016-04-19 03:10:00,14.05
2016-04-19 03:20:00,14.002
2016-04-19 03:30:00,13.978
2016-04-19 03:40:00,13.954
2016-04-19 03:50:00,13.978
2016-04-19 04:00:00,13.978
2016-04-19 04:10:00,13.954
2016-04-19 04:20:00,13.93
2016-04-19 04:30:00,13.93
2016-04-19 04:40:00,13.93
2016-04-19 04:50:00,13.906
2016-04-19 05:00:00,13.906
2016-04-19 05:10:00,13.882
2016-04-19 05:20:00,13.882
2016-04-19 05:30:00,13.81
2016-04-19 05:40:00,13.762
2016-04-19 05:50:00,13.714
2016-04-19 06:00:00,13.69
2016-04-19 06:10:00,13.666
2016-04-19 06:20:00,13.69
2016-04-19 06:30:00,13.69
2016-04-19 06:40:00,13.666
2016-04-19 06:50:00,13.642
2016-04-19 07:00:00,13.618
2016-04-19 07:10:00,13.594
2016-04-19 07:20:00,13.522
2016-04-19 07:30:00,13.233
2016-04-19 07:40:00,13.329
2016-04-19 07:50:00,13.209
2016-04-19 08:00:00,12.63
2016-04-19 08:10:00,12.461
2016-04-19 08:20:00,12.195
2016-04-19 08:30:00,12.025
2016-04-19 08:40:00,11.929
2016-04-19 08:50:00,11.832
2016-04-19 09:00:00,11.759
2016-04-19 09:10:00,11.637
2016-04-19 09:20:00,11.443
2016-04-19 09:30:00,11.467
2016-04-19 09:40:00,11.419
2016-04-19 09:50:00,11.297
2016-04-19 10:00:00,11.2
2016-04-19 10:10:00,11.224
2016-04-19 10:20:00,11.2
2016-04-19 10:30:00,11.053
2016-04-19 10:40:00,11.053
2016-04-19 10:50:00,10.883
2016-04-19 11:00:00,10.785
2016-04-19 11:10:00,10.785
2016-04-19 11:20:00,10.59
2016-04-19 11:30:00,10.32
2016-04-19 11:40:00,10.541
2016-04-19 11:50:00,10.614
2016-04-19 12:00:00,10.418
2016-04-19 12:10:00,10.467
2016-04-19 12:20:00,10.541
2016-04-19 12:30:00,10.443
2016-04-19 12:40:00,10.173
2016-04-19 12:50:00,10.565
2016-04-19 13:00:00,10.883
2016-04-19 13:10:00,10.614
2016-04-19 13:20:00,11.832
2016-04-19 13:30:00,12.703
2016-04-19 13:40:00,12.992
2016-04-19 13:50:00,13.088
2016-04-19 14:00:00,13.209
2016-04-19 14:10:00,13.257
2016-04-19 14:20:00,13.281
2016-04-19 14:30:00,13.305
2016-04-19 14:40:00,13.353
2016-04-19 14:50:00,13.329
2016-04-19 15:00:00,13.449
2016-04-19 15:10:00,13.618
2016-04-19 15:20:00,13.714
2016-04-19 15:30:00,13.666
2016-04-19 15:40:00,13.69
2016-04-19 15:50:00,14.002
2016-04-19 16:00:00,13.906
2016-04-19 16:10:00,13.81
2016-04-19 16:20:00,13.858
2016-04-19 16:30:00,13.834
2016-04-19 16:40:00,13.978
2016-04-19 16:50:00,13.93
2016-04-19 17:00:00,14.098
2016-04-19 17:10:00,14.098
2016-04-19 17:20:00,14.266
2016-04-19 17:30:00,14.17
2016-04-19 17:40:00,14.242
2016-04-19 17:50:00,14.098
2016-04-19 18:00:00,14.194
2016-04-19 18:10:00,14.337
2016-04-19 18:20:00,14.337
2016-04-19 18:30:00,14.409
2016-04-19 18:40:00,14.625
2016-04-19 18:50:00,14.697
2016-04-19 19:00:00,14.936
2016-04-19 19:10:00,15.103
2016-04-19 19:20:00,15.915
2016-04-19 19:30:00,17.772
2016-04-19 19:40:00,18.652
2016-04-19 19:50:00,20.031
2016-04-19 20:00:00,20.936
2016-04-19 20:10:00,21.891
2016-04-19 20:20:00,22.202
2016-04-19 20:30:00,22.824
2016-04-19 20:40:00,24.992
2016-04-19 20:50:00,25.283
2016-04-19 21:00:00,25.963
2016-04-19 21:10:00,25.939
2016-04-19 21:20:00,27.136
2016-04-19 21:30:00,27.259
2016-04-19 21:40:00,26.646
2016-04-19 21:50:00,26.329
2016-04-19 22:00:00,26.036
2016-04-19 22:10:00,25.623
2016-04-19 22:20:00,26.207
2016-04-19 22:30:00,25.987
2016-04-19 22:40:00,25.234
2016-04-19 22:50:00,25.866
2016-04-19 23:00:00,26.304
2016-04-19 23:10:00,26.524
2016-04-19 23:20:00,26.061
2016-04-19 23:30:00,24.532
2016-04-19 23:40:00,23.232
2016-04-19 23:50:00,23.16
2016-04-20 00:00:00,24.653
2016-04-20 00:10:00,24.532
2016-04-20 00:20:00,23.881
2016-04-20 00:30:00,22.776
2016-04-20 00:40:00,21.079
2016-04-20 00:50:00,20.031
2016-04-20 01:00:00,18.747
2016-04-20 01:10:00,17.034
2016-04-20 01:20:00,15.796
2016-04-20 01:30:00,14.936
2016-04-20 01:40:00,14.457
2016-04-20 01:50:00,14.266
2016-04-20 02:00:00,14.074
2016-04-20 02:10:00,13.978
2016-04-20 02:20:00,13.93
2016-04-20 02:30:00,13.882
2016-04-20 02:40:00,13.858
2016-04-20 02:50:00,13.834
2016-04-20 03:00:00,13.81
2016-04-20 03:10:00,13.762
2016-04-20 03:20:00,13.738
2016-04-20 03:30:00,13.714
2016-04-20 03:40:00,13.69
2016-04-20 03:50:00,13.666
2016-04-20 04:00:00,13.642
2016-04-20 04:10:00,13.642
2016-04-20 04:20:00,13.642
2016-04-20 04:30:00,13.618
2016-04-20 04:40:00,13.618
2016-04-20 04:50:00,13.618
2016-04-20 05:00:00,13.594
2016-04-20 05:10:00,13.594
2016-04-20 05:20:00,13.594
2016-04-20 05:30:00,13.57
2016-04-20 05:40:00,13.546
2016-04-20 05:50:00,13.546
2016-04-20 06:00:00,13.546
2016-04-20 06:10:00,13.546
2016-04-20 06:20:00,13.546
2016-04-20 06:30:00,13.522
2016-04-20 06:40:00,13.497
2016-04-20 06:50:00,13.497
2016-04-20 07:00:00,13.473
2016-04-20 07:10:00,13.473
2016-04-20 07:20:00,13.449
2016-04-20 07:30:00,13.425
2016-04-20 07:40:00,13.401
2016-04-20 07:50:00,13.185
2016-04-20 08:00:00,12.896
2016-04-20 08:10:00,12.34
2016-04-20 08:20:00,12.147
2016-04-20 08:30:00,11.565
2016-04-20 08:40:00,11.127
2016-04-20 08:50:00,10.614
2016-04-20 09:00:00,10.271
2016-04-20 09:10:00,10.026
2016-04-20 09:20:00,10.001
2016-04-20 09:30:00,9.78
2016-04-20 09:40:00,9.287
2016-04-20 09:50:00,9.312
2016-04-20 10:00:00,9.04
2016-04-20 10:10:00,8.817
2016-04-20 10:20:00,8.469
2016-04-20 10:30:00,8.319
2016-04-20 10:40:00,8.17
2016-04-20 10:50:00,7.92
2016-04-20 11:00:00,7.67
2016-04-20 11:10:00,7.594
2016-04-20 11:20:00,7.745
2016-04-20 11:30:00,7.92
2016-04-20 11:40:00,7.92
2016-04-20 11:50:00,7.945
2016-04-20 12:00:00,8.22
2016-04-20 12:10:00,8.195
2016-04-20 12:20:00,8.145
2016-04-20 12:30:00,8.494
2016-04-20 12:40:00,8.369
2016-04-20 12:50:00,8.27
2016-04-20 13:00:00,8.494
2016-04-20 13:10:00,8.841
2016-04-20 13:20:00,9.064
2016-04-20 13:30:00,8.866
2016-04-20 13:40:00,9.805
2016-04-20 13:50:00,10.761
2016-04-20 14:00:00,10.345
2016-04-20 14:10:00,11.856
2016-04-20 14:20:00,12.461
2016-04-20 14:30:00,12.823
2016-04-20 14:40:00,13.161
2016-04-20 14:50:00,13.329
2016-04-20 15:00:00,13.473
2016-04-20 15:10:00,13.546
2016-04-20 15:20:00,13.546
2016-04-20 15:30:00,13.666
2016-04-20 15:40:00,13.618
2016-04-20 15:50:00,13.642
2016-04-20 16:00:00,13.738
2016-04-20 16:10:00,13.666
2016-04-20 16:20:00,13.714
2016-04-20 16:30:00,13.69
2016-04-20 16:40:00,13.69
2016-04-20 16:50:00,13.81
2016-04-20 17:00:00,13.786
2016-04-20 17:10:00,13.762
2016-04-20 17:20:00,13.882
2016-04-20 17:30:00,13.93
2016-04-20 17:40:00,13.906
2016-04-20 17:50:00,13.978
2016-04-20 18:00:00,14.002
2016-04-20 18:10:00,13.93
2016-04-20 18:20:00,13.954
2016-04-20 18:30:00,14.074
2016-04-20 18:40:00,14.098
2016-04-20 18:50:00,14.146
2016-04-20 19:00:00,14.194
2016-04-20 19:10:00,14.218
2016-04-20 19:20:00,14.337
2016-04-20 19:30:00,14.218
2016-04-20 19:40:00,14.768
2016-04-20 19:50:00,14.697
2016-04-20 20:00:00,15.199
2016-04-20 20:10:00,16.01
2016-04-20 20:20:00,17.582
2016-04-20 20:30:00,16.582
2016-04-20 20:40:00,18.604
2016-04-20 20:50:00,20.15
2016-04-20 21:00:00,21.39
2016-04-20 21:10:00,21.223
2016-04-20 21:20:00,22.369
2016-04-20 21:30:00,23.737
2016-04-20 21:40:00,25.307
2016-04-20 21:50:00,26.622
2016-04-20 22:00:00,27.382
2016-04-20 22:10:00,28.32
2016-04-20 22:20:00,28.99
2016-04-20 22:30:00,29.439
2016-04-20 22:40:00,29.69
2016-04-20 22:50:00,29.765
2016-04-20 23:00:00,29.84
2016-04-20 23:10:00,29.84
2016-04-20 23:20:00,29.54
2016-04-20 23:30:00,29.389
2016-04-20 23:40:00,29.24
2016-04-20 23:50:00,28.742
2016-04-21 00:00:00,28.072
2016-04-21 00:10:00,27.284
2016-04-21 00:20:00,26.28
2016-04-21 00:30:00,25.089
2016-04-21 00:40:00,23.497
2016-04-21 00:50:00,22.345
2016-04-21 01:00:00,20.603
2016-04-21 01:10:00,17.368
2016-04-21 01:20:00,16.249
2016-04-21 01:30:00,15.175
2016-04-21 01:40:00,14.745
2016-04-21 01:50:00,14.194
2016-04-21 02:00:00,13.786
2016-04-21 02:10:00,13.594
2016-04-21 02:20:00,13.473
2016-04-21 02:30:00,13.401
2016-04-21 02:40:00,13.353
2016-04-21 02:50:00,13.329
2016-04-21 03:00:00,13.305
2016-04-21 03:10:00,13.329
2016-04-21 03:20:00,13.377
2016-04-21 03:30:00,13.401
2016-04-21 03:40:00,13.401
2016-04-21 03:50:00,13.401
2016-04-21 04:00:00,13.401
2016-04-21 04:10:00,13.401
2016-04-21 04:20:00,13.353
2016-04-21 04:30:00,13.305
2016-04-21 04:40:00,13.305
2016-04-21 04:50:00,13.281
2016-04-21 05:00:00,13.257
2016-04-21 05:10:00,13.257
2016-04-21 05:20:00,13.233
2016-04-21 05:30:00,13.257
2016-04-21 05:40:00,13.257
2016-04-21 05:50:00,13.257
2016-04-21 06:00:00,13.257
2016-04-21 06:10:00,13.257
2016-04-21 06:20:00,13.257
2016-04-21 06:30:00,13.257
2016-04-21 06:40:00,13.257
2016-04-21 06:50:00,13.257
2016-04-21 07:00:00,13.257
2016-04-21 07:10:00,13.233
2016-04-21 07:20:00,13.233
2016-04-21 07:30:00,13.233
2016-04-21 07:40:00,13.233
2016-04-21 07:50:00,13.233
2016-04-21 08:00:00,13.233
2016-04-21 08:10:00,13.161
2016-04-21 08:20:00,13.137
2016-04-21 08:30:00,12.968
2016-04-21 08:40:00,12.558
2016-04-21 08:50:00,12.074
2016-04-21 09:00:00,11.759
2016-04-21 09:10:00,11.565
2016-04-21 09:20:00,11.273
2016-04-21 09:30:00,10.956
2016-04-21 09:40:00,10.467
2016-04-21 09:50:00,10.026
2016-04-21 10:00:00,9.829
2016-04-21 10:10:00,9.558
2016-04-21 10:20:00,9.312
2016-04-21 10:30:00,9.188
2016-04-21 10:40:00,9.262
2016-04-21 10:50:00,9.114
2016-04-21 11:00:00,9.064
2016-04-21 11:10:00,9.485
2016-04-21 11:20:00,10.026
2016-04-21 11:30:00,10.271
2016-04-21 11:40:00,10.369
2016-04-21 11:50:00,10.198
2016-04-21 12:00:00,10.124
2016-04-21 12:10:00,9.805
2016-04-21 12:20:00,9.657
2016-04-21 12:30:00,9.608
2016-04-21 12:40:00,9.386
2016-04-21 12:50:00,9.558
2016-04-21 13:00:00,9.435
2016-04-21 13:10:00,9.262
2016-04-21 13:20:00,9.064
2016-04-21 13:30:00,9.015
2016-04-21 13:40:00,9.287
2016-04-21 13:50:00,9.78
2016-04-21 14:00:00,10.222
2016-04-21 14:10:00,10.492
2016-04-21 14:20:00,10.687
2016-04-21 14:30:00,11.127
2016-04-21 14:40:00,12.364
2016-04-21 14:50:00,12.799
2016-04-21 15:00:00,13.257
2016-04-21 15:10:00,13.449
2016-04-21 15:20:00,13.618
2016-04-21 15:30:00,13.762
2016-04-21 15:40:00,13.81
2016-04-21 15:50:00,13.858
2016-04-21 16:00:00,14.074
2016-04-21 16:10:00,14.002
2016-04-21 16:20:00,14.026
2016-04-21 16:30:00,14.002
2016-04-21 16:40:00,14.026
2016-04-21 16:50:00,14.098
2016-04-21 17:00:00,14.146
2016-04-21 17:10:00,14.17
2016-04-21 17:20:00,14.146
2016-04-21 17:30:00,14.194
2016-04-21 17:40:00,14.194
2016-04-21 17:50:00,14.218
2016-04-21 18:00:00,14.218
2016-04-21 18:10:00,14.242
2016-04-21 18:20:00,14.266
2016-04-21 18:30:00,14.194
2016-04-21 18:40:00,14.218
2016-04-21 18:50:00,14.194
2016-04-21 19:00:00,14.361
2016-04-21 19:10:00,14.29
2016-04-21 19:20:00,14.242
2016-04-21 19:30:00,14.314
2016-04-21 19:40:00,14.361
2016-04-21 19:50:00,14.409
2016-04-21 20:00:00,14.529
2016-04-21 20:10:00,14.601
2016-04-21 20:20:00,14.649
2016-04-21 20:30:00,15.557
2016-04-21 20:40:00,16.368
2016-04-21 20:50:00,17.058
2016-04-21 21:00:00,18.771
2016-04-21 21:10:00,19.46
2016-04-21 21:20:00,20.079
2016-04-21 21:30:00,20.531
2016-04-21 21:40:00,21.915
2016-04-21 21:50:00,23.256
2016-04-21 22:00:00,24.605
2016-04-21 22:10:00,25.768
2016-04-21 22:20:00,24.629
2016-04-21 22:30:00,24.774
2016-04-21 22:40:00,25.186
2016-04-21 22:50:00,26.109
2016-04-21 23:00:00,26.744
2016-04-21 23:10:00,27.112
2016-04-21 23:20:00,27.53
2016-04-21 23:30:00,27.579
2016-04-21 23:40:00,27.333
2016-04-21 23:50:00,26.989
2016-04-22 00:00:00,26.671
2016-04-22 00:10:00,26.134
2016-04-22 00:20:00,25.428
2016-04-22 00:30:00,24.026
2016-04-22 00:40:00,22.681
2016-04-22 00:50:00,21.175
2016-04-22 01:00:00,20.46
2016-04-22 01:10:00,18.01
2016-04-22 01:20:00,16.582
2016-04-22 01:30:00,15.581
2016-04-22 01:40:00,14.816
2016-04-22 01:50:00,14.266
2016-04-22 02:00:00,14.314
2016-04-22 02:10:00,13.882
2016-04-22 02:20:00,13.714
2016-04-22 02:30:00,13.642
2016-04-22 02:40:00,13.594
2016-04-22 02:50:00,13.546
2016-04-22 03:00:00,13.522
2016-04-22 03:10:00,13.473
2016-04-22 03:20:00,13.449
2016-04-22 03:30:00,13.425
2016-04-22 03:40:00,13.401
2016-04-22 03:50:00,13.401
2016-04-22 04:00:00,13.377
2016-04-22 04:10:00,13.377
2016-04-22 04:20:00,13.353
2016-04-22 04:30:00,13.353
2016-04-22 04:40:00,13.377
2016-04-22 04:50:00,13.377
2016-04-22 05:00:00,13.377
2016-04-22 05:10:00,13.377
2016-04-22 05:20:00,13.377
2016-04-22 05:30:00,13.353
2016-04-22 05:40:00,13.353
2016-04-22 05:50:00,13.329
2016-04-22 06:00:00,13.329
2016-04-22 06:10:00,13.329
2016-04-22 06:20:00,13.305
2016-04-22 06:30:00,13.305
2016-04-22 06:40:00,13.305
2016-04-22 06:50:00,13.281
2016-04-22 07:00:00,13.281
2016-04-22 07:10:00,13.281
2016-04-22 07:20:00,13.257
2016-04-22 07:30:00,13.281
2016-04-22 07:40:00,13.281
2016-04-22 07:50:00,13.305
2016-04-22 08:00:00,13.305
2016-04-22 08:10:00,13.329
2016-04-22 08:20:00,13.353
2016-04-22 08:30:00,13.329
2016-04-22 08:40:00,13.377
2016-04-22 08:50:00,13.353
2016-04-22 09:00:00,12.944
2016-04-22 09:10:00,12.534
2016-04-22 09:20:00,12.364
2016-04-22 09:30:00,12.195
2016-04-22 09:40:00,12.243
2016-04-22 09:50:00,12.268
2016-04-22 10:00:00,12.268
2016-04-22 10:10:00,12.171
2016-04-22 10:20:00,12.195
2016-04-22 10:30:00,12.268
2016-04-22 10:40:00,12.534
2016-04-22 10:50:00,12.678
2016-04-22 11:00:00,12.678
2016-04-22 11:10:00,12.703
2016-04-22 11:20:00,12.727
2016-04-22 11:30:00,12.63
2016-04-22 11:40:00,12.485
2016-04-22 11:50:00,12.316
2016-04-22 12:00:00,12.122
2016-04-22 12:10:00,11.953
2016-04-22 12:20:00,11.856
2016-04-22 12:30:00,11.686
2016-04-22 12:40:00,11.54
2016-04-22 12:50:00,11.346
2016-04-22 13:00:00,11.2
2016-04-22 13:10:00,11.175
2016-04-22 13:20:00,11.175
2016-04-22 13:30:00,11.321
2016-04-22 13:40:00,11.54
2016-04-22 13:50:00,11.977
2016-04-22 14:00:00,12.389
2016-04-22 14:10:00,12.727
2016-04-22 14:20:00,13.112
2016-04-22 14:30:00,13.112
2016-04-22 14:40:00,13.377
2016-04-22 14:50:00,14.505
2016-04-22 15:00:00,15.055
2016-04-22 15:10:00,15.485
2016-04-22 15:20:00,15.605
2016-04-22 15:30:00,15.223
2016-04-22 15:40:00,14.96
2016-04-22 15:50:00,15.151
2016-04-22 16:00:00,14.768
2016-04-22 16:10:00,14.745
2016-04-22 16:20:00,14.768
2016-04-22 16:30:00,14.768
2016-04-22 16:40:00,14.577
2016-04-22 16:50:00,14.433
2016-04-22 17:00:00,14.266
2016-04-22 17:10:00,14.481
2016-04-22 17:20:00,14.505
2016-04-22 17:30:00,14.577
2016-04-22 17:40:00,14.553
2016-04-22 17:50:00,14.457
2016-04-22 18:00:00,14.337
2016-04-22 18:10:00,14.29
2016-04-22 18:20:00,14.361
2016-04-22 18:30:00,14.409
2016-04-22 18:40:00,14.361
2016-04-22 18:50:00,14.361
2016-04-22 19:00:00,14.385
2016-04-22 19:10:00,14.433
2016-04-22 19:20:00,14.481
2016-04-22 19:30:00,14.505
2016-04-22 19:40:00,14.625
2016-04-22 19:50:00,14.625
2016-04-22 20:00:00,14.697
2016-04-22 20:10:00,14.745
2016-04-22 20:20:00,14.816
2016-04-22 20:30:00,14.745
2016-04-22 20:40:00,14.936
2016-04-22 20:50:00,15.199
2016-04-22 21:00:00,14.984
2016-04-22 21:10:00,15.438
2016-04-22 21:20:00,15.27
2016-04-22 21:30:00,15.103
2016-04-22 21:40:00,15.652
2016-04-22 21:50:00,17.153
2016-04-22 22:00:00,17.701
2016-04-22 22:10:00,18.271
2016-04-22 22:20:00,18.271
2016-04-22 22:30:00,18.652
2016-04-22 22:40:00,19.698
2016-04-22 22:50:00,20.079
2016-04-22 23:00:00,20.007
2016-04-22 23:10:00,19.698
2016-04-22 23:20:00,20.603
2016-04-22 23:30:00,21.127
2016-04-22 23:40:00,22.13
2016-04-22 23:50:00,22.968
2016-04-23 00:00:00,22.92
2016-04-23 00:10:00,22.034
2016-04-23 00:20:00,20.15
2016-04-23 00:30:00,19.817
2016-04-23 00:40:00,19.318
2016-04-23 00:50:00,18.747
2016-04-23 01:00:00,18.081
2016-04-23 01:10:00,17.082
2016-04-23 01:20:00,16.487
2016-04-23 01:30:00,15.843
2016-04-23 01:40:00,15.27
2016-04-23 01:50:00,15.318
2016-04-23 02:00:00,15.008
2016-04-23 02:10:00,14.888
2016-04-23 02:20:00,14.721
2016-04-23 02:30:00,14.625
2016-04-23 02:40:00,14.553
2016-04-23 02:50:00,14.529
2016-04-23 03:00:00,14.481
2016-04-23 03:10:00,14.457
2016-04-23 03:20:00,14.433
2016-04-23 03:30:00,14.409
2016-04-23 03:40:00,14.361
2016-04-23 03:50:00,14.314
2016-04-23 04:00:00,14.29
2016-04-23 04:10:00,14.266
2016-04-23 04:20:00,14.218
2016-04-23 04:30:00,14.17
2016-04-23 04:40:00,14.146
2016-04-23 04:50:00,14.146
2016-04-23 05:00:00,14.098
2016-04-23 05:10:00,14.074
2016-04-23 05:20:00,14.05
2016-04-23 05:30:00,14.026
2016-04-23 05:40:00,14.05
2016-04-23 05:50:00,14.026
2016-04-23 06:00:00,14.026
2016-04-23 06:10:00,14.026
2016-04-23 06:20:00,14.05
2016-04-23 06:30:00,14.05
2016-04-23 06:40:00,14.05
2016-04-23 06:50:00,14.026
2016-04-23 07:00:00,14.002
2016-04-23 07:10:00,13.978
2016-04-23 07:20:00,13.978
2016-04-23 07:30:00,13.954
2016-04-23 07:40:00,13.93
2016-04-23 07:50:00,13.906
2016-04-23 08:00:00,13.882
2016-04-23 08:10:00,13.882
2016-04-23 08:20:00,13.882
2016-04-23 08:30:00,13.882
2016-04-23 08:40:00,13.882
2016-04-23 08:50:00,13.858
2016-04-23 09:00:00,13.858
2016-04-23 09:10:00,13.714
2016-04-23 09:20:00,13.69
2016-04-23 09:30:00,13.161
2016-04-23 09:40:00,12.992
2016-04-23 09:50:00,12.606
2016-04-23 10:00:00,12.147
2016-04-23 10:10:00,11.783
2016-04-23 10:20:00,11.37
2016-04-23 10:30:00,11.005
2016-04-23 10:40:00,10.614
2016-04-23 10:50:00,10.345
2016-04-23 11:00:00,10.1
2016-04-23 11:10:00,9.928
2016-04-23 11:20:00,9.78
2016-04-23 11:30:00,9.682
2016-04-23 11:40:00,9.583
2016-04-23 11:50:00,9.46
2016-04-23 12:00:00,9.336
2016-04-23 12:10:00,9.188
2016-04-23 12:20:00,9.114
2016-04-23 12:30:00,9.015
2016-04-23 12:40:00,8.941
2016-04-23 12:50:00,8.866
2016-04-23 13:00:00,8.841
2016-04-23 13:10:00,8.792
2016-04-23 13:20:00,8.767
2016-04-23 13:30:00,8.742
2016-04-23 13:40:00,8.767
2016-04-23 13:50:00,8.891
2016-04-23 14:00:00,9.04
2016-04-23 14:10:00,9.238
2016-04-23 14:20:00,9.534
2016-04-23 14:30:00,9.903
2016-04-23 14:40:00,10.883
2016-04-23 14:50:00,12.364
2016-04-23 15:00:00,13.425
2016-04-23 15:10:00,14.098
2016-04-23 15:20:00,14.721
2016-04-23 15:30:00,15.055
2016-04-23 15:40:00,15.461
2016-04-23 15:50:00,15.581
2016-04-23 16:00:00,16.082
2016-04-23 16:10:00,15.103
2016-04-23 16:20:00,15.366
2016-04-23 16:30:00,15.151
2016-04-23 16:40:00,15.127
2016-04-23 16:50:00,15.055
2016-04-23 17:00:00,14.912
2016-04-23 17:10:00,14.984
2016-04-23 17:20:00,15.175
2016-04-23 17:30:00,14.912
2016-04-23 17:40:00,14.792
2016-04-23 17:50:00,14.864
2016-04-23 18:00:00,14.96
2016-04-23 18:10:00,14.864
2016-04-23 18:20:00,14.816
2016-04-23 18:30:00,14.768
2016-04-23 18:40:00,14.816
2016-04-23 18:50:00,14.721
2016-04-23 19:00:00,14.768
2016-04-23 19:10:00,14.768
2016-04-23 19:20:00,14.768
2016-04-23 19:30:00,14.792
2016-04-23 19:40:00,14.816
2016-04-23 19:50:00,14.816
2016-04-23 20:00:00,14.816
2016-04-23 20:10:00,14.745
2016-04-23 20:20:00,14.816
2016-04-23 20:30:00,14.816
2016-04-23 20:40:00,14.864
2016-04-23 20:50:00,14.816
2016-04-23 21:00:00,14.816
2016-04-23 21:10:00,14.936
2016-04-23 21:20:00,14.96
2016-04-23 21:30:00,15.055
2016-04-23 21:40:00,14.984
2016-04-23 21:50:00,15.008
2016-04-23 22:00:00,14.96
2016-04-23 22:10:00,15.247
2016-04-23 22:20:00,15.366
2016-04-23 22:30:00,15.629
2016-04-23 22:40:00,15.318
2016-04-23 22:50:00,15.485
2016-04-23 23:00:00,15.629
2016-04-23 23:10:00,15.986
2016-04-23 23:20:00,16.01
2016-04-23 23:30:00,16.32
2016-04-23 23:40:00,16.296
2016-04-23 23:50:00,15.915
2016-04-24 00:00:00,15.103
2016-04-24 00:10:00,15.031
2016-04-24 00:20:00,15.175
2016-04-24 00:30:00,14.96
2016-04-24 00:40:00,14.96
2016-04-24 00:50:00,14.816
2016-04-24 01:00:00,14.697
2016-04-24 01:10:00,14.505
2016-04-24 01:20:00,14.242
2016-04-24 01:30:00,14.122
2016-04-24 01:40:00,13.978
2016-04-24 01:50:00,13.882
2016-04-24 02:00:00,13.834
2016-04-24 02:10:00,13.738
2016-04-24 02:20:00,13.642
2016-04-24 02:30:00,13.594
2016-04-24 02:40:00,13.546
2016-04-24 02:50:00,13.546
2016-04-24 03:00:00,13.522
2016-04-24 03:10:00,13.497
2016-04-24 03:20:00,13.497
2016-04-24 03:30:00,13.522
2016-04-24 03:40:00,13.522
2016-04-24 03:50:00,13.497
2016-04-24 04:00:00,13.497
2016-04-24 04:10:00,13.497
2016-04-24 04:20:00,13.497
2016-04-24 04:30:00,13.546
2016-04-24 04:40:00,13.57
2016-04-24 04:50:00,13.57
2016-04-24 05:00:00,13.594
2016-04-24 05:10:00,13.618
2016-04-24 05:20:00,13.618
2016-04-24 05:30:00,13.594
2016-04-24 05:40:00,13.594
2016-04-24 05:50:00,13.594
2016-04-24 06:00:00,13.594
2016-04-24 06:10:00,13.618
2016-04-24 06:20:00,13.594
2016-04-24 06:30:00,13.57
2016-04-24 06:40:00,13.594
2016-04-24 06:50:00,13.642
2016-04-24 07:00:00,13.666
2016-04-24 07:10:00,13.69
2016-04-24 07:20:00,13.69
2016-04-24 07:30:00,13.69
2016-04-24 07:40:00,13.69
2016-04-24 07:50:00,13.69
2016-04-24 08:00:00,13.666
2016-04-24 08:10:00,13.666
2016-04-24 08:20:00,13.69
2016-04-24 08:30:00,13.69
2016-04-24 08:40:00,13.69
2016-04-24 08:50:00,13.714
2016-04-24 09:00:00,13.714
2016-04-24 09:10:00,13.714
2016-04-24 09:20:00,13.714
2016-04-24 09:30:00,13.69
2016-04-24 09:40:00,13.69
2016-04-24 09:50:00,13.642
2016-04-24 10:00:00,13.57
2016-04-24 10:10:00,13.401
2016-04-24 10:20:00,12.944
2016-04-24 10:30:00,12.654
2016-04-24 10:40:00,12.509
2016-04-24 10:50:00,12.364
2016-04-24 11:00:00,12.268
2016-04-24 11:10:00,12.219
2016-04-24 11:20:00,12.147
2016-04-24 11:30:00,12.074
2016-04-24 11:40:00,12.025
2016-04-24 11:50:00,12.001
2016-04-24 12:00:00,11.953
2016-04-24 12:10:00,11.929
2016-04-24 12:20:00,11.904
2016-04-24 12:30:00,11.856
2016-04-24 12:40:00,11.832
2016-04-24 12:50:00,11.807
2016-04-24 13:00:00,11.807
2016-04-24 13:10:00,11.856
2016-04-24 13:20:00,11.929
2016-04-24 13:30:00,11.953
2016-04-24 13:40:00,12.025
2016-04-24 13:50:00,12.074
2016-04-24 14:00:00,12.171
2016-04-24 14:10:00,12.292
2016-04-24 14:20:00,12.364
2016-04-24 14:30:00,12.63
2016-04-24 14:40:00,12.847
2016-04-24 14:50:00,13.016
2016-04-24 15:00:00,13.305
2016-04-24 15:10:00,13.906
2016-04-24 15:20:00,14.649
2016-04-24 15:30:00,14.194
2016-04-24 15:40:00,14.074
2016-04-24 15:50:00,14.242
2016-04-24 16:00:00,14.481
2016-04-24 16:10:00,14.457
2016-04-24 16:20:00,14.218
2016-04-24 16:30:00,14.002
2016-04-24 16:40:00,15.079
2016-04-24 16:50:00,15.27
2016-04-24 17:00:00,14.96
2016-04-24 17:10:00,15.223
2016-04-24 17:20:00,14.697
2016-04-24 17:30:00,14.218
2016-04-24 17:40:00,14.17
2016-04-24 17:50:00,14.337
2016-04-24 18:00:00,14.625
2016-04-24 18:10:00,14.409
2016-04-24 18:20:00,14.337
2016-04-24 18:30:00,14.266
2016-04-24 18:40:00,14.17
2016-04-24 18:50:00,13.906
2016-04-24 19:00:00,13.906
2016-04-24 19:10:00,14.074
2016-04-24 19:20:00,14.074
2016-04-24 19:30:00,14.098
2016-04-24 19:40:00,14.146
2016-04-24 19:50:00,14.074
2016-04-24 20:00:00,14.098
2016-04-24 20:10:00,14.17
2016-04-24 20:20:00,14.218
2016-04-24 20:30:00,14.29
2016-04-24 20:40:00,14.361
2016-04-24 20:50:00,14.433
2016-04-24 21:00:00,14.457
2016-04-24 21:10:00,14.553
2016-04-24 21:20:00,14.577
2016-04-24 21:30:00,14.601
2016-04-24 21:40:00,14.649
2016-04-24 21:50:00,14.673
2016-04-24 22:00:00,14.745
2016-04-24 22:10:00,14.673
2016-04-24 22:20:00,14.768
2016-04-24 22:30:00,14.745
2016-04-24 22:40:00,14.768
2016-04-24 22:50:00,14.84
2016-04-24 23:00:00,15.151
2016-04-24 23:10:00,15.175
2016-04-24 23:20:00,15.031
2016-04-24 23:30:00,15.175
2016-04-24 23:40:00,15.055
2016-04-24 23:50:00,15.127
2016-04-25 00:00:00,15.151
2016-04-25 00:10:00,14.912
2016-04-25 00:20:00,15.127
2016-04-25 00:30:00,15.151
2016-04-25 00:40:00,14.984
2016-04-25 00:50:00,14.864
2016-04-25 01:00:00,14.577
2016-04-25 01:10:00,14.529
2016-04-25 01:20:00,14.242
2016-04-25 01:30:00,14.242
2016-04-25 01:40:00,14.098
2016-04-25 01:50:00,14.002
2016-04-25 02:00:00,13.882
2016-04-25 02:10:00,13.834
2016-04-25 02:20:00,13.834
2016-04-25 02:30:00,13.786
2016-04-25 02:40:00,13.762
2016-04-25 02:50:00,13.714
2016-04-25 03:00:00,13.666
2016-04-25 03:10:00,13.618
2016-04-25 03:20:00,13.594
2016-04-25 03:30:00,13.546
2016-04-25 03:40:00,13.522
2016-04-25 03:50:00,13.449
2016-04-25 04:00:00,13.401
2016-04-25 04:10:00,13.353
2016-04-25 04:20:00,13.329
2016-04-25 04:30:00,13.305
2016-04-25 04:40:00,13.281
2016-04-25 04:50:00,13.281
2016-04-25 05:00:00,13.257
2016-04-25 05:10:00,13.233
2016-04-25 05:20:00,13.209
2016-04-25 05:30:00,13.161
2016-04-25 05:40:00,13.112
2016-04-25 05:50:00,13.088
2016-04-25 06:00:00,13.064
2016-04-25 06:10:00,13.04
2016-04-25 06:20:00,13.016
2016-04-25 06:30:00,12.968
2016-04-25 06:40:00,12.968
2016-04-25 06:50:00,12.944
2016-04-25 07:00:00,12.896
2016-04-25 07:10:00,12.871
2016-04-25 07:20:00,12.823
2016-04-25 07:30:00,12.799
2016-04-25 07:40:00,12.751
2016-04-25 07:50:00,12.727
2016-04-25 08:00:00,12.703
2016-04-25 08:10:00,12.678
2016-04-25 08:20:00,12.63
2016-04-25 08:30:00,12.606
2016-04-25 08:40:00,12.558
2016-04-25 08:50:00,12.534
2016-04-25 09:00:00,12.509
2016-04-25 09:10:00,12.461
2016-04-25 09:20:00,12.437
2016-04-25 09:30:00,12.413
2016-04-25 09:40:00,12.389
2016-04-25 09:50:00,12.34
2016-04-25 10:00:00,12.316
2016-04-25 10:10:00,12.268
2016-04-25 10:20:00,12.195
2016-04-25 10:30:00,12.122
2016-04-25 10:40:00,11.783
2016-04-25 10:50:00,11.273
2016-04-25 11:00:00,11.394
2016-04-25 11:10:00,10.761
2016-04-25 11:20:00,10.345
2016-04-25 11:30:00,10.198
2016-04-25 11:40:00,10.001
2016-04-25 11:50:00,9.903
2016-04-25 12:00:00,9.854
2016-04-25 12:10:00,9.829
2016-04-25 12:20:00,9.829
2016-04-25 12:30:00,9.78
2016-04-25 12:40:00,9.756
2016-04-25 12:50:00,9.706
2016-04-25 13:00:00,9.706
2016-04-25 13:10:00,9.682
2016-04-25 13:20:00,9.682
2016-04-25 13:30:00,9.682
2016-04-25 13:40:00,9.731
2016-04-25 13:50:00,9.78
2016-04-25 14:00:00,9.903
2016-04-25 14:10:00,10.026
2016-04-25 14:20:00,10.149
2016-04-25 14:30:00,10.345
2016-04-25 14:40:00,11.053
2016-04-25 14:50:00,11.807
2016-04-25 15:00:00,12.582
2016-04-25 15:10:00,13.209
2016-04-25 15:20:00,13.281
2016-04-25 15:30:00,13.858
2016-04-25 15:40:00,14.409
2016-04-25 15:50:00,14.721
2016-04-25 16:00:00,15.055
2016-04-25 16:10:00,15.151
2016-04-25 16:20:00,16.249
2016-04-25 16:30:00,17.034
2016-04-25 16:40:00,16.749
2016-04-25 16:50:00,16.558
2016-04-25 17:00:00,15.27
2016-04-25 17:10:00,14.17
2016-04-25 17:20:00,14.146
2016-04-25 17:30:00,14.074
2016-04-25 17:40:00,13.762
2016-04-25 17:50:00,13.425
2016-04-25 18:00:00,13.233
2016-04-25 18:10:00,13.016
2016-04-25 18:20:00,13.185
2016-04-25 18:30:00,12.992
2016-04-25 18:40:00,12.944
2016-04-25 18:50:00,12.944
2016-04-25 19:00:00,12.896
2016-04-25 19:10:00,12.823
2016-04-25 19:20:00,12.775
2016-04-25 19:30:00,12.775
2016-04-25 19:40:00,12.799
2016-04-25 19:50:00,12.799
2016-04-25 20:00:00,12.847
2016-04-25 20:10:00,12.847
2016-04-25 20:20:00,12.92
2016-04-25 20:30:00,12.944
2016-04-25 20:40:00,12.871
2016-04-25 20:50:00,12.871
2016-04-25 21:00:00,12.968
2016-04-25 21:10:00,12.992
2016-04-25 21:20:00,12.992
2016-04-25 21:30:00,13.04
2016-04-25 21:40:00,13.088
2016-04-25 21:50:00,13.064
2016-04-25 22:00:00,13.088
2016-04-25 22:10:00,12.992
2016-04-25 22:20:00,12.92
2016-04-25 22:30:00,12.92
2016-04-25 22:40:00,12.992
2016-04-25 22:50:00,13.016
2016-04-25 23:00:00,12.992
2016-04-25 23:10:00,12.992
2016-04-25 23:20:00,12.944
2016-04-25 23:30:00,12.944
2016-04-25 23:40:00,12.968
2016-04-25 23:50:00,12.92
2016-04-26 00:00:00,12.944
2016-04-26 00:10:00,12.968
2016-04-26 00:20:00,12.968
2016-04-26 00:30:00,12.871
2016-04-26 00:40:00,12.847
2016-04-26 00:50:00,12.775
2016-04-26 01:00:00,12.751
2016-04-26 01:10:00,12.678
2016-04-26 01:20:00,12.654
2016-04-26 01:30:00,12.558
2016-04-26 01:40:00,12.509
2016-04-26 01:50:00,12.437
2016-04-26 02:00:00,12.389
2016-04-26 02:10:00,12.316
2016-04-26 02:20:00,12.268
2016-04-26 02:30:00,12.243
2016-04-26 02:40:00,12.219
2016-04-26 02:50:00,12.171
2016-04-26 03:00:00,12.171
2016-04-26 03:10:00,12.171
2016-04-26 03:20:00,12.147
2016-04-26 03:30:00,12.147
2016-04-26 03:40:00,12.147
2016-04-26 03:50:00,12.122
2016-04-26 04:00:00,12.122
2016-04-26 04:10:00,12.098
2016-04-26 04:20:00,12.098
2016-04-26 04:30:00,12.074
2016-04-26 04:40:00,12.074
2016-04-26 04:50:00,12.05
2016-04-26 05:00:00,12.025
2016-04-26 05:10:00,12.001
2016-04-26 05:20:00,12.001
2016-04-26 05:30:00,11.977
2016-04-26 05:40:00,11.953
2016-04-26 05:50:00,11.929
2016-04-26 06:00:00,11.929
2016-04-26 06:10:00,11.904
2016-04-26 06:20:00,11.904
2016-04-26 06:30:00,11.88
2016-04-26 06:40:00,11.88
2016-04-26 06:50:00,11.856
2016-04-26 07:00:00,11.856
2016-04-26 07:10:00,11.807
2016-04-26 07:20:00,11.807
2016-04-26 07:30:00,11.783
2016-04-26 07:40:00,11.759
2016-04-26 07:50:00,11.734
2016-04-26 08:00:00,11.734
2016-04-26 08:10:00,11.71
2016-04-26 08:20:00,11.686
2016-04-26 08:30:00,11.662
2016-04-26 08:40:00,11.637
2016-04-26 08:50:00,11.613
2016-04-26 09:00:00,11.589
2016-04-26 09:10:00,11.565
2016-04-26 09:20:00,11.565
2016-04-26 09:30:00,11.54
2016-04-26 09:40:00,11.516
2016-04-26 09:50:00,11.516
2016-04-26 10:00:00,11.492
2016-04-26 10:10:00,11.467
2016-04-26 10:20:00,11.467
2016-04-26 10:30:00,11.443
2016-04-26 10:40:00,11.419
2016-04-26 10:50:00,11.394
2016-04-26 11:00:00,11.297
2016-04-26 11:10:00,10.858
2016-04-26 11:20:00,11.102
2016-04-26 11:30:00,10.614
2016-04-26 11:40:00,10.418
2016-04-26 11:50:00,10.173
2016-04-26 12:00:00,10.026
2016-04-26 12:10:00,9.952
2016-04-26 12:20:00,9.879
2016-04-26 12:30:00,9.805
2016-04-26 12:40:00,9.829
2016-04-26 12:50:00,9.829
2016-04-26 13:00:00,9.805
2016-04-26 13:10:00,9.731
2016-04-26 13:20:00,9.657
2016-04-26 13:30:00,9.657
2016-04-26 13:40:00,9.756
2016-04-26 13:50:00,9.928
2016-04-26 14:00:00,10.026
2016-04-26 14:10:00,10.075
2016-04-26 14:20:00,10.149
2016-04-26 14:30:00,10.345
2016-04-26 14:40:00,11.053
2016-04-26 14:50:00,11.832
2016-04-26 15:00:00,12.437
2016-04-26 15:10:00,12.703
2016-04-26 15:20:00,12.944
2016-04-26 15:30:00,13.377
2016-04-26 15:40:00,14.002
2016-04-26 15:50:00,14.529
2016-04-26 16:00:00,15.079
2016-04-26 16:10:00,15.652
2016-04-26 16:20:00,16.177
2016-04-26 16:30:00,17.249
2016-04-26 16:40:00,18.057
2016-04-26 16:50:00,19.127
2016-04-26 17:00:00,19.199
2016-04-26 17:10:00,19.175
2016-04-26 17:20:00,19.888
2016-04-26 17:30:00,20.174
2016-04-26 17:40:00,18.771
2016-04-26 17:50:00,18.485
2016-04-26 18:00:00,18.937
2016-04-26 18:10:00,17.605
2016-04-26 18:20:00,15.605
2016-04-26 18:30:00,16.749
2016-04-26 18:40:00,14.457
2016-04-26 18:50:00,13.738
2016-04-26 19:00:00,13.786
2016-04-26 19:10:00,13.618
2016-04-26 19:20:00,13.642
2016-04-26 19:30:00,13.064
2016-04-26 19:40:00,13.088
2016-04-26 19:50:00,13.064
2016-04-26 20:00:00,12.944
2016-04-26 20:10:00,12.799
2016-04-26 20:20:00,12.727
2016-04-26 20:30:00,12.727
2016-04-26 20:40:00,12.751
2016-04-26 20:50:00,12.703
2016-04-26 21:00:00,12.727
2016-04-26 21:10:00,12.63
2016-04-26 21:20:00,12.63
2016-04-26 21:30:00,12.654
2016-04-26 21:40:00,12.582
2016-04-26 21:50:00,12.582
2016-04-26 22:00:00,12.678
2016-04-26 22:10:00,12.678
2016-04-26 22:20:00,12.727
2016-04-26 22:30:00,12.727
2016-04-26 22:40:00,12.678
2016-04-26 22:50:00,12.63
2016-04-26 23:00:00,12.678
2016-04-26 23:10:00,12.823
2016-04-26 23:20:00,12.775
2016-04-26 23:30:00,12.727
2016-04-26 23:40:00,12.823
2016-04-26 23:50:00,12.727
2016-04-27 00:00:00,12.775
2016-04-27 00:10:00,12.968
2016-04-27 00:20:00,12.823
2016-04-27 00:30:00,12.92
2016-04-27 00:40:00,12.727
2016-04-27 00:50:00,12.799
2016-04-27 01:00:00,12.727
2016-04-27 01:10:00,12.799
2016-04-27 01:20:00,12.63
2016-04-27 01:30:00,12.606
2016-04-27 01:40:00,12.534
2016-04-27 01:50:00,12.389
2016-04-27 02:00:00,12.268
2016-04-27 02:10:00,12.098
2016-04-27 02:20:00,12.074
2016-04-27 02:30:00,12.098
2016-04-27 02:40:00,11.953
2016-04-27 02:50:00,12.001
2016-04-27 03:00:00,12.025
2016-04-27 03:10:00,11.977
2016-04-27 03:20:00,11.953
2016-04-27 03:30:00,11.929
2016-04-27 03:40:00,11.904
2016-04-27 03:50:00,11.904
2016-04-27 04:00:00,11.904
2016-04-27 04:10:00,11.856
2016-04-27 04:20:00,11.807
2016-04-27 04:30:00,11.783
2016-04-27 04:40:00,11.759
2016-04-27 04:50:00,11.759
2016-04-27 05:00:00,11.759
2016-04-27 05:10:00,11.734
2016-04-27 05:20:00,11.71
2016-04-27 05:30:00,11.662
2016-04-27 05:40:00,11.662
2016-04-27 05:50:00,11.637
2016-04-27 06:00:00,11.613
2016-04-27 06:10:00,11.589
2016-04-27 06:20:00,11.589
2016-04-27 06:30:00,11.589
2016-04-27 06:40:00,11.589
2016-04-27 06:50:00,11.565
2016-04-27 07:00:00,11.565
2016-04-27 07:10:00,11.54
2016-04-27 07:20:00,11.516
2016-04-27 07:30:00,11.516
2016-04-27 07:40:00,11.492
2016-04-27 07:50:00,11.492
2016-04-27 08:00:00,11.467
2016-04-27 08:10:00,11.467
2016-04-27 08:20:00,11.443
2016-04-27 08:30:00,11.443
2016-04-27 08:40:00,11.419
2016-04-27 08:50:00,11.419
2016-04-27 09:00:00,11.394
2016-04-27 09:10:00,11.37
2016-04-27 09:20:00,11.37
2016-04-27 09:30:00,11.37
2016-04-27 09:40:00,11.37
2016-04-27 09:50:00,11.37
2016-04-27 10:00:00,11.37
2016-04-27 10:10:00,11.346
2016-04-27 10:20:00,11.346
2016-04-27 10:30:00,11.346
2016-04-27 10:40:00,11.346
2016-04-27 10:50:00,11.321
2016-04-27 11:00:00,11.297
2016-04-27 11:10:00,11.273
2016-04-27 11:20:00,11.273
2016-04-27 11:30:00,11.127
2016-04-27 11:40:00,10.956
2016-04-27 11:50:00,10.785
2016-04-27 12:00:00,10.907
2016-04-27 12:10:00,10.443
2016-04-27 12:20:00,10.173
2016-04-27 12:30:00,9.977
2016-04-27 12:40:00,9.928
2016-04-27 12:50:00,9.78
2016-04-27 13:00:00,9.731
2016-04-27 13:10:00,9.657
2016-04-27 13:20:00,9.608
2016-04-27 13:30:00,9.608
2016-04-27 13:40:00,9.608
2016-04-27 13:50:00,9.608
2016-04-27 14:00:00,9.608
2016-04-27 14:10:00,9.706
2016-04-27 14:20:00,9.854
2016-04-27 14:30:00,10.149
2016-04-27 14:40:00,11.151
2016-04-27 14:50:00,11.929
2016-04-27 15:00:00,12.63
2016-04-27 15:10:00,13.353
2016-04-27 15:20:00,14.05
2016-04-27 15:30:00,14.768
2016-04-27 15:40:00,15.414
2016-04-27 15:50:00,16.082
2016-04-27 16:00:00,16.892
2016-04-27 16:10:00,17.558
2016-04-27 16:20:00,18.438
2016-04-27 16:30:00,19.199
2016-04-27 16:40:00,20.031
2016-04-27 16:50:00,20.913
2016-04-27 17:00:00,21.199
2016-04-27 17:10:00,21.772
2016-04-27 17:20:00,22.393
2016-04-27 17:30:00,23.16
2016-04-27 17:40:00,23.785
2016-04-27 17:50:00,23.978
2016-04-27 18:00:00,24.243
2016-04-27 18:10:00,24.388
2016-04-27 18:20:00,24.532
2016-04-27 18:30:00,24.968
2016-04-27 18:40:00,25.477
2016-04-27 18:50:00,25.768
2016-04-27 19:00:00,25.307
2016-04-27 19:10:00,23.136
2016-04-27 19:20:00,22.082
2016-04-27 19:30:00,22.13
2016-04-27 19:40:00,21.127
2016-04-27 19:50:00,20.46
2016-04-27 20:00:00,17.748
2016-04-27 20:10:00,18.485
2016-04-27 20:20:00,18.129
2016-04-27 20:30:00,15.27
2016-04-27 20:40:00,15.629
2016-04-27 20:50:00,14.314
2016-04-27 21:00:00,14.601
2016-04-27 21:10:00,13.473
2016-04-27 21:20:00,13.473
2016-04-27 21:30:00,12.896
2016-04-27 21:40:00,12.534
2016-04-27 21:50:00,12.389
2016-04-27 22:00:00,12.316
2016-04-27 22:10:00,12.316
2016-04-27 22:20:00,12.389
2016-04-27 22:30:00,12.316
2016-04-27 22:40:00,12.171
2016-04-27 22:50:00,12.243
2016-04-27 23:00:00,12.292
2016-04-27 23:10:00,12.268
2016-04-27 23:20:00,12.34
2016-04-27 23:30:00,12.316
2016-04-27 23:40:00,12.268
2016-04-27 23:50:00,12.364
2016-04-28 00:00:00,12.292
2016-04-28 00:10:00,12.195
2016-04-28 00:20:00,12.316
2016-04-28 00:30:00,12.243
2016-04-28 00:40:00,12.195
2016-04-28 00:50:00,11.977
2016-04-28 01:00:00,12.122
2016-04-28 01:10:00,12.147
2016-04-28 01:20:00,12.05
2016-04-28 01:30:00,12.025
2016-04-28 01:40:00,11.904
2016-04-28 01:50:00,11.88
2016-04-28 02:00:00,11.832
2016-04-28 02:10:00,11.783
2016-04-28 02:20:00,11.759
2016-04-28 02:30:00,11.686
2016-04-28 02:40:00,11.613
2016-04-28 02:50:00,11.637
2016-04-28 03:00:00,11.54
2016-04-28 03:10:00,11.516
2016-04-28 03:20:00,11.467
2016-04-28 03:30:00,11.443
2016-04-28 03:40:00,11.467
2016-04-28 03:50:00,11.492
2016-04-28 04:00:00,11.54
2016-04-28 04:10:00,11.54
2016-04-28 04:20:00,11.565
2016-04-28 04:30:00,11.565
2016-04-28 04:40:00,11.565
2016-04-28 04:50:00,11.613
2016-04-28 05:00:00,11.637
2016-04-28 05:10:00,11.637
2016-04-28 05:20:00,11.686
2016-04-28 05:30:00,11.734
2016-04-28 05:40:00,11.734
2016-04-28 05:50:00,11.759
2016-04-28 06:00:00,11.783
2016-04-28 06:10:00,11.783
2016-04-28 06:20:00,11.783
2016-04-28 06:30:00,11.807
2016-04-28 06:40:00,11.807
2016-04-28 06:50:00,11.807
2016-04-28 07:00:00,11.783
2016-04-28 07:10:00,11.783
2016-04-28 07:20:00,11.759
2016-04-28 07:30:00,11.71
2016-04-28 07:40:00,11.686
2016-04-28 07:50:00,11.637
2016-04-28 08:00:00,11.613
2016-04-28 08:10:00,11.589
2016-04-28 08:20:00,11.565
2016-04-28 08:30:00,11.54
2016-04-28 08:40:00,11.492
2016-04-28 08:50:00,11.467
2016-04-28 09:00:00,11.443
2016-04-28 09:10:00,11.419
2016-04-28 09:20:00,11.37
2016-04-28 09:30:00,11.346
2016-04-28 09:40:00,11.321
2016-04-28 09:50:00,11.321
2016-04-28 10:00:00,11.297
2016-04-28 10:10:00,11.297
2016-04-28 10:20:00,11.297
2016-04-28 10:30:00,11.297
2016-04-28 10:40:00,11.297
2016-04-28 10:50:00,11.297
2016-04-28 11:00:00,11.321
2016-04-28 11:10:00,11.321
2016-04-28 11:20:00,11.321
2016-04-28 11:30:00,11.346
2016-04-28 11:40:00,11.321
2016-04-28 11:50:00,11.321
2016-04-28 12:00:00,11.321
2016-04-28 12:10:00,11.321
2016-04-28 12:20:00,11.321
2016-04-28 12:30:00,11.297
2016-04-28 12:40:00,11.297
2016-04-28 12:50:00,11.2
2016-04-28 13:00:00,11.053
2016-04-28 13:10:00,11.053
2016-04-28 13:20:00,10.98
2016-04-28 13:30:00,10.81
2016-04-28 13:40:00,10.541
2016-04-28 13:50:00,10.418
2016-04-28 14:00:00,10.345
2016-04-28 14:10:00,10.369
2016-04-28 14:20:00,10.443
2016-04-28 14:30:00,10.418
2016-04-28 14:40:00,10.516
2016-04-28 14:50:00,10.712
2016-04-28 15:00:00,11.565
2016-04-28 15:10:00,12.799
2016-04-28 15:20:00,13.762
2016-04-28 15:30:00,14.553
2016-04-28 15:40:00,15.27
2016-04-28 15:50:00,15.891
2016-04-28 16:00:00,16.725
2016-04-28 16:10:00,17.439
2016-04-28 16:20:00,17.819
2016-04-28 16:30:00,18.509
2016-04-28 16:40:00,19.318
2016-04-28 16:50:00,20.15
2016-04-28 17:00:00,20.46
2016-04-28 17:10:00,21.008
2016-04-28 17:20:00,21.39
2016-04-28 17:30:00,21.318
2016-04-28 17:40:00,21.581
2016-04-28 17:50:00,22.561
2016-04-28 18:00:00,22.872
2016-04-28 18:10:00,23.064
2016-04-28 18:20:00,23.593
2016-04-28 18:30:00,24.219
2016-04-28 18:40:00,24.436
2016-04-28 18:50:00,23.93
2016-04-28 19:00:00,24.098
2016-04-28 19:10:00,22.345
2016-04-28 19:20:00,21.748
2016-04-28 19:30:00,22.202
2016-04-28 19:40:00,20.293
2016-04-28 19:50:00,19.436
2016-04-28 20:00:00,19.365
2016-04-28 20:10:00,17.106
2016-04-28 20:20:00,16.82
2016-04-28 20:30:00,16.32
2016-04-28 20:40:00,15.629
2016-04-28 20:50:00,14.505
2016-04-28 21:00:00,13.546
2016-04-28 21:10:00,13.161
2016-04-28 21:20:00,12.896
2016-04-28 21:30:00,12.799
2016-04-28 21:40:00,12.727
2016-04-28 21:50:00,12.727
2016-04-28 22:00:00,12.606
2016-04-28 22:10:00,12.534
2016-04-28 22:20:00,12.485
2016-04-28 22:30:00,12.437
2016-04-28 22:40:00,12.389
2016-04-28 22:50:00,12.437
2016-04-28 23:00:00,12.389
2016-04-28 23:10:00,12.316
2016-04-28 23:20:00,12.316
2016-04-28 23:30:00,12.268
2016-04-28 23:40:00,12.243
2016-04-28 23:50:00,12.195
2016-04-29 00:00:00,12.147
2016-04-29 00:10:00,12.122
2016-04-29 00:20:00,12.05
2016-04-29 00:30:00,12.05
2016-04-29 00:40:00,12.025
2016-04-29 00:50:00,12.001
2016-04-29 01:00:00,11.953
2016-04-29 01:10:00,11.904
2016-04-29 01:20:00,11.88
2016-04-29 01:30:00,11.856
2016-04-29 01:40:00,11.832
2016-04-29 01:50:00,11.807
2016-04-29 02:00:00,11.783
2016-04-29 02:10:00,11.759
2016-04-29 02:20:00,11.759
2016-04-29 02:30:00,11.734
2016-04-29 02:40:00,11.71
2016-04-29 02:50:00,11.71
2016-04-29 03:00:00,11.662
2016-04-29 03:10:00,11.662
2016-04-29 03:20:00,11.637
2016-04-29 03:30:00,11.613
2016-04-29 03:40:00,11.589
2016-04-29 03:50:00,11.589
2016-04-29 04:00:00,11.565
2016-04-29 04:10:00,11.54
2016-04-29 04:20:00,11.516
2016-04-29 04:30:00,11.516
2016-04-29 04:40:00,11.492
2016-04-29 04:50:00,11.492
2016-04-29 05:00:00,11.467
2016-04-29 05:10:00,11.467
2016-04-29 05:20:00,11.443
2016-04-29 05:30:00,11.419
2016-04-29 05:40:00,11.394
2016-04-29 05:50:00,11.37
2016-04-29 06:00:00,11.37
2016-04-29 06:10:00,11.37
2016-04-29 06:20:00,11.346
2016-04-29 06:30:00,11.346
2016-04-29 06:40:00,11.321
2016-04-29 06:50:00,11.321
2016-04-29 07:00:00,11.321
2016-04-29 07:10:00,11.273
2016-04-29 07:20:00,11.273
2016-04-29 07:30:00,11.273
2016-04-29 07:40:00,11.273
2016-04-29 07:50:00,11.248
2016-04-29 08:00:00,11.248
2016-04-29 08:10:00,11.248
2016-04-29 08:20:00,11.248
2016-04-29 08:30:00,11.248
2016-04-29 08:40:00,11.248
2016-04-29 08:50:00,11.224
2016-04-29 09:00:00,11.224
2016-04-29 09:10:00,11.224
2016-04-29 09:20:00,11.224
2016-04-29 09:30:00,11.2
2016-04-29 09:40:00,11.2
2016-04-29 09:50:00,11.175
2016-04-29 10:00:00,11.175
2016-04-29 10:10:00,11.175
2016-04-29 10:20:00,11.175
2016-04-29 10:30:00,11.175
2016-04-29 10:40:00,11.175
2016-04-29 10:50:00,11.175
2016-04-29 11:00:00,11.175
2016-04-29 11:10:00,11.175
2016-04-29 11:20:00,11.151
2016-04-29 11:30:00,11.151
2016-04-29 11:40:00,11.151
2016-04-29 11:50:00,11.151
2016-04-29 12:00:00,11.127
2016-04-29 12:10:00,11.127
2016-04-29 12:20:00,11.127
2016-04-29 12:30:00,11.102
2016-04-29 12:40:00,11.102
2016-04-29 12:50:00,11.102
2016-04-29 13:00:00,11.102
2016-04-29 13:10:00,11.102
2016-04-29 13:20:00,11.078
2016-04-29 13:30:00,11.078
2016-04-29 13:40:00,11.053
2016-04-29 13:50:00,11.053
2016-04-29 14:00:00,11.053
2016-04-29 14:10:00,11.029
2016-04-29 14:20:00,11.102
2016-04-29 14:30:00,11.273
2016-04-29 14:40:00,11.419
2016-04-29 14:50:00,11.565
2016-04-29 15:00:00,11.662
2016-04-29 15:10:00,11.904
2016-04-29 15:20:00,12.219
2016-04-29 15:30:00,12.485
2016-04-29 15:40:00,12.896
2016-04-29 15:50:00,13.305
2016-04-29 16:00:00,13.594
2016-04-29 16:10:00,13.786
2016-04-29 16:20:00,14.122
2016-04-29 16:30:00,14.625
2016-04-29 16:40:00,15.461
2016-04-29 16:50:00,16.272
2016-04-29 17:00:00,16.892
2016-04-29 17:10:00,17.225
2016-04-29 17:20:00,17.534
2016-04-29 17:30:00,18.461
2016-04-29 17:40:00,19.08
2016-04-29 17:50:00,19.936
2016-04-29 18:00:00,20.913
2016-04-29 18:10:00,21.413
2016-04-29 18:20:00,21.533
2016-04-29 18:30:00,21.27
2016-04-29 18:40:00,21.533
2016-04-29 18:50:00,21.39
2016-04-29 19:00:00,21.819
2016-04-29 19:10:00,22.609
2016-04-29 19:20:00,23.232
2016-04-29 19:30:00,23.424
2016-04-29 19:40:00,23.93
2016-04-29 19:50:00,21.843
2016-04-29 20:00:00,21.39
2016-04-29 20:10:00,20.936
2016-04-29 20:20:00,20.889
2016-04-29 20:30:00,21.056
2016-04-29 20:40:00,21.366
2016-04-29 20:50:00,20.222
2016-04-29 21:00:00,19.151
2016-04-29 21:10:00,17.843
2016-04-29 21:20:00,16.82
2016-04-29 21:30:00,15.915
2016-04-29 21:40:00,14.29
2016-04-29 21:50:00,13.329
2016-04-29 22:00:00,13.112
2016-04-29 22:10:00,12.847
2016-04-29 22:20:00,12.63
2016-04-29 22:30:00,12.509
2016-04-29 22:40:00,12.437
2016-04-29 22:50:00,12.316
2016-04-29 23:00:00,12.219
2016-04-29 23:10:00,12.147
2016-04-29 23:20:00,12.147
2016-04-29 23:30:00,12.098
2016-04-29 23:40:00,12.122
2016-04-29 23:50:00,12.098
2016-04-30 00:00:00,12.001
2016-04-30 00:10:00,11.953
2016-04-30 00:20:00,11.904
2016-04-30 00:30:00,11.856
2016-04-30 00:40:00,11.832
2016-04-30 00:50:00,11.807
2016-04-30 01:00:00,11.807
2016-04-30 01:10:00,11.783
2016-04-30 01:20:00,11.759
2016-04-30 01:30:00,11.71
2016-04-30 01:40:00,11.686
2016-04-30 01:50:00,11.662
2016-04-30 02:00:00,11.662
2016-04-30 02:10:00,11.662
2016-04-30 02:20:00,11.662
2016-04-30 02:30:00,11.662
2016-04-30 02:40:00,11.662
2016-04-30 02:50:00,11.662
2016-04-30 03:00:00,11.662
2016-04-30 03:10:00,11.662
2016-04-30 03:20:00,11.637
2016-04-30 03:30:00,11.637
2016-04-30 03:40:00,11.637
2016-04-30 03:50:00,11.637
2016-04-30 04:00:00,11.613
2016-04-30 04:10:00,11.589
2016-04-30 04:20:00,11.565
2016-04-30 04:30:00,11.565
2016-04-30 04:40:00,11.565
2016-04-30 04:50:00,11.565
2016-04-30 05:00:00,11.54
2016-04-30 05:10:00,11.54
2016-04-30 05:20:00,11.516
2016-04-30 05:30:00,11.516
2016-04-30 05:40:00,11.516
2016-04-30 05:50:00,11.467
2016-04-30 06:00:00,11.467
2016-04-30 06:10:00,11.467
2016-04-30 06:20:00,11.467
2016-04-30 06:30:00,11.467
2016-04-30 06:40:00,11.467
2016-04-30 06:50:00,11.467
2016-04-30 07:00:00,11.443
2016-04-30 07:10:00,11.443
2016-04-30 07:20:00,11.443
2016-04-30 07:30:00,11.443
2016-04-30 07:40:00,11.443
2016-04-30 07:50:00,11.443
2016-04-30 08:00:00,11.443
2016-04-30 08:10:00,11.443
2016-04-30 08:20:00,11.419
2016-04-30 08:30:00,11.37
2016-04-30 08:40:00,11.37
2016-04-30 08:50:00,11.346
2016-04-30 09:00:00,11.346
2016-04-30 09:10:00,11.346
2016-04-30 09:20:00,11.321
2016-04-30 09:30:00,11.321
2016-04-30 09:40:00,11.321
2016-04-30 09:50:00,11.321
2016-04-30 10:00:00,11.321
2016-04-30 10:10:00,11.321
2016-04-30 10:20:00,11.297
2016-04-30 10:30:00,11.297
2016-04-30 10:40:00,11.297
2016-04-30 10:50:00,11.297
2016-04-30 11:00:00,11.273
2016-04-30 11:10:00,11.273
2016-04-30 11:20:00,11.273
2016-04-30 11:30:00,11.273
2016-04-30 11:40:00,11.248
2016-04-30 11:50:00,11.248
2016-04-30 12:00:00,11.248
2016-04-30 12:10:00,11.224
2016-04-30 12:20:00,11.224
2016-04-30 12:30:00,11.224
2016-04-30 12:40:00,11.2
2016-04-30 12:50:00,11.2
2016-04-30 13:00:00,11.2
2016-04-30 13:10:00,11.175
2016-04-30 13:20:00,11.175
2016-04-30 13:30:00,11.175
2016-04-30 13:40:00,11.175
2016-04-30 13:50:00,11.175
2016-04-30 14:00:00,11.175
2016-04-30 14:10:00,11.2
2016-04-30 14:20:00,11.224
2016-04-30 14:30:00,11.297
2016-04-30 14:40:00,11.467
2016-04-30 14:50:00,11.832
2016-04-30 15:00:00,12.219
2016-04-30 15:10:00,12.703
2016-04-30 15:20:00,13.473
2016-04-30 15:30:00,14.266
2016-04-30 15:40:00,15.175
2016-04-30 15:50:00,16.034
2016-04-30 16:00:00,17.201
2016-04-30 16:10:00,18.509
2016-04-30 16:20:00,19.389
2016-04-30 16:30:00,20.698
2016-04-30 16:40:00,22.25
2016-04-30 16:50:00,23.4
2016-04-30 17:00:00,24.219
2016-04-30 17:10:00,25.04
2016-04-30 17:20:00,25.598
2016-04-30 17:30:00,25.671
2016-04-30 17:40:00,25.793
2016-04-30 17:50:00,26.256
2016-04-30 18:00:00,26.426
2016-04-30 18:10:00,27.014
2016-04-30 18:20:00,27.481
2016-04-30 18:30:00,28.196
2016-04-30 18:40:00,27.825
2016-04-30 18:50:00,27.604
2016-04-30 19:00:00,27.702
2016-04-30 19:10:00,27.751
2016-04-30 19:20:00,27.751
2016-04-30 19:30:00,28.295
2016-04-30 19:40:00,29.14
2016-04-30 19:50:00,29.665
2016-04-30 20:00:00,29.69
2016-04-30 20:10:00,29.941
2016-04-30 20:20:00,30.016
2016-04-30 20:30:00,28.717
2016-04-30 20:40:00,28.295
2016-04-30 20:50:00,28.097
2016-04-30 21:00:00,28.048
2016-04-30 21:10:00,26.256
2016-04-30 21:20:00,22.178
2016-04-30 21:30:00,21.199
2016-04-30 21:40:00,20.388
2016-04-30 21:50:00,19.389
2016-04-30 22:00:00,16.844
2016-04-30 22:10:00,15.963
2016-04-30 22:20:00,15.103
2016-04-30 22:30:00,14.577
2016-04-30 22:40:00,13.57
2016-04-30 22:50:00,13.377
2016-04-30 23:00:00,13.088
2016-04-30 23:10:00,13.064
2016-04-30 23:20:00,12.823
2016-04-30 23:30:00,12.727
2016-04-30 23:40:00,12.63
2016-04-30 23:50:00,12.534
2016-05-01 00:00:00,12.534
2016-05-01 00:10:00,12.485
2016-05-01 00:20:00,12.413
2016-05-01 00:30:00,12.364
2016-05-01 00:40:00,12.316
2016-05-01 00:50:00,12.268
2016-05-01 01:00:00,12.219
2016-05-01 01:10:00,12.147
2016-05-01 01:20:00,12.147
2016-05-01 01:30:00,12.098
2016-05-01 01:40:00,12.074
2016-05-01 01:50:00,12.05
2016-05-01 02:00:00,12.001
2016-05-01 02:10:00,11.977
2016-05-01 02:20:00,11.953
2016-05-01 02:30:00,11.904
2016-05-01 02:40:00,11.88
2016-05-01 02:50:00,11.856
2016-05-01 03:00:00,11.807
2016-05-01 03:10:00,11.783
2016-05-01 03:20:00,11.759
2016-05-01 03:30:00,11.734
2016-05-01 03:40:00,11.71
2016-05-01 03:50:00,11.662
2016-05-01 04:00:00,11.637
2016-05-01 04:10:00,11.613
2016-05-01 04:20:00,11.589
2016-05-01 04:30:00,11.589
2016-05-01 04:40:00,11.565
2016-05-01 04:50:00,11.565
2016-05-01 05:00:00,11.54
2016-05-01 05:10:00,11.54
2016-05-01 05:20:00,11.516
2016-05-01 05:30:00,11.492
2016-05-01 05:40:00,11.443
2016-05-01 05:50:00,11.419
2016-05-01 06:00:00,11.419
2016-05-01 06:10:00,11.346
2016-05-01 06:20:00,11.273
2016-05-01 06:30:00,11.248
2016-05-01 06:40:00,11.175
2016-05-01 06:50:00,10.98
2016-05-01 07:00:00,11.102
2016-05-01 07:10:00,10.907
2016-05-01 07:20:00,11.053
2016-05-01 07:30:00,11.175
2016-05-01 07:40:00,11.102
2016-05-01 07:50:00,11.175
2016-05-01 08:00:00,11.2
2016-05-01 08:10:00,11.175
2016-05-01 08:20:00,11.102
2016-05-01 08:30:00,11.2
2016-05-01 08:40:00,11.2
2016-05-01 08:50:00,11.175
2016-05-01 09:00:00,11.102
2016-05-01 09:10:00,11.175
2016-05-01 09:20:00,11.175
2016-05-01 09:30:00,11.175
2016-05-01 09:40:00,11.175
2016-05-01 09:50:00,11.2
2016-05-01 10:00:00,11.2
2016-05-01 10:10:00,11.2
2016-05-01 10:20:00,11.175
2016-05-01 10:30:00,11.175
2016-05-01 10:40:00,11.175
2016-05-01 10:50:00,11.175
2016-05-01 11:00:00,11.175
2016-05-01 11:10:00,11.151
2016-05-01 11:20:00,11.151
2016-05-01 11:30:00,11.127
2016-05-01 11:40:00,11.127
2016-05-01 11:50:00,11.127
2016-05-01 12:00:00,11.127
2016-05-01 12:10:00,11.102
2016-05-01 12:20:00,11.102
2016-05-01 12:30:00,11.078
2016-05-01 12:40:00,11.078
2016-05-01 12:50:00,11.053
2016-05-01 13:00:00,11.053
2016-05-01 13:10:00,11.053
2016-05-01 13:20:00,11.029
2016-05-01 13:30:00,11.029
2016-05-01 13:40:00,11.029
2016-05-01 13:50:00,11.029
2016-05-01 14:00:00,11.029
2016-05-01 14:10:00,11.053
2016-05-01 14:20:00,11.102
2016-05-01 14:30:00,11.175
2016-05-01 14:40:00,11.224
2016-05-01 14:50:00,11.37
2016-05-01 15:00:00,11.419
2016-05-01 15:10:00,11.589
2016-05-01 15:20:00,11.662
2016-05-01 15:30:00,11.759
2016-05-01 15:40:00,11.856
2016-05-01 15:50:00,12.195
2016-05-01 16:00:00,12.509
2016-05-01 16:10:00,13.353
2016-05-01 16:20:00,14.146
2016-05-01 16:30:00,14.792
2016-05-01 16:40:00,18.176
2016-05-01 16:50:00,20.079
2016-05-01 17:00:00,20.913
2016-05-01 17:10:00,21.772
2016-05-01 17:20:00,22.896
2016-05-01 17:30:00,24.074
2016-05-01 17:40:00,25.016
2016-05-01 17:50:00,25.744
2016-05-01 18:00:00,26.207
2016-05-01 18:10:00,26.769
2016-05-01 18:20:00,27.235
2016-05-01 18:30:00,27.456
2016-05-01 18:40:00,27.776
2016-05-01 18:50:00,28.32
2016-05-01 19:00:00,29.065
2016-05-01 19:10:00,29.49
2016-05-01 19:20:00,29.69
2016-05-01 19:30:00,29.79
2016-05-01 19:40:00,30.016
2016-05-01 19:50:00,30.318
2016-05-01 20:00:00,30.748
2016-05-01 20:10:00,30.874
2016-05-01 20:20:00,30.773
2016-05-01 20:30:00,31.153
2016-05-01 20:40:00,31.077
2016-05-01 20:50:00,29.941
2016-05-01 21:00:00,28.941
2016-05-01 21:10:00,28.543
2016-05-01 21:20:00,28.245
2016-05-01 21:30:00,28.32
2016-05-01 21:40:00,28.568
2016-05-01 21:50:00,28.493
2016-05-01 22:00:00,25.647
2016-05-01 22:10:00,22.321
2016-05-01 22:20:00,19.555
2016-05-01 22:30:00,17.415
2016-05-01 22:40:00,15.629
2016-05-01 22:50:00,15.867
2016-05-01 23:00:00,14.984
2016-05-01 23:10:00,13.954
2016-05-01 23:20:00,13.594
2016-05-01 23:30:00,13.305
2016-05-01 23:40:00,13.185
2016-05-01 23:50:00,13.064
2016-05-02 00:00:00,12.968
2016-05-02 00:10:00,12.871
2016-05-02 00:20:00,12.823
2016-05-02 00:30:00,12.775
2016-05-02 00:40:00,12.751
2016-05-02 00:50:00,12.727
2016-05-02 01:00:00,12.727
2016-05-02 01:10:00,12.678
2016-05-02 01:20:00,12.654
2016-05-02 01:30:00,12.63
2016-05-02 01:40:00,12.63
2016-05-02 01:50:00,12.63
2016-05-02 02:00:00,12.63
2016-05-02 02:10:00,12.606
2016-05-02 02:20:00,12.582
2016-05-02 02:30:00,12.558
2016-05-02 02:40:00,12.534
2016-05-02 02:50:00,12.534
2016-05-02 03:00:00,12.534
2016-05-02 03:10:00,12.509
2016-05-02 03:20:00,12.485
2016-05-02 03:30:00,12.485
2016-05-02 03:40:00,12.461
2016-05-02 03:50:00,12.461
2016-05-02 04:00:00,12.437
2016-05-02 04:10:00,12.413
2016-05-02 04:20:00,12.389
2016-05-02 04:30:00,12.364
2016-05-02 04:40:00,12.34
2016-05-02 04:50:00,12.316
2016-05-02 05:00:00,12.292
2016-05-02 05:10:00,12.268
2016-05-02 05:20:00,12.243
2016-05-02 05:30:00,12.195
2016-05-02 05:40:00,12.171
2016-05-02 05:50:00,12.001
2016-05-02 06:00:00,11.783
2016-05-02 06:10:00,11.565
2016-05-02 06:20:00,11.321
2016-05-02 06:30:00,11.516
2016-05-02 06:40:00,11.565
2016-05-02 06:50:00,11.662
2016-05-02 07:00:00,11.662
2016-05-02 07:10:00,11.71
2016-05-02 07:20:00,11.832
2016-05-02 07:30:00,11.856
2016-05-02 07:40:00,11.904
2016-05-02 07:50:00,11.807
2016-05-02 08:00:00,11.589
2016-05-02 08:10:00,11.467
2016-05-02 08:20:00,11.297
2016-05-02 08:30:00,11.127
2016-05-02 08:40:00,11.127
2016-05-02 08:50:00,11.273
2016-05-02 09:00:00,11.394
2016-05-02 09:10:00,11.443
2016-05-02 09:20:00,11.516
2016-05-02 09:30:00,11.589
2016-05-02 09:40:00,11.686
2016-05-02 09:50:00,11.807
2016-05-02 10:00:00,11.807
2016-05-02 10:10:00,11.832
2016-05-02 10:20:00,11.832
2016-05-02 10:30:00,11.953
2016-05-02 10:40:00,12.025
2016-05-02 10:50:00,12.05
2016-05-02 11:00:00,12.05
2016-05-02 11:10:00,12.025
2016-05-02 11:20:00,12.025
2016-05-02 11:30:00,12.001
2016-05-02 11:40:00,11.977
2016-05-02 11:50:00,11.977
2016-05-02 12:00:00,11.953
2016-05-02 12:10:00,11.953
2016-05-02 12:20:00,11.929
2016-05-02 12:30:00,11.929
2016-05-02 12:40:00,11.929
2016-05-02 12:50:00,11.929
2016-05-02 13:00:00,11.904
2016-05-02 13:10:00,11.904
2016-05-02 13:20:00,11.904
2016-05-02 13:30:00,11.904
2016-05-02 13:40:00,11.904
2016-05-02 13:50:00,11.904
2016-05-02 14:00:00,11.904
2016-05-02 14:10:00,11.904
2016-05-02 14:20:00,11.904
2016-05-02 14:30:00,11.929
2016-05-02 14:40:00,11.929
2016-05-02 14:50:00,11.953
2016-05-02 15:00:00,11.977
2016-05-02 15:10:00,12.025
2016-05-02 15:20:00,12.025
2016-05-02 15:30:00,12.025
2016-05-02 15:40:00,12.074
2016-05-02 15:50:00,12.098
2016-05-02 16:00:00,12.122
2016-05-02 16:10:00,12.195
2016-05-02 16:20:00,12.195
2016-05-02 16:30:00,12.268
2016-05-02 16:40:00,12.437
2016-05-02 16:50:00,12.63
2016-05-02 17:00:00,13.112
2016-05-02 17:10:00,13.882
2016-05-02 17:20:00,14.409
2016-05-02 17:30:00,14.768
2016-05-02 17:40:00,15.223
2016-05-02 17:50:00,15.867
2016-05-02 18:00:00,16.654
2016-05-02 18:10:00,17.724
2016-05-02 18:20:00,18.794
2016-05-02 18:30:00,19.793
2016-05-02 18:40:00,20.889
2016-05-02 18:50:00,21.891
2016-05-02 19:00:00,22.872
2016-05-02 19:10:00,23.954
2016-05-02 19:20:00,24.895
2016-05-02 19:30:00,25.841
2016-05-02 19:40:00,27.063
2016-05-02 19:50:00,27.85
2016-05-02 20:00:00,28.692
2016-05-02 20:10:00,29.14
2016-05-02 20:20:00,28.99
2016-05-02 20:30:00,29.19
2016-05-02 20:40:00,29.215
2016-05-02 20:50:00,29.29
2016-05-02 21:00:00,29.389
2016-05-02 21:10:00,29.04
2016-05-02 21:20:00,28.568
2016-05-02 21:30:00,28.196
2016-05-02 21:40:00,27.899
2016-05-02 21:50:00,28.097
2016-05-02 22:00:00,28.122
2016-05-02 22:10:00,27.85
2016-05-02 22:20:00,27.677
2016-05-02 22:30:00,27.727
2016-05-02 22:40:00,27.358
2016-05-02 22:50:00,26.061
2016-05-02 23:00:00,23.809
2016-05-02 23:10:00,21.199
2016-05-02 23:20:00,19.318
2016-05-02 23:30:00,18.675
2016-05-02 23:40:00,17.486
2016-05-02 23:50:00,15.605
2016-05-03 00:00:00,14.768
2016-05-03 00:10:00,14.05
2016-05-03 00:20:00,13.69
2016-05-03 00:30:00,13.425
2016-05-03 00:40:00,13.305
2016-05-03 00:50:00,13.209
2016-05-03 01:00:00,13.088
2016-05-03 01:10:00,13.016
2016-05-03 01:20:00,12.92
2016-05-03 01:30:00,12.823
2016-05-03 01:40:00,12.727
2016-05-03 01:50:00,12.678
2016-05-03 02:00:00,12.606
2016-05-03 02:10:00,12.509
2016-05-03 02:20:00,12.485
2016-05-03 02:30:00,12.437
2016-05-03 02:40:00,12.413
2016-05-03 02:50:00,12.413
2016-05-03 03:00:00,12.389
2016-05-03 03:10:00,12.34
2016-05-03 03:20:00,12.34
2016-05-03 03:30:00,12.389
2016-05-03 03:40:00,12.389
2016-05-03 03:50:00,12.34
2016-05-03 04:00:00,12.292
2016-05-03 04:10:00,12.316
2016-05-03 04:20:00,12.316
2016-05-03 04:30:00,12.292
2016-05-03 04:40:00,12.268
2016-05-03 04:50:00,12.219
2016-05-03 05:00:00,12.195
2016-05-03 05:10:00,12.195
2016-05-03 05:20:00,12.195
2016-05-03 05:30:00,12.195
2016-05-03 05:40:00,12.219
2016-05-03 05:50:00,12.171
2016-05-03 06:00:00,12.025
2016-05-03 06:10:00,11.734
2016-05-03 06:20:00,11.686
2016-05-03 06:30:00,11.151
2016-05-03 06:40:00,10.81
2016-05-03 06:50:00,10.81
2016-05-03 07:00:00,10.638
2016-05-03 07:10:00,10.492
2016-05-03 07:20:00,10.296
2016-05-03 07:30:00,10.149
2016-05-03 07:40:00,10.149
2016-05-03 07:50:00,10.124
2016-05-03 08:00:00,10.075
2016-05-03 08:10:00,10.026
2016-05-03 08:20:00,9.977
2016-05-03 08:30:00,9.805
2016-05-03 08:40:00,9.583
2016-05-03 08:50:00,9.485
2016-05-03 09:00:00,9.435
2016-05-03 09:10:00,9.336
2016-05-03 09:20:00,9.386
2016-05-03 09:30:00,9.509
2016-05-03 09:40:00,9.829
2016-05-03 09:50:00,10.149
2016-05-03 10:00:00,10.394
2016-05-03 10:10:00,10.59
2016-05-03 10:20:00,10.761
2016-05-03 10:30:00,10.98
2016-05-03 10:40:00,11.102
2016-05-03 10:50:00,11.224
2016-05-03 11:00:00,11.273
2016-05-03 11:10:00,11.224
2016-05-03 11:20:00,11.175
2016-05-03 11:30:00,11.053
2016-05-03 11:40:00,11.273
2016-05-03 11:50:00,11.54
2016-05-03 12:00:00,11.856
2016-05-03 12:10:00,11.88
2016-05-03 12:20:00,11.977
2016-05-03 12:30:00,12.05
2016-05-03 12:40:00,12.074
2016-05-03 12:50:00,12.074
2016-05-03 13:00:00,12.098
2016-05-03 13:10:00,12.122
2016-05-03 13:20:00,12.122
2016-05-03 13:30:00,12.147
2016-05-03 13:40:00,12.147
2016-05-03 13:50:00,12.171
2016-05-03 14:00:00,12.171
2016-05-03 14:10:00,12.171
2016-05-03 14:20:00,12.195
2016-05-03 14:30:00,12.195
2016-05-03 14:40:00,12.195
2016-05-03 14:50:00,12.219
2016-05-03 15:00:00,12.219
2016-05-03 15:10:00,12.219
2016-05-03 15:20:00,12.243
2016-05-03 15:30:00,12.243
2016-05-03 15:40:00,12.292
2016-05-03 15:50:00,12.292
2016-05-03 16:00:00,12.292
2016-05-03 16:10:00,12.292
2016-05-03 16:20:00,12.316
2016-05-03 16:30:00,12.316
2016-05-03 16:40:00,12.34
2016-05-03 16:50:00,12.34
2016-05-03 17:00:00,12.413
2016-05-03 17:10:00,12.437
2016-05-03 17:20:00,12.534
2016-05-03 17:30:00,12.703
2016-05-03 17:40:00,12.871
2016-05-03 17:50:00,13.666
2016-05-03 18:00:00,14.409
2016-05-03 18:10:00,15.27
2016-05-03 18:20:00,16.082
2016-05-03 18:30:00,16.987
2016-05-03 18:40:00,17.701
2016-05-03 18:50:00,18.628
2016-05-03 19:00:00,19.532
2016-05-03 19:10:00,20.174
2016-05-03 19:20:00,20.317
2016-05-03 19:30:00,20.15
2016-05-03 19:40:00,20.746
2016-05-03 19:50:00,20.269
2016-05-03 20:00:00,19.651
2016-05-03 20:10:00,19.698
2016-05-03 20:20:00,19.865
2016-05-03 20:30:00,19.365
2016-05-03 20:40:00,18.723
2016-05-03 20:50:00,18.533
2016-05-03 21:00:00,18.652
2016-05-03 21:10:00,19.27
2016-05-03 21:20:00,19.199
2016-05-03 21:30:00,18.699
2016-05-03 21:40:00,18.699
2016-05-03 21:50:00,18.675
2016-05-03 22:00:00,18.771
2016-05-03 22:10:00,18.699
2016-05-03 22:20:00,18.818
2016-05-03 22:30:00,19.674
2016-05-03 22:40:00,19.46
2016-05-03 22:50:00,19.008
2016-05-03 23:00:00,17.938
2016-05-03 23:10:00,17.32
2016-05-03 23:20:00,16.558
2016-05-03 23:30:00,15.748
2016-05-03 23:40:00,15.223
2016-05-03 23:50:00,14.266
2016-05-04 00:00:00,14.17
2016-05-04 00:10:00,13.618
2016-05-04 00:20:00,13.161
2016-05-04 00:30:00,12.992
2016-05-04 00:40:00,12.896
2016-05-04 00:50:00,12.751
2016-05-04 01:00:00,12.703
2016-05-04 01:10:00,12.678
2016-05-04 01:20:00,12.63
2016-05-04 01:30:00,12.606
2016-05-04 01:40:00,12.558
2016-05-04 01:50:00,12.534
2016-05-04 02:00:00,12.509
2016-05-04 02:10:00,12.461
2016-05-04 02:20:00,12.437
2016-05-04 02:30:00,12.413
2016-05-04 02:40:00,12.389
2016-05-04 02:50:00,12.364
2016-05-04 03:00:00,12.34
2016-05-04 03:10:00,12.34
2016-05-04 03:20:00,12.34
2016-05-04 03:30:00,12.34
2016-05-04 03:40:00,12.316
2016-05-04 03:50:00,12.316
2016-05-04 04:00:00,12.316
2016-05-04 04:10:00,12.292
2016-05-04 04:20:00,12.292
2016-05-04 04:30:00,12.292
2016-05-04 04:40:00,12.292
2016-05-04 04:50:00,12.292
2016-05-04 05:00:00,12.292
2016-05-04 05:10:00,12.268
2016-05-04 05:20:00,12.268
2016-05-04 05:30:00,12.268
2016-05-04 05:40:00,12.243
2016-05-04 05:50:00,12.268
2016-05-04 06:00:00,12.243
2016-05-04 06:10:00,12.243
2016-05-04 06:20:00,12.243
2016-05-04 06:30:00,12.219
2016-05-04 06:40:00,12.195
2016-05-04 06:50:00,12.171
2016-05-04 07:00:00,12.147
2016-05-04 07:10:00,12.122
2016-05-04 07:20:00,12.098
2016-05-04 07:30:00,12.098
2016-05-04 07:40:00,12.074
2016-05-04 07:50:00,12.001
2016-05-04 08:00:00,12.001
2016-05-04 08:10:00,12.001
2016-05-04 08:20:00,12.001
2016-05-04 08:30:00,11.977
2016-05-04 08:40:00,11.953
2016-05-04 08:50:00,11.929
2016-05-04 09:00:00,11.904
2016-05-04 09:10:00,11.904
2016-05-04 09:20:00,11.904
2016-05-04 09:30:00,11.904
2016-05-04 09:40:00,11.929
2016-05-04 09:50:00,11.904
2016-05-04 10:00:00,11.904
2016-05-04 10:10:00,11.904
2016-05-04 10:20:00,11.929
2016-05-04 10:30:00,11.929
2016-05-04 10:40:00,11.929
2016-05-04 10:50:00,11.929
2016-05-04 11:00:00,11.88
2016-05-04 11:10:00,11.904
2016-05-04 11:20:00,11.904
2016-05-04 11:30:00,11.929
2016-05-04 11:40:00,11.904
2016-05-04 11:50:00,11.88
2016-05-04 12:00:00,11.88
2016-05-04 12:10:00,11.88
2016-05-04 12:20:00,11.904
2016-05-04 12:30:00,11.929
2016-05-04 12:40:00,11.953
2016-05-04 12:50:00,12.025
2016-05-04 13:00:00,12.098
2016-05-04 13:10:00,12.243
2016-05-04 13:20:00,12.292
2016-05-04 13:30:00,12.292
2016-05-04 13:40:00,12.292
2016-05-04 13:50:00,12.292
2016-05-04 14:00:00,12.292
2016-05-04 14:10:00,12.292
2016-05-04 14:20:00,12.316
2016-05-04 14:30:00,12.316
2016-05-04 14:40:00,12.316
2016-05-04 14:50:00,12.34
2016-05-04 15:00:00,12.34
2016-05-04 15:10:00,12.34
2016-05-04 15:20:00,12.34
2016-05-04 15:30:00,12.364
2016-05-04 15:40:00,12.34
2016-05-04 15:50:00,12.316
2016-05-04 16:00:00,12.316
2016-05-04 16:10:00,12.316
2016-05-04 16:20:00,12.316
2016-05-04 16:30:00,12.34
2016-05-04 16:40:00,12.34
2016-05-04 16:50:00,12.364
2016-05-04 17:00:00,12.389
2016-05-04 17:10:00,12.461
2016-05-04 17:20:00,12.413
2016-05-04 17:30:00,12.413
2016-05-04 17:40:00,12.437
2016-05-04 17:50:00,12.509
2016-05-04 18:00:00,12.63
2016-05-04 18:10:00,13.088
2016-05-04 18:20:00,13.281
2016-05-04 18:30:00,13.473
2016-05-04 18:40:00,14.05
2016-05-04 18:50:00,14.673
2016-05-04 19:00:00,15.509
2016-05-04 19:10:00,17.177
2016-05-04 19:20:00,19.103
2016-05-04 19:30:00,20.746
2016-05-04 19:40:00,22.082
2016-05-04 19:50:00,23.016
2016-05-04 20:00:00,23.881
2016-05-04 20:10:00,23.16
2016-05-04 20:20:00,23.208
2016-05-04 20:30:00,22.776
2016-05-04 20:40:00,22.753
2016-05-04 20:50:00,23.665
2016-05-04 21:00:00,23.905
2016-05-04 21:10:00,23.737
2016-05-04 21:20:00,23.617
2016-05-04 21:30:00,24.508
2016-05-04 21:40:00,26.012
2016-05-04 21:50:00,27.136
2016-05-04 22:00:00,27.85
2016-05-04 22:10:00,27.949
2016-05-04 22:20:00,28.097
2016-05-04 22:30:00,27.85
2016-05-04 22:40:00,27.702
2016-05-04 22:50:00,27.85
2016-05-04 23:00:00,27.407
2016-05-04 23:10:00,26.256
2016-05-04 23:20:00,25.525
2016-05-04 23:30:00,25.331
2016-05-04 23:40:00,22.92
2016-05-04 23:50:00,21.795
2016-05-05 00:00:00,20.365
2016-05-05 00:10:00,18.39
2016-05-05 00:20:00,16.987
2016-05-05 00:30:00,16.63
2016-05-05 00:40:00,15.247
2016-05-05 00:50:00,14.314
2016-05-05 01:00:00,13.834
2016-05-05 01:10:00,13.69
2016-05-05 01:20:00,13.546
2016-05-05 01:30:00,13.425
2016-05-05 01:40:00,13.377
2016-05-05 01:50:00,13.329
2016-05-05 02:00:00,13.281
2016-05-05 02:10:00,13.257
2016-05-05 02:20:00,13.257
2016-05-05 02:30:00,13.257
2016-05-05 02:40:00,13.233
2016-05-05 02:50:00,13.233
2016-05-05 03:00:00,13.209
2016-05-05 03:10:00,13.185
2016-05-05 03:20:00,13.112
2016-05-05 03:30:00,13.112
2016-05-05 03:40:00,13.112
2016-05-05 03:50:00,13.088
2016-05-05 04:00:00,13.088
2016-05-05 04:10:00,13.088
2016-05-05 04:20:00,13.088
2016-05-05 04:30:00,13.088
2016-05-05 04:40:00,13.088
2016-05-05 04:50:00,13.088
2016-05-05 05:00:00,13.064
2016-05-05 05:10:00,13.064
2016-05-05 05:20:00,13.064
2016-05-05 05:30:00,13.04
2016-05-05 05:40:00,13.016
2016-05-05 05:50:00,12.968
2016-05-05 06:00:00,12.944
2016-05-05 06:10:00,12.944
2016-05-05 06:20:00,12.944
2016-05-05 06:30:00,12.92
2016-05-05 06:40:00,12.896
2016-05-05 06:50:00,12.871
2016-05-05 07:00:00,12.871
2016-05-05 07:10:00,12.823
2016-05-05 07:20:00,12.727
2016-05-05 07:30:00,12.63
2016-05-05 07:40:00,12.413
2016-05-05 07:50:00,12.34
2016-05-05 08:00:00,12.34
2016-05-05 08:10:00,12.147
2016-05-05 08:20:00,12.001
2016-05-05 08:30:00,12.05
2016-05-05 08:40:00,12.025
2016-05-05 08:50:00,11.929
2016-05-05 09:00:00,11.734
2016-05-05 09:10:00,11.565
2016-05-05 09:20:00,11.419
2016-05-05 09:30:00,11.37
2016-05-05 09:40:00,11.273
2016-05-05 09:50:00,11.151
2016-05-05 10:00:00,10.956
2016-05-05 10:10:00,10.883
2016-05-05 10:20:00,10.834
2016-05-05 10:30:00,10.761
2016-05-05 10:40:00,10.712
2016-05-05 10:50:00,10.638
2016-05-05 11:00:00,10.614
2016-05-05 11:10:00,10.467
2016-05-05 11:20:00,10.467
2016-05-05 11:30:00,10.492
2016-05-05 11:40:00,10.443
2016-05-05 11:50:00,10.369
2016-05-05 12:00:00,10.345
2016-05-05 12:10:00,10.247
2016-05-05 12:20:00,10.149
2016-05-05 12:30:00,10.124
2016-05-05 12:40:00,10.1
2016-05-05 12:50:00,10.001
2016-05-05 13:00:00,9.903
2016-05-05 13:10:00,9.928
2016-05-05 13:20:00,10.1
2016-05-05 13:30:00,10.345
2016-05-05 13:40:00,10.59
2016-05-05 13:50:00,11.029
2016-05-05 14:00:00,11.686
2016-05-05 14:10:00,12.268
2016-05-05 14:20:00,12.582
2016-05-05 14:30:00,12.654
2016-05-05 14:40:00,12.678
2016-05-05 14:50:00,12.727
2016-05-05 15:00:00,12.678
2016-05-05 15:10:00,12.678
2016-05-05 15:20:00,12.654
2016-05-05 15:30:00,12.703
2016-05-05 15:40:00,12.775
2016-05-05 15:50:00,12.944
2016-05-05 16:00:00,12.968
2016-05-05 16:10:00,12.92
2016-05-05 16:20:00,12.823
2016-05-05 16:30:00,13.161
2016-05-05 16:40:00,13.305
2016-05-05 16:50:00,13.401
2016-05-05 17:00:00,13.449
2016-05-05 17:10:00,13.185
2016-05-05 17:20:00,13.401
2016-05-05 17:30:00,13.497
2016-05-05 17:40:00,13.57
2016-05-05 17:50:00,13.618
2016-05-05 18:00:00,13.401
2016-05-05 18:10:00,13.473
2016-05-05 18:20:00,13.329
2016-05-05 18:30:00,13.112
2016-05-05 18:40:00,13.016
2016-05-05 18:50:00,13.04
2016-05-05 19:00:00,13.088
2016-05-05 19:10:00,13.137
2016-05-05 19:20:00,13.353
2016-05-05 19:30:00,13.618
2016-05-05 19:40:00,14.074
2016-05-05 19:50:00,14.84
2016-05-05 20:00:00,15.652
2016-05-05 20:10:00,16.439
2016-05-05 20:20:00,17.748
2016-05-05 20:30:00,19.032
2016-05-05 20:40:00,20.031
2016-05-05 20:50:00,21.175
2016-05-05 21:00:00,21.509
2016-05-05 21:10:00,21.652
2016-05-05 21:20:00,20.174
2016-05-05 21:30:00,19.365
2016-05-05 21:40:00,21.151
2016-05-05 21:50:00,22.321
2016-05-05 22:00:00,22.92
2016-05-05 22:10:00,23.4
2016-05-05 22:20:00,23.593
2016-05-05 22:30:00,23.761
2016-05-05 22:40:00,23.761
2016-05-05 22:50:00,23.978
2016-05-05 23:00:00,22.681
2016-05-05 23:10:00,21.557
2016-05-05 23:20:00,21.079
2016-05-05 23:30:00,23.088
2016-05-05 23:40:00,22.585
2016-05-05 23:50:00,20.174
2016-05-06 00:00:00,19.294
2016-05-06 00:10:00,18.247
2016-05-06 00:20:00,17.177
2016-05-06 00:30:00,16.368
2016-05-06 00:40:00,15.581
2016-05-06 00:50:00,15.127
2016-05-06 01:00:00,14.314
2016-05-06 01:10:00,13.882
2016-05-06 01:20:00,13.882
2016-05-06 01:30:00,13.714
2016-05-06 01:40:00,13.594
2016-05-06 01:50:00,13.57
2016-05-06 02:00:00,13.497
2016-05-06 02:10:00,13.497
2016-05-06 02:20:00,13.473
2016-05-06 02:30:00,13.425
2016-05-06 02:40:00,13.425
2016-05-06 02:50:00,13.401
2016-05-06 03:00:00,13.425
2016-05-06 03:10:00,13.425
2016-05-06 03:20:00,13.425
2016-05-06 03:30:00,13.425
2016-05-06 03:40:00,13.425
2016-05-06 03:50:00,13.425
2016-05-06 04:00:00,13.425
2016-05-06 04:10:00,13.401
2016-05-06 04:20:00,13.401
2016-05-06 04:30:00,13.401
2016-05-06 04:40:00,13.377
2016-05-06 04:50:00,13.377
2016-05-06 05:00:00,13.377
2016-05-06 05:10:00,13.377
2016-05-06 05:20:00,13.377
2016-05-06 05:30:00,13.377
2016-05-06 05:40:00,13.377
2016-05-06 05:50:00,13.377
2016-05-06 06:00:00,13.353
2016-05-06 06:10:00,13.353
2016-05-06 06:20:00,13.353
2016-05-06 06:30:00,13.329
2016-05-06 06:40:00,13.329
2016-05-06 06:50:00,13.305
2016-05-06 07:00:00,13.305
2016-05-06 07:10:00,13.305
2016-05-06 07:20:00,13.305
2016-05-06 07:30:00,13.305
2016-05-06 07:40:00,13.305
2016-05-06 07:50:00,13.305
2016-05-06 08:00:00,13.305
2016-05-06 08:10:00,13.209
2016-05-06 08:20:00,13.137
2016-05-06 08:30:00,12.992
2016-05-06 08:40:00,12.751
2016-05-06 08:50:00,12.437
2016-05-06 09:00:00,12.171
2016-05-06 09:10:00,11.904
2016-05-06 09:20:00,11.662
2016-05-06 09:30:00,11.248
2016-05-06 09:40:00,11.005
2016-05-06 09:50:00,10.932
2016-05-06 10:00:00,10.785
2016-05-06 10:10:00,10.638
2016-05-06 10:20:00,10.541
2016-05-06 10:30:00,10.369
2016-05-06 10:40:00,10.247
2016-05-06 10:50:00,10.149
2016-05-06 11:00:00,10.149
2016-05-06 11:10:00,10.271
2016-05-06 11:20:00,10.198
2016-05-06 11:30:00,10.198
2016-05-06 11:40:00,10.296
2016-05-06 11:50:00,10.394
2016-05-06 12:00:00,10.467
2016-05-06 12:10:00,10.369
2016-05-06 12:20:00,10.247
2016-05-06 12:30:00,10.271
2016-05-06 12:40:00,10.369
2016-05-06 12:50:00,10.565
2016-05-06 13:00:00,10.59
2016-05-06 13:10:00,10.59
2016-05-06 13:20:00,10.59
2016-05-06 13:30:00,10.638
2016-05-06 13:40:00,10.858
2016-05-06 13:50:00,11.224
2016-05-06 14:00:00,11.54
2016-05-06 14:10:00,11.929
2016-05-06 14:20:00,12.292
2016-05-06 14:30:00,12.558
2016-05-06 14:40:00,12.896
2016-05-06 14:50:00,13.401
2016-05-06 15:00:00,13.473
2016-05-06 15:10:00,13.353
2016-05-06 15:20:00,13.522
2016-05-06 15:30:00,13.714
2016-05-06 15:40:00,13.882
2016-05-06 15:50:00,13.954
2016-05-06 16:00:00,14.05
2016-05-06 16:10:00,13.786
2016-05-06 16:20:00,13.666
2016-05-06 16:30:00,13.69
2016-05-06 16:40:00,13.69
2016-05-06 16:50:00,13.666
2016-05-06 17:00:00,13.858
2016-05-06 17:10:00,13.69
2016-05-06 17:20:00,13.714
2016-05-06 17:30:00,13.762
2016-05-06 17:40:00,14.002
2016-05-06 17:50:00,14.05
2016-05-06 18:00:00,14.074
2016-05-06 18:10:00,13.978
2016-05-06 18:20:00,13.666
2016-05-06 18:30:00,13.666
2016-05-06 18:40:00,13.81
2016-05-06 18:50:00,13.906
2016-05-06 19:00:00,14.026
2016-05-06 19:10:00,14.098
2016-05-06 19:20:00,14.146
2016-05-06 19:30:00,14.242
2016-05-06 19:40:00,14.17
2016-05-06 19:50:00,14.218
2016-05-06 20:00:00,14.433
2016-05-06 20:10:00,14.433
2016-05-06 20:20:00,14.816
2016-05-06 20:30:00,14.936
2016-05-06 20:40:00,15.843
2016-05-06 20:50:00,16.82
2016-05-06 21:00:00,18.01
2016-05-06 21:10:00,19.175
2016-05-06 21:20:00,20.222
2016-05-06 21:30:00,21.867
2016-05-06 21:40:00,22.202
2016-05-06 21:50:00,23.521
2016-05-06 22:00:00,23.016
2016-05-06 22:10:00,22.896
2016-05-06 22:20:00,23.208
2016-05-06 22:30:00,21.342
2016-05-06 22:40:00,20.484
2016-05-06 22:50:00,20.46
2016-05-06 23:00:00,20.507
2016-05-06 23:10:00,20.889
2016-05-06 23:20:00,19.722
2016-05-06 23:30:00,19.46
2016-05-06 23:40:00,19.888
2016-05-06 23:50:00,19.793
2016-05-07 00:00:00,19.389
2016-05-07 00:10:00,19.175
2016-05-07 00:20:00,18.58
2016-05-07 00:30:00,17.368
2016-05-07 00:40:00,16.415
2016-05-07 00:50:00,15.867
2016-05-07 01:00:00,15.199
2016-05-07 01:10:00,15.103
2016-05-07 01:20:00,14.768
2016-05-07 01:30:00,14.457
2016-05-07 01:40:00,14.337
2016-05-07 01:50:00,14.146
2016-05-07 02:00:00,14.002
2016-05-07 02:10:00,13.906
2016-05-07 02:20:00,13.834
2016-05-07 02:30:00,13.762
2016-05-07 02:40:00,13.642
2016-05-07 02:50:00,13.594
2016-05-07 03:00:00,13.546
2016-05-07 03:10:00,13.497
2016-05-07 03:20:00,13.449
2016-05-07 03:30:00,13.401
2016-05-07 03:40:00,13.377
2016-05-07 03:50:00,13.353
2016-05-07 04:00:00,13.353
2016-05-07 04:10:00,13.329
2016-05-07 04:20:00,13.233
2016-05-07 04:30:00,13.257
2016-05-07 04:40:00,13.257
2016-05-07 04:50:00,13.209
2016-05-07 05:00:00,13.233
2016-05-07 05:10:00,13.161
2016-05-07 05:20:00,13.185
2016-05-07 05:30:00,13.137
2016-05-07 05:40:00,13.112
2016-05-07 05:50:00,13.064
2016-05-07 06:00:00,12.992
2016-05-07 06:10:00,12.968
2016-05-07 06:20:00,12.968
2016-05-07 06:30:00,12.92
2016-05-07 06:40:00,12.896
2016-05-07 06:50:00,12.871
2016-05-07 07:00:00,12.871
2016-05-07 07:10:00,12.823
2016-05-07 07:20:00,12.823
2016-05-07 07:30:00,12.799
2016-05-07 07:40:00,12.775
2016-05-07 07:50:00,12.823
2016-05-07 08:00:00,12.823
2016-05-07 08:10:00,12.823
2016-05-07 08:20:00,12.847
2016-05-07 08:30:00,12.847
2016-05-07 08:40:00,12.775
2016-05-07 08:50:00,12.654
2016-05-07 09:00:00,12.025
2016-05-07 09:10:00,11.613
2016-05-07 09:20:00,11.175
2016-05-07 09:30:00,10.81
2016-05-07 09:40:00,10.467
2016-05-07 09:50:00,10.492
2016-05-07 10:00:00,10.834
2016-05-07 10:10:00,10.907
2016-05-07 10:20:00,10.614
2016-05-07 10:30:00,10.467
2016-05-07 10:40:00,10.345
2016-05-07 10:50:00,10.222
2016-05-07 11:00:00,10.1
2016-05-07 11:10:00,10.001
2016-05-07 11:20:00,9.903
2016-05-07 11:30:00,9.805
2016-05-07 11:40:00,9.706
2016-05-07 11:50:00,9.558
2016-05-07 12:00:00,9.534
2016-05-07 12:10:00,9.46
2016-05-07 12:20:00,9.435
2016-05-07 12:30:00,9.287
2016-05-07 12:40:00,9.336
2016-05-07 12:50:00,9.41
2016-05-07 13:00:00,9.435
2016-05-07 13:10:00,9.41
2016-05-07 13:20:00,9.435
2016-05-07 13:30:00,9.509
2016-05-07 13:40:00,9.608
2016-05-07 13:50:00,9.854
2016-05-07 14:00:00,10.271
2016-05-07 14:10:00,10.761
2016-05-07 14:20:00,11.321
2016-05-07 14:30:00,11.977
2016-05-07 14:40:00,13.088
2016-05-07 14:50:00,14.266
2016-05-07 15:00:00,14.792
2016-05-07 15:10:00,15.438
2016-05-07 15:20:00,16.034
2016-05-07 15:30:00,17.058
2016-05-07 15:40:00,17.344
2016-05-07 15:50:00,17.249
2016-05-07 16:00:00,16.439
2016-05-07 16:10:00,15.055
2016-05-07 16:20:00,14.122
2016-05-07 16:30:00,14.17
2016-05-07 16:40:00,13.377
2016-05-07 16:50:00,13.425
2016-05-07 17:00:00,13.497
2016-05-07 17:10:00,13.449
2016-05-07 17:20:00,13.209
2016-05-07 17:30:00,13.401
2016-05-07 17:40:00,13.088
2016-05-07 17:50:00,13.064
2016-05-07 18:00:00,13.112
2016-05-07 18:10:00,13.209
2016-05-07 18:20:00,13.209
2016-05-07 18:30:00,13.185
2016-05-07 18:40:00,13.209
2016-05-07 18:50:00,13.233
2016-05-07 19:00:00,13.329
2016-05-07 19:10:00,13.401
2016-05-07 19:20:00,13.497
2016-05-07 19:30:00,13.425
2016-05-07 19:40:00,13.473
2016-05-07 19:50:00,13.642
2016-05-07 20:00:00,13.618
2016-05-07 20:10:00,13.738
2016-05-07 20:20:00,13.906
2016-05-07 20:30:00,13.834
2016-05-07 20:40:00,13.81
2016-05-07 20:50:00,13.93
2016-05-07 21:00:00,14.002
2016-05-07 21:10:00,14.385
2016-05-07 21:20:00,14.218
2016-05-07 21:30:00,14.529
2016-05-07 21:40:00,15.676
2016-05-07 21:50:00,15.748
2016-05-07 22:00:00,16.106
2016-05-07 22:10:00,17.772
2016-05-07 22:20:00,19.318
2016-05-07 22:30:00,20.627
2016-05-07 22:40:00,21.437
2016-05-07 22:50:00,22.848
2016-05-07 23:00:00,24.171
2016-05-07 23:10:00,24.823
2016-05-07 23:20:00,25.113
2016-05-07 23:30:00,24.968
2016-05-07 23:40:00,24.677
2016-05-07 23:50:00,23.04
2016-05-08 00:00:00,22.298
2016-05-08 00:10:00,22.321
2016-05-08 00:20:00,22.489
2016-05-08 00:30:00,20.841
2016-05-08 00:40:00,19.722
2016-05-08 00:50:00,19.341
2016-05-08 01:00:00,18.889
2016-05-08 01:10:00,18.675
2016-05-08 01:20:00,17.605
2016-05-08 01:30:00,17.13
2016-05-08 01:40:00,16.272
2016-05-08 01:50:00,15.175
2016-05-08 02:00:00,14.697
2016-05-08 02:10:00,14.409
2016-05-08 02:20:00,14.242
2016-05-08 02:30:00,14.122
2016-05-08 02:40:00,14.05
2016-05-08 02:50:00,14.002
2016-05-08 03:00:00,13.954
2016-05-08 03:10:00,13.93
2016-05-08 03:20:00,13.906
2016-05-08 03:30:00,13.858
2016-05-08 03:40:00,13.858
2016-05-08 03:50:00,13.834
2016-05-08 04:00:00,13.81
2016-05-08 04:10:00,13.81
2016-05-08 04:20:00,13.786
2016-05-08 04:30:00,13.786
2016-05-08 04:40:00,13.786
2016-05-08 04:50:00,13.786
2016-05-08 05:00:00,13.786
2016-05-08 05:10:00,13.762
2016-05-08 05:20:00,13.762
2016-05-08 05:30:00,13.762
2016-05-08 05:40:00,13.762
2016-05-08 05:50:00,13.762
2016-05-08 06:00:00,13.762
2016-05-08 06:10:00,13.762
2016-05-08 06:20:00,13.762
2016-05-08 06:30:00,13.738
2016-05-08 06:40:00,13.738
2016-05-08 06:50:00,13.738
2016-05-08 07:00:00,13.738
2016-05-08 07:10:00,13.738
2016-05-08 07:20:00,13.738
2016-05-08 07:30:00,13.738
2016-05-08 07:40:00,13.762
2016-05-08 07:50:00,13.762
2016-05-08 08:00:00,13.762
2016-05-08 08:10:00,13.762
2016-05-08 08:20:00,13.762
2016-05-08 08:30:00,13.762
2016-05-08 08:40:00,13.738
2016-05-08 08:50:00,13.738
2016-05-08 09:00:00,13.738
2016-05-08 09:10:00,13.714
2016-05-08 09:20:00,13.666
2016-05-08 09:30:00,13.305
2016-05-08 09:40:00,12.896
2016-05-08 09:50:00,12.558
2016-05-08 10:00:00,12.243
2016-05-08 10:10:00,12.243
2016-05-08 10:20:00,11.88
2016-05-08 10:30:00,11.394
2016-05-08 10:40:00,11.175
2016-05-08 10:50:00,11.127
2016-05-08 11:00:00,11.029
2016-05-08 11:10:00,10.858
2016-05-08 11:20:00,10.712
2016-05-08 11:30:00,10.687
2016-05-08 11:40:00,10.516
2016-05-08 11:50:00,10.418
2016-05-08 12:00:00,10.32
2016-05-08 12:10:00,10.149
2016-05-08 12:20:00,10.1
2016-05-08 12:30:00,10.075
2016-05-08 12:40:00,10.1
2016-05-08 12:50:00,9.952
2016-05-08 13:00:00,9.829
2016-05-08 13:10:00,9.657
2016-05-08 13:20:00,9.509
2016-05-08 13:30:00,9.485
2016-05-08 13:40:00,9.558
2016-05-08 13:50:00,9.706
2016-05-08 14:00:00,9.829
2016-05-08 14:10:00,10.149
2016-05-08 14:20:00,10.516
2016-05-08 14:30:00,11.71
2016-05-08 14:40:00,12.847
2016-05-08 14:50:00,13.69
2016-05-08 15:00:00,14.457
2016-05-08 15:10:00,15.485
2016-05-08 15:20:00,16.654
2016-05-08 15:30:00,17.962
2016-05-08 15:40:00,19.318
2016-05-08 15:50:00,20.412
2016-05-08 16:00:00,21.581
2016-05-08 16:10:00,22.824
2016-05-08 16:20:00,24.002
2016-05-08 16:30:00,23.521
2016-05-08 16:40:00,23.112
2016-05-08 16:50:00,22.417
2016-05-08 17:00:00,20.198
2016-05-08 17:10:00,16.582
2016-05-08 17:20:00,15.008
2016-05-08 17:30:00,14.96
2016-05-08 17:40:00,14.745
2016-05-08 17:50:00,14.409
2016-05-08 18:00:00,14.385
2016-05-08 18:10:00,14.266
2016-05-08 18:20:00,14.481
2016-05-08 18:30:00,14.481
2016-05-08 18:40:00,14.457
2016-05-08 18:50:00,14.529
2016-05-08 19:00:00,14.553
2016-05-08 19:10:00,14.529
2016-05-08 19:20:00,14.601
2016-05-08 19:30:00,14.625
2016-05-08 19:40:00,14.649
2016-05-08 19:50:00,14.577
2016-05-08 20:00:00,14.625
2016-05-08 20:10:00,14.649
2016-05-08 20:20:00,14.673
2016-05-08 20:30:00,14.649
2016-05-08 20:40:00,14.697
2016-05-08 20:50:00,14.745
2016-05-08 21:00:00,14.816
2016-05-08 21:10:00,14.912
2016-05-08 21:20:00,14.936
2016-05-08 21:30:00,14.984
2016-05-08 21:40:00,15.079
2016-05-08 21:50:00,15.079
2016-05-08 22:00:00,15.247
2016-05-08 22:10:00,15.079
2016-05-08 22:20:00,15.247
2016-05-08 22:30:00,15.772
2016-05-08 22:40:00,15.939
2016-05-08 22:50:00,16.415
2016-05-08 23:00:00,17.819
2016-05-08 23:10:00,18.985
2016-05-08 23:20:00,19.651
2016-05-08 23:30:00,19.246
2016-05-08 23:40:00,19.651
2016-05-08 23:50:00,20.65
2016-05-09 00:00:00,21.127
2016-05-09 00:10:00,21.032
2016-05-09 00:20:00,20.555
2016-05-09 00:30:00,19.436
2016-05-09 00:40:00,18.414
2016-05-09 00:50:00,18.176
2016-05-09 01:00:00,17.915
2016-05-09 01:10:00,17.463
2016-05-09 01:20:00,16.892
2016-05-09 01:30:00,16.606
2016-05-09 01:40:00,15.986
2016-05-09 01:50:00,15.461
2016-05-09 02:00:00,15.533
2016-05-09 02:10:00,15.366
2016-05-09 02:20:00,14.84
2016-05-09 02:30:00,14.721
2016-05-09 02:40:00,14.505
2016-05-09 02:50:00,14.457
2016-05-09 03:00:00,14.361
2016-05-09 03:10:00,14.29
2016-05-09 03:20:00,14.194
2016-05-09 03:30:00,14.146
2016-05-09 03:40:00,14.098
2016-05-09 03:50:00,14.05
2016-05-09 04:00:00,14.026
2016-05-09 04:10:00,14.002
2016-05-09 04:20:00,13.978
2016-05-09 04:30:00,13.954
2016-05-09 04:40:00,13.906
2016-05-09 04:50:00,13.882
2016-05-09 05:00:00,13.882
2016-05-09 05:10:00,13.834
2016-05-09 05:20:00,13.834
2016-05-09 05:30:00,13.786
2016-05-09 05:40:00,13.786
2016-05-09 05:50:00,13.738
2016-05-09 06:00:00,13.738
2016-05-09 06:10:00,13.738
2016-05-09 06:20:00,13.762
2016-05-09 06:30:00,13.738
2016-05-09 06:40:00,13.738
2016-05-09 06:50:00,13.738
2016-05-09 07:00:00,13.714
2016-05-09 07:10:00,13.69
2016-05-09 07:20:00,13.714
2016-05-09 07:30:00,13.69
2016-05-09 07:40:00,13.666
2016-05-09 07:50:00,13.618
2016-05-09 08:00:00,13.57
2016-05-09 08:10:00,13.546
2016-05-09 08:20:00,13.546
2016-05-09 08:30:00,13.546
2016-05-09 08:40:00,13.546
2016-05-09 08:50:00,13.546
2016-05-09 09:00:00,13.546
2016-05-09 09:10:00,13.546
2016-05-09 09:20:00,13.546
2016-05-09 09:30:00,13.57
2016-05-09 09:40:00,13.57
2016-05-09 09:50:00,13.57
2016-05-09 10:00:00,13.57
2016-05-09 10:10:00,13.57
2016-05-09 10:20:00,13.546
2016-05-09 10:30:00,13.473
2016-05-09 10:40:00,13.281
2016-05-09 10:50:00,13.185
2016-05-09 11:00:00,13.112
2016-05-09 11:10:00,13.04
2016-05-09 11:20:00,12.992
2016-05-09 11:30:00,12.968
2016-05-09 11:40:00,12.944
2016-05-09 11:50:00,12.944
2016-05-09 12:00:00,12.944
2016-05-09 12:10:00,12.92
2016-05-09 12:20:00,12.92
2016-05-09 12:30:00,12.896
2016-05-09 12:40:00,12.896
2016-05-09 12:50:00,12.871
2016-05-09 13:00:00,12.871
2016-05-09 13:10:00,12.871
2016-05-09 13:20:00,12.92
2016-05-09 13:30:00,12.944
2016-05-09 13:40:00,12.992
2016-05-09 13:50:00,13.064
2016-05-09 14:00:00,13.161
2016-05-09 14:10:00,13.233
2016-05-09 14:20:00,13.353
2016-05-09 14:30:00,13.497
2016-05-09 14:40:00,13.69
2016-05-09 14:50:00,13.93
2016-05-09 15:00:00,14.098
2016-05-09 15:10:00,14.314
2016-05-09 15:20:00,14.481
2016-05-09 15:30:00,14.745
2016-05-09 15:40:00,15.079
2016-05-09 15:50:00,15.581
2016-05-09 16:00:00,16.225
2016-05-09 16:10:00,16.725
2016-05-09 16:20:00,17.034
2016-05-09 16:30:00,17.368
2016-05-09 16:40:00,17.843
2016-05-09 16:50:00,18.533
2016-05-09 17:00:00,19.318
2016-05-09 17:10:00,20.126
2016-05-09 17:20:00,20.793
2016-05-09 17:30:00,21.318
2016-05-09 17:40:00,20.889
2016-05-09 17:50:00,20.007
2016-05-09 18:00:00,17.748
2016-05-09 18:10:00,17.344
2016-05-09 18:20:00,15.366
2016-05-09 18:30:00,14.673
2016-05-09 18:40:00,14.481
2016-05-09 18:50:00,14.266
2016-05-09 19:00:00,14.242
2016-05-09 19:10:00,14.074
2016-05-09 19:20:00,14.074
2016-05-09 19:30:00,14.242
2016-05-09 19:40:00,14.218
2016-05-09 19:50:00,14.242
2016-05-09 20:00:00,14.17
2016-05-09 20:10:00,14.098
2016-05-09 20:20:00,14.098
2016-05-09 20:30:00,14.074
2016-05-09 20:40:00,14.002
2016-05-09 20:50:00,13.978
2016-05-09 21:00:00,14.122
2016-05-09 21:10:00,14.17
2016-05-09 21:20:00,14.218
2016-05-09 21:30:00,14.17
2016-05-09 21:40:00,14.146
2016-05-09 21:50:00,14.098
2016-05-09 22:00:00,14.074
2016-05-09 22:10:00,14.026
2016-05-09 22:20:00,13.954
2016-05-09 22:30:00,13.882
2016-05-09 22:40:00,13.882
2016-05-09 22:50:00,13.858
2016-05-09 23:00:00,13.834
2016-05-09 23:10:00,13.858
2016-05-09 23:20:00,13.882
2016-05-09 23:30:00,13.882
2016-05-09 23:40:00,13.93
2016-05-09 23:50:00,14.05
2016-05-10 00:00:00,14.314
2016-05-10 00:10:00,14.314
2016-05-10 00:20:00,14.553
2016-05-10 00:30:00,14.601
2016-05-10 00:40:00,14.577
2016-05-10 00:50:00,14.553
2016-05-10 01:00:00,14.433
2016-05-10 01:10:00,14.314
2016-05-10 01:20:00,14.194
2016-05-10 01:30:00,14.002
2016-05-10 01:40:00,13.882
2016-05-10 01:50:00,13.762
2016-05-10 02:00:00,13.642
2016-05-10 02:10:00,13.522
2016-05-10 02:20:00,13.449
2016-05-10 02:30:00,13.449
2016-05-10 02:40:00,13.377
2016-05-10 02:50:00,13.377
2016-05-10 03:00:00,13.618
2016-05-10 03:10:00,13.642
2016-05-10 03:20:00,13.69
2016-05-10 03:30:00,13.69
2016-05-10 03:40:00,13.69
2016-05-10 03:50:00,13.69
2016-05-10 04:00:00,13.666
2016-05-10 04:10:00,13.642
2016-05-10 04:20:00,13.618
2016-05-10 04:30:00,13.618
2016-05-10 04:40:00,13.594
2016-05-10 04:50:00,13.57
2016-05-10 05:00:00,13.57
2016-05-10 05:10:00,13.546
2016-05-10 05:20:00,13.522
2016-05-10 05:30:00,13.497
2016-05-10 05:40:00,13.522
2016-05-10 05:50:00,13.57
2016-05-10 06:00:00,13.546
2016-05-10 06:10:00,13.546
2016-05-10 06:20:00,13.546
2016-05-10 06:30:00,13.57
2016-05-10 06:40:00,13.546
2016-05-10 06:50:00,13.522
2016-05-10 07:00:00,13.546
2016-05-10 07:10:00,13.546
2016-05-10 07:20:00,13.546
2016-05-10 07:30:00,13.57
2016-05-10 07:40:00,13.57
2016-05-10 07:50:00,13.57
2016-05-10 08:00:00,13.57
2016-05-10 08:10:00,13.57
2016-05-10 08:20:00,13.546
2016-05-10 08:30:00,13.546
2016-05-10 08:40:00,13.522
2016-05-10 08:50:00,13.497
2016-05-10 09:00:00,13.497
2016-05-10 09:10:00,13.449
2016-05-10 09:20:00,13.449
2016-05-10 09:30:00,13.401
2016-05-10 09:40:00,13.377
2016-05-10 09:50:00,13.329
2016-05-10 10:00:00,13.305
2016-05-10 10:10:00,13.257
2016-05-10 10:20:00,13.209
2016-05-10 10:30:00,13.161
2016-05-10 10:40:00,13.137
2016-05-10 10:50:00,13.088
2016-05-10 11:00:00,13.112
2016-05-10 11:10:00,13.04
2016-05-10 11:20:00,12.944
2016-05-10 11:30:00,12.799
2016-05-10 11:40:00,12.703
2016-05-10 11:50:00,12.654
2016-05-10 12:00:00,12.606
2016-05-10 12:10:00,12.582
2016-05-10 12:20:00,12.558
2016-05-10 12:30:00,12.534
2016-05-10 12:40:00,12.509
2016-05-10 12:50:00,12.485
2016-05-10 13:00:00,12.461
2016-05-10 13:10:00,12.461
2016-05-10 13:20:00,12.485
2016-05-10 13:30:00,12.509
2016-05-10 13:40:00,12.558
2016-05-10 13:50:00,12.654
2016-05-10 14:00:00,12.751
2016-05-10 14:10:00,12.847
2016-05-10 14:20:00,12.992
2016-05-10 14:30:00,13.185
2016-05-10 14:40:00,13.329
2016-05-10 14:50:00,13.546
2016-05-10 15:00:00,13.69
2016-05-10 15:10:00,13.906
2016-05-10 15:20:00,14.17
2016-05-10 15:30:00,14.625
2016-05-10 15:40:00,15.199
2016-05-10 15:50:00,15.652
2016-05-10 16:00:00,16.01
2016-05-10 16:10:00,16.368
2016-05-10 16:20:00,16.773
2016-05-10 16:30:00,17.177
2016-05-10 16:40:00,17.605
2016-05-10 16:50:00,17.843
2016-05-10 17:00:00,17.867
2016-05-10 17:10:00,17.915
2016-05-10 17:20:00,18.081
2016-05-10 17:30:00,18.129
2016-05-10 17:40:00,18.438
2016-05-10 17:50:00,18.818
2016-05-10 18:00:00,19.056
2016-05-10 18:10:00,19.27
2016-05-10 18:20:00,19.77
2016-05-10 18:30:00,19.841
2016-05-10 18:40:00,19.318
2016-05-10 18:50:00,18.033
2016-05-10 19:00:00,17.32
2016-05-10 19:10:00,15.772
2016-05-10 19:20:00,14.745
2016-05-10 19:30:00,14.553
2016-05-10 19:40:00,14.122
2016-05-10 19:50:00,13.882
2016-05-10 20:00:00,13.666
2016-05-10 20:10:00,13.666
2016-05-10 20:20:00,13.546
2016-05-10 20:30:00,13.497
2016-05-10 20:40:00,13.401
2016-05-10 20:50:00,13.401
2016-05-10 21:00:00,13.353
2016-05-10 21:10:00,13.377
2016-05-10 21:20:00,13.353
2016-05-10 21:30:00,13.401
2016-05-10 21:40:00,13.353
2016-05-10 21:50:00,13.353
2016-05-10 22:00:00,13.329
2016-05-10 22:10:00,13.353
2016-05-10 22:20:00,13.305
2016-05-10 22:30:00,13.305
2016-05-10 22:40:00,13.305
2016-05-10 22:50:00,13.305
2016-05-10 23:00:00,13.281
2016-05-10 23:10:00,13.281
2016-05-10 23:20:00,13.281
2016-05-10 23:30:00,13.257
2016-05-10 23:40:00,13.305
2016-05-10 23:50:00,13.353
2016-05-11 00:00:00,13.377
2016-05-11 00:10:00,13.449
2016-05-11 00:20:00,13.449
2016-05-11 00:30:00,13.377
2016-05-11 00:40:00,13.594
2016-05-11 00:50:00,13.81
2016-05-11 01:00:00,13.738
2016-05-11 01:10:00,13.666
2016-05-11 01:20:00,13.618
2016-05-11 01:30:00,13.69
2016-05-11 01:40:00,13.594
2016-05-11 01:50:00,13.522
2016-05-11 02:00:00,13.497
2016-05-11 02:10:00,13.401
2016-05-11 02:20:00,13.305
2016-05-11 02:30:00,13.209
2016-05-11 02:40:00,13.161
2016-05-11 02:50:00,13.112
2016-05-11 03:00:00,13.088
2016-05-11 03:10:00,13.064
2016-05-11 03:20:00,13.064
2016-05-11 03:30:00,13.088
2016-05-11 03:40:00,13.112
2016-05-11 03:50:00,13.161
2016-05-11 04:00:00,13.185
2016-05-11 04:10:00,13.185
2016-05-11 04:20:00,13.185
2016-05-11 04:30:00,13.185
2016-05-11 04:40:00,13.185
2016-05-11 04:50:00,13.185
2016-05-11 05:00:00,13.185
2016-05-11 05:10:00,13.185
2016-05-11 05:20:00,13.185
2016-05-11 05:30:00,13.185
2016-05-11 05:40:00,13.161
2016-05-11 05:50:00,13.161
2016-05-11 06:00:00,13.161
2016-05-11 06:10:00,13.161
2016-05-11 06:20:00,13.161
2016-05-11 06:30:00,13.161
2016-05-11 06:40:00,13.161
2016-05-11 06:50:00,13.161
2016-05-11 07:00:00,13.161
2016-05-11 07:10:00,13.161
2016-05-11 07:20:00,13.161
2016-05-11 07:30:00,13.161
2016-05-11 07:40:00,13.161
2016-05-11 07:50:00,13.161
2016-05-11 08:00:00,13.161
2016-05-11 08:10:00,13.137
2016-05-11 08:20:00,13.137
2016-05-11 08:30:00,13.137
2016-05-11 08:40:00,13.112
2016-05-11 08:50:00,13.112
2016-05-11 09:00:00,13.112
2016-05-11 09:10:00,13.088
2016-05-11 09:20:00,13.064
2016-05-11 09:30:00,13.064
2016-05-11 09:40:00,13.016
2016-05-11 09:50:00,13.04
2016-05-11 10:00:00,13.016
2016-05-11 10:10:00,12.992
2016-05-11 10:20:00,12.992
2016-05-11 10:30:00,12.968
2016-05-11 10:40:00,12.944
2016-05-11 10:50:00,12.92
2016-05-11 11:00:00,12.92
2016-05-11 11:10:00,12.871
2016-05-11 11:20:00,12.871
2016-05-11 11:30:00,12.847
2016-05-11 11:40:00,12.823
2016-05-11 11:50:00,12.799
2016-05-11 12:00:00,12.727
2016-05-11 12:10:00,12.63
2016-05-11 12:20:00,12.558
2016-05-11 12:30:00,12.534
2016-05-11 12:40:00,12.509
2016-05-11 12:50:00,12.485
2016-05-11 13:00:00,12.461
2016-05-11 13:10:00,12.461
2016-05-11 13:20:00,12.461
2016-05-11 13:30:00,12.485
2016-05-11 13:40:00,12.534
2016-05-11 13:50:00,12.606
2016-05-11 14:00:00,12.678
2016-05-11 14:10:00,12.799
2016-05-11 14:20:00,12.896
2016-05-11 14:30:00,12.968
2016-05-11 14:40:00,13.112
2016-05-11 14:50:00,13.281
2016-05-11 15:00:00,13.473
2016-05-11 15:10:00,13.594
2016-05-11 15:20:00,13.69
2016-05-11 15:30:00,13.81
2016-05-11 15:40:00,13.978
2016-05-11 15:50:00,14.218
2016-05-11 16:00:00,14.433
2016-05-11 16:10:00,14.553
2016-05-11 16:20:00,14.745
2016-05-11 16:30:00,14.936
2016-05-11 16:40:00,15.079
2016-05-11 16:50:00,15.247
2016-05-11 17:00:00,15.629
2016-05-11 17:10:00,16.082
2016-05-11 17:20:00,16.749
2016-05-11 17:30:00,17.153
2016-05-11 17:40:00,17.701
2016-05-11 17:50:00,18.533
2016-05-11 18:00:00,19.318
2016-05-11 18:10:00,20.007
2016-05-11 18:20:00,20.412
2016-05-11 18:30:00,20.865
2016-05-11 18:40:00,21.437
2016-05-11 18:50:00,22.106
2016-05-11 19:00:00,22.561
2016-05-11 19:10:00,22.848
2016-05-11 19:20:00,23.232
2016-05-11 19:30:00,23.376
2016-05-11 19:40:00,21.867
2016-05-11 19:50:00,21.032
2016-05-11 20:00:00,19.865
2016-05-11 20:10:00,18.604
2016-05-11 20:20:00,17.986
2016-05-11 20:30:00,17.629
2016-05-11 20:40:00,16.606
2016-05-11 20:50:00,16.058
2016-05-11 21:00:00,14.96
2016-05-11 21:10:00,14.673
2016-05-11 21:20:00,14.314
2016-05-11 21:30:00,14.074
2016-05-11 21:40:00,14.026
2016-05-11 21:50:00,14.002
2016-05-11 22:00:00,13.978
2016-05-11 22:10:00,13.906
2016-05-11 22:20:00,13.882
2016-05-11 22:30:00,13.81
2016-05-11 22:40:00,13.762
2016-05-11 22:50:00,13.69
2016-05-11 23:00:00,13.666
2016-05-11 23:10:00,13.666
2016-05-11 23:20:00,13.738
2016-05-11 23:30:00,13.738
2016-05-11 23:40:00,13.738
2016-05-11 23:50:00,13.69
2016-05-12 00:00:00,13.714
2016-05-12 00:10:00,13.738
2016-05-12 00:20:00,13.762
2016-05-12 00:30:00,13.69
2016-05-12 00:40:00,13.69
2016-05-12 00:50:00,13.69
2016-05-12 01:00:00,13.714
2016-05-12 01:10:00,13.666
2016-05-12 01:20:00,13.69
2016-05-12 01:30:00,13.666
2016-05-12 01:40:00,13.642
2016-05-12 01:50:00,13.618
2016-05-12 02:00:00,13.57
2016-05-12 02:10:00,13.546
2016-05-12 02:20:00,13.497
2016-05-12 02:30:00,13.401
2016-05-12 02:40:00,13.353
2016-05-12 02:50:00,13.329
2016-05-12 03:00:00,13.257
2016-05-12 03:10:00,13.233
2016-05-12 03:20:00,13.209
2016-05-12 03:30:00,13.185
2016-05-12 03:40:00,13.161
2016-05-12 03:50:00,13.112
2016-05-12 04:00:00,13.088
2016-05-12 04:10:00,13.064
2016-05-12 04:20:00,13.04
2016-05-12 04:30:00,13.016
2016-05-12 04:40:00,12.992
2016-05-12 04:50:00,12.992
2016-05-12 05:00:00,12.968
2016-05-12 05:10:00,12.92
2016-05-12 05:20:00,12.92
2016-05-12 05:30:00,12.896
2016-05-12 05:40:00,12.847
2016-05-12 05:50:00,12.823
2016-05-12 06:00:00,12.775
2016-05-12 06:10:00,12.775
2016-05-12 06:20:00,12.775
2016-05-12 06:30:00,12.775
2016-05-12 06:40:00,12.775
2016-05-12 06:50:00,12.799
2016-05-12 07:00:00,12.799
2016-05-12 07:10:00,12.823
2016-05-12 07:20:00,12.823
2016-05-12 07:30:00,12.847
2016-05-12 07:40:00,12.871
2016-05-12 07:50:00,12.896
2016-05-12 08:00:00,12.896
2016-05-12 08:10:00,12.92
2016-05-12 08:20:00,12.92
2016-05-12 08:30:00,12.92
2016-05-12 08:40:00,12.92
2016-05-12 08:50:00,12.92
2016-05-12 09:00:00,12.92
2016-05-12 09:10:00,12.896
2016-05-12 09:20:00,12.896
2016-05-12 09:30:00,12.871
2016-05-12 09:40:00,12.847
2016-05-12 09:50:00,12.847
2016-05-12 10:00:00,12.847
2016-05-12 10:10:00,12.823
2016-05-12 10:20:00,12.799
2016-05-12 10:30:00,12.799
2016-05-12 10:40:00,12.799
2016-05-12 10:50:00,12.823
2016-05-12 11:00:00,12.823
2016-05-12 11:10:00,12.823
2016-05-12 11:20:00,12.847
2016-05-12 11:30:00,12.847
2016-05-12 11:40:00,12.847
2016-05-12 11:50:00,12.847
2016-05-12 12:00:00,12.823
2016-05-12 12:10:00,12.799
2016-05-12 12:20:00,12.823
2016-05-12 12:30:00,12.823
2016-05-12 12:40:00,12.775
2016-05-12 12:50:00,12.727
2016-05-12 13:00:00,12.703
2016-05-12 13:10:00,12.678
2016-05-12 13:20:00,12.654
2016-05-12 13:30:00,12.654
2016-05-12 13:40:00,12.678
2016-05-12 13:50:00,12.703
2016-05-12 14:00:00,12.727
2016-05-12 14:10:00,12.799
2016-05-12 14:20:00,12.847
2016-05-12 14:30:00,12.968
2016-05-12 14:40:00,13.04
2016-05-12 14:50:00,13.209
2016-05-12 15:00:00,13.401
2016-05-12 15:10:00,13.618
2016-05-12 15:20:00,13.738
2016-05-12 15:30:00,13.906
2016-05-12 15:40:00,13.978
2016-05-12 15:50:00,14.122
2016-05-12 16:00:00,14.194
2016-05-12 16:10:00,14.242
2016-05-12 16:20:00,14.457
2016-05-12 16:30:00,14.673
2016-05-12 16:40:00,14.84
2016-05-12 16:50:00,15.031
2016-05-12 17:00:00,15.318
2016-05-12 17:10:00,15.581
2016-05-12 17:20:00,15.796
2016-05-12 17:30:00,16.01
2016-05-12 17:40:00,16.272
2016-05-12 17:50:00,16.582
2016-05-12 18:00:00,16.844
2016-05-12 18:10:00,17.201
2016-05-12 18:20:00,17.724
2016-05-12 18:30:00,18.224
2016-05-12 18:40:00,18.771
2016-05-12 18:50:00,19.294
2016-05-12 19:00:00,19.793
2016-05-12 19:10:00,20.293
2016-05-12 19:20:00,20.865
2016-05-12 19:30:00,21.509
2016-05-12 19:40:00,21.676
2016-05-12 19:50:00,22.848
2016-05-12 20:00:00,23.136
2016-05-12 20:10:00,23.809
2016-05-12 20:20:00,23.689
2016-05-12 20:30:00,22.465
2016-05-12 20:40:00,22.13
2016-05-12 20:50:00,20.674
2016-05-12 21:00:00,19.96
2016-05-12 21:10:00,19.651
2016-05-12 21:20:00,18.889
2016-05-12 21:30:00,16.63
2016-05-12 21:40:00,14.816
2016-05-12 21:50:00,15.079
2016-05-12 22:00:00,14.218
2016-05-12 22:10:00,13.906
2016-05-12 22:20:00,13.618
2016-05-12 22:30:00,13.57
2016-05-12 22:40:00,13.546
2016-05-12 22:50:00,13.377
2016-05-12 23:00:00,13.281
2016-05-12 23:10:00,13.233
2016-05-12 23:20:00,13.233
2016-05-12 23:30:00,13.161
2016-05-12 23:40:00,13.112
2016-05-12 23:50:00,13.088
2016-05-13 00:00:00,13.112
2016-05-13 00:10:00,13.112
2016-05-13 00:20:00,13.088
2016-05-13 00:30:00,13.088
2016-05-13 00:40:00,13.088
2016-05-13 00:50:00,13.04
2016-05-13 01:00:00,13.064
2016-05-13 01:10:00,13.04
2016-05-13 01:20:00,13.064
2016-05-13 01:30:00,13.137
2016-05-13 01:40:00,13.112
2016-05-13 01:50:00,13.137
2016-05-13 02:00:00,13.112
2016-05-13 02:10:00,13.088
2016-05-13 02:20:00,13.088
2016-05-13 02:30:00,13.112
2016-05-13 02:40:00,13.088
2016-05-13 02:50:00,13.064
2016-05-13 03:00:00,13.064
2016-05-13 03:10:00,13.016
2016-05-13 03:20:00,13.04
2016-05-13 03:30:00,13.04
2016-05-13 03:40:00,13.016
2016-05-13 03:50:00,12.992
2016-05-13 04:00:00,13.016
2016-05-13 04:10:00,12.992
2016-05-13 04:20:00,12.992
2016-05-13 04:30:00,12.968
2016-05-13 04:40:00,12.944
2016-05-13 04:50:00,12.944
2016-05-13 05:00:00,12.92
2016-05-13 05:10:00,12.92
2016-05-13 05:20:00,12.944
2016-05-13 05:30:00,12.92
2016-05-13 05:40:00,12.92
2016-05-13 05:50:00,12.92
2016-05-13 06:00:00,12.896
2016-05-13 06:10:00,12.896
2016-05-13 06:20:00,12.896
2016-05-13 06:30:00,12.896
2016-05-13 06:40:00,12.871
2016-05-13 06:50:00,12.871
2016-05-13 07:00:00,12.871
2016-05-13 07:10:00,12.871
2016-05-13 07:20:00,12.871
2016-05-13 07:30:00,12.871
2016-05-13 07:40:00,12.871
2016-05-13 07:50:00,12.847
2016-05-13 08:00:00,12.847
2016-05-13 08:10:00,12.823
2016-05-13 08:20:00,12.823
2016-05-13 08:30:00,12.823
2016-05-13 08:40:00,12.823
2016-05-13 08:50:00,12.823
2016-05-13 09:00:00,12.823
2016-05-13 09:10:00,12.823
2016-05-13 09:20:00,12.823
2016-05-13 09:30:00,12.823
2016-05-13 09:40:00,12.799
2016-05-13 09:50:00,12.799
2016-05-13 10:00:00,12.799
2016-05-13 10:10:00,12.775
2016-05-13 10:20:00,12.751
2016-05-13 10:30:00,12.727
2016-05-13 10:40:00,12.703
2016-05-13 10:50:00,12.654
2016-05-13 11:00:00,12.63
2016-05-13 11:10:00,12.606
2016-05-13 11:20:00,12.582
2016-05-13 11:30:00,12.582
2016-05-13 11:40:00,12.582
2016-05-13 11:50:00,12.582
2016-05-13 12:00:00,12.606
2016-05-13 12:10:00,12.606
2016-05-13 12:20:00,12.582
2016-05-13 12:30:00,12.582
2016-05-13 12:40:00,12.582
2016-05-13 12:50:00,12.558
2016-05-13 13:00:00,12.582
2016-05-13 13:10:00,12.582
2016-05-13 13:20:00,12.582
2016-05-13 13:30:00,12.582
2016-05-13 13:40:00,12.582
2016-05-13 13:50:00,12.606
2016-05-13 14:00:00,12.606
2016-05-13 14:10:00,12.63
2016-05-13 14:20:00,12.654
2016-05-13 14:30:00,12.678
2016-05-13 14:40:00,12.799
2016-05-13 14:50:00,12.968
2016-05-13 15:00:00,13.185
2016-05-13 15:10:00,13.449
2016-05-13 15:20:00,13.666
2016-05-13 15:30:00,13.858
2016-05-13 15:40:00,14.05
2016-05-13 15:50:00,14.361
2016-05-13 16:00:00,14.697
2016-05-13 16:10:00,15.008
2016-05-13 16:20:00,15.175
2016-05-13 16:30:00,15.39
2016-05-13 16:40:00,15.557
2016-05-13 16:50:00,16.63
2016-05-13 17:00:00,16.939
2016-05-13 17:10:00,17.082
2016-05-13 17:20:00,17.415
2016-05-13 17:30:00,18.057
2016-05-13 17:40:00,18.271
2016-05-13 17:50:00,18.366
2016-05-13 18:00:00,18.675
2016-05-13 18:10:00,19.199
2016-05-13 18:20:00,19.508
2016-05-13 18:30:00,19.793
2016-05-13 18:40:00,20.269
2016-05-13 18:50:00,20.817
2016-05-13 19:00:00,21.366
2016-05-13 19:10:00,22.465
2016-05-13 19:20:00,23.184
2016-05-13 19:30:00,23.954
2016-05-13 19:40:00,24.798
2016-05-13 19:50:00,26.109
2016-05-13 20:00:00,26.744
2016-05-13 20:10:00,27.161
2016-05-13 20:20:00,27.407
2016-05-13 20:30:00,28.097
2016-05-13 20:40:00,28.941
2016-05-13 20:50:00,29.14
2016-05-13 21:00:00,29.414
2016-05-13 21:10:00,29.715
2016-05-13 21:20:00,28.147
2016-05-13 21:30:00,26.646
2016-05-13 21:40:00,25.404
2016-05-13 21:50:00,24.532
2016-05-13 22:00:00,20.841
2016-05-13 22:10:00,20.65
2016-05-13 22:20:00,18.224
2016-05-13 22:30:00,15.867
2016-05-13 22:40:00,15.175
2016-05-13 22:50:00,14.792
2016-05-13 23:00:00,14.433
2016-05-13 23:10:00,14.314
2016-05-13 23:20:00,13.954
2016-05-13 23:30:00,13.858
2016-05-13 23:40:00,13.81
2016-05-13 23:50:00,13.834
2016-05-14 00:00:00,13.738
2016-05-14 00:10:00,13.714
2016-05-14 00:20:00,13.666
2016-05-14 00:30:00,13.618
2016-05-14 00:40:00,13.594
2016-05-14 00:50:00,13.57
2016-05-14 01:00:00,13.497
2016-05-14 01:10:00,13.473
2016-05-14 01:20:00,13.425
2016-05-14 01:30:00,13.377
2016-05-14 01:40:00,13.377
2016-05-14 01:50:00,13.353
2016-05-14 02:00:00,13.353
2016-05-14 02:10:00,13.353
2016-05-14 02:20:00,13.377
2016-05-14 02:30:00,13.329
2016-05-14 02:40:00,13.305
2016-05-14 02:50:00,13.257
2016-05-14 03:00:00,13.257
2016-05-14 03:10:00,13.233
2016-05-14 03:20:00,13.209
2016-05-14 03:30:00,13.161
2016-05-14 03:40:00,13.112
2016-05-14 03:50:00,13.064
2016-05-14 04:00:00,13.016
2016-05-14 04:10:00,12.992
2016-05-14 04:20:00,12.944
2016-05-14 04:30:00,12.847
2016-05-14 04:40:00,12.823
2016-05-14 04:50:00,12.678
2016-05-14 05:00:00,12.703
2016-05-14 05:10:00,12.34
2016-05-14 05:20:00,12.461
2016-05-14 05:30:00,12.437
2016-05-14 05:40:00,12.098
2016-05-14 05:50:00,11.929
2016-05-14 06:00:00,11.856
2016-05-14 06:10:00,11.686
2016-05-14 06:20:00,11.467
2016-05-14 06:30:00,11.321
2016-05-14 06:40:00,11.516
2016-05-14 06:50:00,11.783
2016-05-14 07:00:00,12.05
2016-05-14 07:10:00,12.195
2016-05-14 07:20:00,12.316
2016-05-14 07:30:00,12.389
2016-05-14 07:40:00,12.461
2016-05-14 07:50:00,12.485
2016-05-14 08:00:00,12.509
2016-05-14 08:10:00,12.485
2016-05-14 08:20:00,12.534
2016-05-14 08:30:00,12.437
2016-05-14 08:40:00,12.485
2016-05-14 08:50:00,12.292
2016-05-14 09:00:00,12.147
2016-05-14 09:10:00,12.413
2016-05-14 09:20:00,12.534
2016-05-14 09:30:00,12.509
2016-05-14 09:40:00,12.413
2016-05-14 09:50:00,12.582
2016-05-14 10:00:00,12.606
2016-05-14 10:10:00,12.654
2016-05-14 10:20:00,12.678
2016-05-14 10:30:00,12.654
2016-05-14 10:40:00,12.654
2016-05-14 10:50:00,12.654
2016-05-14 11:00:00,12.63
2016-05-14 11:10:00,12.654
2016-05-14 11:20:00,12.654
2016-05-14 11:30:00,12.654
2016-05-14 11:40:00,12.63
2016-05-14 11:50:00,12.606
2016-05-14 12:00:00,12.606
2016-05-14 12:10:00,12.63
2016-05-14 12:20:00,12.63
2016-05-14 12:30:00,12.606
2016-05-14 12:40:00,12.63
2016-05-14 12:50:00,12.606
2016-05-14 13:00:00,12.606
2016-05-14 13:10:00,12.63
2016-05-14 13:20:00,12.606
2016-05-14 13:30:00,12.606
2016-05-14 13:40:00,12.63
2016-05-14 13:50:00,12.63
2016-05-14 14:00:00,12.654
2016-05-14 14:10:00,12.678
2016-05-14 14:20:00,12.847
2016-05-14 14:30:00,13.04
2016-05-14 14:40:00,13.064
2016-05-14 14:50:00,13.353
2016-05-14 15:00:00,13.834
2016-05-14 15:10:00,14.721
2016-05-14 15:20:00,14.936
2016-05-14 15:30:00,15.939
2016-05-14 15:40:00,16.749
2016-05-14 15:50:00,17.582
2016-05-14 16:00:00,18.604
2016-05-14 16:10:00,19.674
2016-05-14 16:20:00,20.674
2016-05-14 16:30:00,21.843
2016-05-14 16:40:00,22.681
2016-05-14 16:50:00,23.641
2016-05-14 17:00:00,24.146
2016-05-14 17:10:00,24.026
2016-05-14 17:20:00,24.532
2016-05-14 17:30:00,25.258
2016-05-14 17:40:00,25.453
2016-05-14 17:50:00,25.768
2016-05-14 18:00:00,26.061
2016-05-14 18:10:00,26.549
2016-05-14 18:20:00,27.087
2016-05-14 18:30:00,27.85
2016-05-14 18:40:00,28.742
2016-05-14 18:50:00,29.24
2016-05-14 19:00:00,29.765
2016-05-14 19:10:00,29.815
2016-05-14 19:20:00,29.54
2016-05-14 19:30:00,29.464
2016-05-14 19:40:00,29.19
2016-05-14 19:50:00,28.916
2016-05-14 20:00:00,28.642
2016-05-14 20:10:00,28.295
2016-05-14 20:20:00,28.345
2016-05-14 20:30:00,28.493
2016-05-14 20:40:00,28.617
2016-05-14 20:50:00,28.543
2016-05-14 21:00:00,28.891
2016-05-14 21:10:00,29.065
2016-05-14 21:20:00,29.115
2016-05-14 21:30:00,29.14
2016-05-14 21:40:00,28.941
2016-05-14 21:50:00,28.444
2016-05-14 22:00:00,25.841
2016-05-14 22:10:00,24.798
2016-05-14 22:20:00,24.532
2016-05-14 22:30:00,23.208
2016-05-14 22:40:00,22.465
2016-05-14 22:50:00,20.293
2016-05-14 23:00:00,19.508
2016-05-14 23:10:00,16.296
2016-05-14 23:20:00,15.39
2016-05-14 23:30:00,15.079
2016-05-14 23:40:00,14.984
2016-05-14 23:50:00,14.697
2016-05-15 00:00:00,14.457
2016-05-15 00:10:00,14.361
2016-05-15 00:20:00,14.218
2016-05-15 00:30:00,14.026
2016-05-15 00:40:00,13.882
2016-05-15 00:50:00,13.786
2016-05-15 01:00:00,13.738
2016-05-15 01:10:00,13.69
2016-05-15 01:20:00,13.642
2016-05-15 01:30:00,13.594
2016-05-15 01:40:00,13.57
2016-05-15 01:50:00,13.522
2016-05-15 02:00:00,13.497
2016-05-15 02:10:00,13.473
2016-05-15 02:20:00,13.473
2016-05-15 02:30:00,13.497
2016-05-15 02:40:00,13.497
2016-05-15 02:50:00,13.497
2016-05-15 03:00:00,13.497
2016-05-15 03:10:00,13.449
2016-05-15 03:20:00,13.377
2016-05-15 03:30:00,13.329
2016-05-15 03:40:00,13.305
2016-05-15 03:50:00,13.233
2016-05-15 04:00:00,13.209
2016-05-15 04:10:00,13.185
2016-05-15 04:20:00,13.161
2016-05-15 04:30:00,13.137
2016-05-15 04:40:00,13.088
2016-05-15 04:50:00,13.064
2016-05-15 05:00:00,13.016
2016-05-15 05:10:00,12.968
2016-05-15 05:20:00,12.871
2016-05-15 05:30:00,12.871
2016-05-15 05:40:00,12.678
2016-05-15 05:50:00,12.485
2016-05-15 06:00:00,12.171
2016-05-15 06:10:00,11.953
2016-05-15 06:20:00,11.71
2016-05-15 06:30:00,11.54
2016-05-15 06:40:00,11.637
2016-05-15 06:50:00,11.88
2016-05-15 07:00:00,12.171
2016-05-15 07:10:00,12.389
2016-05-15 07:20:00,12.606
2016-05-15 07:30:00,12.871
2016-05-15 07:40:00,13.088
2016-05-15 07:50:00,13.185
2016-05-15 08:00:00,13.233
2016-05-15 08:10:00,13.281
2016-05-15 08:20:00,13.281
2016-05-15 08:30:00,13.281
2016-05-15 08:40:00,13.305
2016-05-15 08:50:00,13.281
2016-05-15 09:00:00,13.305
2016-05-15 09:10:00,13.305
2016-05-15 09:20:00,13.281
2016-05-15 09:30:00,13.233
2016-05-15 09:40:00,13.233
2016-05-15 09:50:00,13.209
2016-05-15 10:00:00,13.112
2016-05-15 10:10:00,13.112
2016-05-15 10:20:00,13.016
2016-05-15 10:30:00,13.016
2016-05-15 10:40:00,12.992
2016-05-15 10:50:00,12.92
2016-05-15 11:00:00,12.896
2016-05-15 11:10:00,12.823
2016-05-15 11:20:00,12.823
2016-05-15 11:30:00,12.775
2016-05-15 11:40:00,12.751
2016-05-15 11:50:00,12.727
2016-05-15 12:00:00,12.751
2016-05-15 12:10:00,12.727
2016-05-15 12:20:00,12.727
2016-05-15 12:30:00,12.727
2016-05-15 12:40:00,12.703
2016-05-15 12:50:00,12.703
2016-05-15 13:00:00,12.703
2016-05-15 13:10:00,12.703
2016-05-15 13:20:00,12.703
2016-05-15 13:30:00,12.703
2016-05-15 13:40:00,12.703
2016-05-15 13:50:00,12.703
2016-05-15 14:00:00,12.727
2016-05-15 14:10:00,12.727
2016-05-15 14:20:00,12.727
2016-05-15 14:30:00,12.775
2016-05-15 14:40:00,12.775
2016-05-15 14:50:00,12.823
2016-05-15 15:00:00,12.847
2016-05-15 15:10:00,12.871
2016-05-15 15:20:00,12.968
2016-05-15 15:30:00,12.992
2016-05-15 15:40:00,13.064
2016-05-15 15:50:00,13.401
2016-05-15 16:00:00,14.026
2016-05-15 16:10:00,14.625
2016-05-15 16:20:00,14.792
2016-05-15 16:30:00,15.438
2016-05-15 16:40:00,15.294
2016-05-15 16:50:00,18.129
2016-05-15 17:00:00,18.889
2016-05-15 17:10:00,20.793
2016-05-15 17:20:00,22.25
2016-05-15 17:30:00,22.561
2016-05-15 17:40:00,23.857
2016-05-15 17:50:00,25.234
2016-05-15 18:00:00,26.28
2016-05-15 18:10:00,26.598
2016-05-15 18:20:00,26.549
2016-05-15 18:30:00,26.329
2016-05-15 18:40:00,26.402
2016-05-15 18:50:00,26.671
2016-05-15 19:00:00,26.965
2016-05-15 19:10:00,27.382
2016-05-15 19:20:00,27.776
2016-05-15 19:30:00,28.147
2016-05-15 19:40:00,28.196
2016-05-15 19:50:00,28.295
2016-05-15 20:00:00,28.345
2016-05-15 20:10:00,28.394
2016-05-15 20:20:00,28.568
2016-05-15 20:30:00,28.642
2016-05-15 20:40:00,28.394
2016-05-15 20:50:00,28.196
2016-05-15 21:00:00,27.998
2016-05-15 21:10:00,28.048
2016-05-15 21:20:00,27.776
2016-05-15 21:30:00,26.353
2016-05-15 21:40:00,25.501
2016-05-15 21:50:00,24.46
2016-05-15 22:00:00,22.345
2016-05-15 22:10:00,20.126
2016-05-15 22:20:00,19.103
2016-05-15 22:30:00,18.533
2016-05-15 22:40:00,17.272
2016-05-15 22:50:00,16.082
2016-05-15 23:00:00,15.223
2016-05-15 23:10:00,14.936
2016-05-15 23:20:00,14.505
2016-05-15 23:30:00,14.218
2016-05-15 23:40:00,14.146
2016-05-15 23:50:00,14.05
2016-05-16 00:00:00,14.002
2016-05-16 00:10:00,13.954
2016-05-16 00:20:00,13.93
2016-05-16 00:30:00,13.858
2016-05-16 00:40:00,13.81
2016-05-16 00:50:00,13.786
2016-05-16 01:00:00,13.738
2016-05-16 01:10:00,13.666
2016-05-16 01:20:00,13.642
2016-05-16 01:30:00,13.642
2016-05-16 01:40:00,13.618
2016-05-16 01:50:00,13.57
2016-05-16 02:00:00,13.522
2016-05-16 02:10:00,13.473
2016-05-16 02:20:00,13.401
2016-05-16 02:30:00,13.401
2016-05-16 02:40:00,13.377
2016-05-16 02:50:00,13.353
2016-05-16 03:00:00,13.329
2016-05-16 03:10:00,13.305
2016-05-16 03:20:00,13.281
2016-05-16 03:30:00,13.257
2016-05-16 03:40:00,13.233
2016-05-16 03:50:00,13.209
2016-05-16 04:00:00,13.233
2016-05-16 04:10:00,13.209
2016-05-16 04:20:00,13.209
2016-05-16 04:30:00,13.185
2016-05-16 04:40:00,13.161
2016-05-16 04:50:00,13.112
2016-05-16 05:00:00,13.112
2016-05-16 05:10:00,13.112
2016-05-16 05:20:00,13.088
2016-05-16 05:30:00,13.064
2016-05-16 05:40:00,13.016
2016-05-16 05:50:00,12.992
2016-05-16 06:00:00,12.968
2016-05-16 06:10:00,12.944
2016-05-16 06:20:00,12.896
2016-05-16 06:30:00,12.896
2016-05-16 06:40:00,12.703
2016-05-16 06:50:00,12.509
2016-05-16 07:00:00,12.461
2016-05-16 07:10:00,12.413
2016-05-16 07:20:00,12.268
2016-05-16 07:30:00,12.147
2016-05-16 07:40:00,12.074
2016-05-16 07:50:00,12.219
2016-05-16 08:00:00,12.364
2016-05-16 08:10:00,12.437
2016-05-16 08:20:00,12.461
2016-05-16 08:30:00,12.461
2016-05-16 08:40:00,12.437
2016-05-16 08:50:00,12.413
2016-05-16 09:00:00,12.413
2016-05-16 09:10:00,12.437
2016-05-16 09:20:00,12.437
2016-05-16 09:30:00,12.437
2016-05-16 09:40:00,12.437
2016-05-16 09:50:00,12.437
2016-05-16 10:00:00,12.413
2016-05-16 10:10:00,12.389
2016-05-16 10:20:00,12.34
2016-05-16 10:30:00,12.316
2016-05-16 10:40:00,12.316
2016-05-16 10:50:00,12.292
2016-05-16 11:00:00,12.316
2016-05-16 11:10:00,12.364
2016-05-16 11:20:00,12.34
2016-05-16 11:30:00,12.485
2016-05-16 11:40:00,12.485
2016-05-16 11:50:00,12.461
2016-05-16 12:00:00,12.534
2016-05-16 12:10:00,12.534
2016-05-16 12:20:00,12.558
2016-05-16 12:30:00,12.558
2016-05-16 12:40:00,12.558
2016-05-16 12:50:00,12.558
2016-05-16 13:00:00,12.534
2016-05-16 13:10:00,12.534
2016-05-16 13:20:00,12.534
2016-05-16 13:30:00,12.534
2016-05-16 13:40:00,12.534
2016-05-16 13:50:00,12.534
2016-05-16 14:00:00,12.558
2016-05-16 14:10:00,12.558
2016-05-16 14:20:00,12.558
2016-05-16 14:30:00,12.558
2016-05-16 14:40:00,12.558
2016-05-16 14:50:00,12.582
2016-05-16 15:00:00,12.582
2016-05-16 15:10:00,12.606
2016-05-16 15:20:00,12.606
2016-05-16 15:30:00,12.678
2016-05-16 15:40:00,12.654
2016-05-16 15:50:00,12.678
2016-05-16 16:00:00,12.703
2016-05-16 16:10:00,12.775
2016-05-16 16:20:00,12.775
2016-05-16 16:30:00,12.799
2016-05-16 16:40:00,12.847
2016-05-16 16:50:00,13.04
2016-05-16 17:00:00,13.714
2016-05-16 17:10:00,14.074
2016-05-16 17:20:00,16.082
2016-05-16 17:30:00,17.558
2016-05-16 17:40:00,18.129
2016-05-16 17:50:00,19.318
2016-05-16 18:00:00,20.246
2016-05-16 18:10:00,20.603
2016-05-16 18:20:00,21.056
2016-05-16 18:30:00,21.652
2016-05-16 18:40:00,22.968
2016-05-16 18:50:00,23.545
2016-05-16 19:00:00,24.267
2016-05-16 19:10:00,25.04
2016-05-16 19:20:00,25.623
2016-05-16 19:30:00,26.207
2016-05-16 19:40:00,26.5
2016-05-16 19:50:00,26.916
2016-05-16 20:00:00,26.916
2016-05-16 20:10:00,26.72
2016-05-16 20:20:00,26.818
2016-05-16 20:30:00,27.087
2016-05-16 20:40:00,27.063
2016-05-16 20:50:00,27.038
2016-05-16 21:00:00,27.308
2016-05-16 21:10:00,27.014
2016-05-16 21:20:00,26.085
2016-05-16 21:30:00,25.72
2016-05-16 21:40:00,25.574
2016-05-16 21:50:00,24.968
2016-05-16 22:00:00,24.291
2016-05-16 22:10:00,23.184
2016-05-16 22:20:00,20.817
2016-05-16 22:30:00,19.032
2016-05-16 22:40:00,18.081
2016-05-16 22:50:00,17.51
2016-05-16 23:00:00,16.344
2016-05-16 23:10:00,16.034
2016-05-16 23:20:00,15.175
2016-05-16 23:30:00,14.553
2016-05-16 23:40:00,13.882
2016-05-16 23:50:00,13.738
2016-05-17 00:00:00,13.305
2016-05-17 00:10:00,13.088
2016-05-17 00:20:00,12.944
2016-05-17 00:30:00,12.92
2016-05-17 00:40:00,12.847
2016-05-17 00:50:00,12.799
2016-05-17 01:00:00,12.727
2016-05-17 01:10:00,12.703
2016-05-17 01:20:00,12.654
2016-05-17 01:30:00,12.63
2016-05-17 01:40:00,12.63
2016-05-17 01:50:00,12.582
2016-05-17 02:00:00,12.534
2016-05-17 02:10:00,12.509
2016-05-17 02:20:00,12.437
2016-05-17 02:30:00,12.389
2016-05-17 02:40:00,12.364
2016-05-17 02:50:00,12.292
2016-05-17 03:00:00,12.292
2016-05-17 03:10:00,12.268
2016-05-17 03:20:00,12.268
2016-05-17 03:30:00,12.195
2016-05-17 03:40:00,12.219
2016-05-17 03:50:00,12.171
2016-05-17 04:00:00,12.147
2016-05-17 04:10:00,12.147
2016-05-17 04:20:00,12.122
2016-05-17 04:30:00,12.122
2016-05-17 04:40:00,12.074
2016-05-17 04:50:00,12.025
2016-05-17 05:00:00,12.025
2016-05-17 05:10:00,12.025
2016-05-17 05:20:00,12.001
2016-05-17 05:30:00,12.001
2016-05-17 05:40:00,11.977
2016-05-17 05:50:00,12.001
2016-05-17 06:00:00,12.001
2016-05-17 06:10:00,12.025
2016-05-17 06:20:00,12.05
2016-05-17 06:30:00,12.05
2016-05-17 06:40:00,12.074
2016-05-17 06:50:00,12.074
2016-05-17 07:00:00,12.074
2016-05-17 07:10:00,12.074
2016-05-17 07:20:00,12.074
2016-05-17 07:30:00,12.098
2016-05-17 07:40:00,12.098
2016-05-17 07:50:00,12.098
2016-05-17 08:00:00,12.074
2016-05-17 08:10:00,12.074
2016-05-17 08:20:00,12.074
2016-05-17 08:30:00,12.098
2016-05-17 08:40:00,12.098
2016-05-17 08:50:00,12.074
2016-05-17 09:00:00,12.074
2016-05-17 09:10:00,12.074
2016-05-17 09:20:00,12.074
2016-05-17 09:30:00,12.074
2016-05-17 09:40:00,12.074
2016-05-17 09:50:00,12.05
2016-05-17 10:00:00,12.05
2016-05-17 10:10:00,12.05
2016-05-17 10:20:00,12.025
2016-05-17 10:30:00,12.025
2016-05-17 10:40:00,12.001
2016-05-17 10:50:00,12.001
2016-05-17 11:00:00,11.977
2016-05-17 11:10:00,11.953
2016-05-17 11:20:00,11.929
2016-05-17 11:30:00,11.929
2016-05-17 11:40:00,11.929
2016-05-17 11:50:00,11.904
2016-05-17 12:00:00,11.88
2016-05-17 12:10:00,11.88
2016-05-17 12:20:00,11.856
2016-05-17 12:30:00,11.832
2016-05-17 12:40:00,11.832
2016-05-17 12:50:00,11.88
2016-05-17 13:00:00,11.856
2016-05-17 13:10:00,11.832
2016-05-17 13:20:00,11.807
2016-05-17 13:30:00,11.783
2016-05-17 13:40:00,11.759
2016-05-17 13:50:00,11.759
2016-05-17 14:00:00,11.759
2016-05-17 14:10:00,11.759
2016-05-17 14:20:00,11.783
2016-05-17 14:30:00,11.759
2016-05-17 14:40:00,11.759
2016-05-17 14:50:00,11.759
2016-05-17 15:00:00,11.734
2016-05-17 15:10:00,11.759
2016-05-17 15:20:00,11.783
2016-05-17 15:30:00,11.759
2016-05-17 15:40:00,11.734
2016-05-17 15:50:00,11.759
2016-05-17 16:00:00,11.759
2016-05-17 16:10:00,11.759
2016-05-17 16:20:00,11.734
2016-05-17 16:30:00,11.759
2016-05-17 16:40:00,11.783
2016-05-17 16:50:00,11.856
2016-05-17 17:00:00,11.88
2016-05-17 17:10:00,11.904
2016-05-17 17:20:00,12.001
2016-05-17 17:30:00,12.098
2016-05-17 17:40:00,12.147
2016-05-17 17:50:00,12.171
2016-05-17 18:00:00,12.534
2016-05-17 18:10:00,12.896
2016-05-17 18:20:00,13.906
2016-05-17 18:30:00,14.912
2016-05-17 18:40:00,16.892
2016-05-17 18:50:00,17.249
2016-05-17 19:00:00,18.557
2016-05-17 19:10:00,19.175
2016-05-17 19:20:00,19.436
2016-05-17 19:30:00,19.508
2016-05-17 19:40:00,19.484
2016-05-17 19:50:00,20.889
2016-05-17 20:00:00,22.705
2016-05-17 20:10:00,23.689
2016-05-17 20:20:00,24.002
2016-05-17 20:30:00,24.388
2016-05-17 20:40:00,24.75
2016-05-17 20:50:00,24.653
2016-05-17 21:00:00,24.122
2016-05-17 21:10:00,23.136
2016-05-17 21:20:00,23.136
2016-05-17 21:30:00,23.256
2016-05-17 21:40:00,23.28
2016-05-17 21:50:00,23.617
2016-05-17 22:00:00,23.448
2016-05-17 22:10:00,22.896
2016-05-17 22:20:00,23.184
2016-05-17 22:30:00,22.753
2016-05-17 22:40:00,22.321
2016-05-17 22:50:00,21.318
2016-05-17 23:00:00,19.96
2016-05-17 23:10:00,19.199
2016-05-17 23:20:00,17.558
2016-05-17 23:30:00,15.986
2016-05-17 23:40:00,14.529
2016-05-17 23:50:00,13.978
2016-05-18 00:00:00,14.146
2016-05-18 00:10:00,13.161
2016-05-18 00:20:00,12.654
2016-05-18 00:30:00,12.534
2016-05-18 00:40:00,12.413
2016-05-18 00:50:00,12.34
2016-05-18 01:00:00,12.268
2016-05-18 01:10:00,12.195
2016-05-18 01:20:00,12.147
2016-05-18 01:30:00,12.098
2016-05-18 01:40:00,12.05
2016-05-18 01:50:00,12.025
2016-05-18 02:00:00,12.025
2016-05-18 02:10:00,12.025
2016-05-18 02:20:00,12.05
2016-05-18 02:30:00,12.074
2016-05-18 02:40:00,12.074
2016-05-18 02:50:00,12.074
2016-05-18 03:00:00,12.074
2016-05-18 03:10:00,12.05
2016-05-18 03:20:00,12.05
2016-05-18 03:30:00,12.05
2016-05-18 03:40:00,12.05
2016-05-18 03:50:00,12.025
2016-05-18 04:00:00,12.025
2016-05-18 04:10:00,12.001
2016-05-18 04:20:00,12.001
2016-05-18 04:30:00,12.001
2016-05-18 04:40:00,12.001
2016-05-18 04:50:00,11.977
2016-05-18 05:00:00,11.977
2016-05-18 05:10:00,11.977
2016-05-18 05:20:00,11.953
2016-05-18 05:30:00,11.977
2016-05-18 05:40:00,11.953
2016-05-18 05:50:00,11.953
2016-05-18 06:00:00,11.953
2016-05-18 06:10:00,11.953
2016-05-18 06:20:00,11.953
2016-05-18 06:30:00,11.953
2016-05-18 06:40:00,11.953
2016-05-18 06:50:00,11.953
2016-05-18 07:00:00,11.953
2016-05-18 07:10:00,11.977
2016-05-18 07:20:00,12.001
2016-05-18 07:30:00,12.025
2016-05-18 07:40:00,12.025
2016-05-18 07:50:00,12.025
2016-05-18 08:00:00,12.05
2016-05-18 08:10:00,12.05
2016-05-18 08:20:00,12.05
2016-05-18 08:30:00,12.05
2016-05-18 08:40:00,12.05
2016-05-18 08:50:00,12.05
2016-05-18 09:00:00,12.05
2016-05-18 09:10:00,12.05
2016-05-18 09:20:00,12.025
2016-05-18 09:30:00,12.025
2016-05-18 09:40:00,12.025
2016-05-18 09:50:00,12.001
2016-05-18 10:00:00,12.001
2016-05-18 10:10:00,12.001
2016-05-18 10:20:00,11.977
2016-05-18 10:30:00,11.977
2016-05-18 10:40:00,11.929
2016-05-18 10:50:00,11.88
2016-05-18 11:00:00,11.88
2016-05-18 11:10:00,11.856
2016-05-18 11:20:00,11.832
2016-05-18 11:30:00,11.807
2016-05-18 11:40:00,11.807
2016-05-18 11:50:00,11.807
2016-05-18 12:00:00,11.783
2016-05-18 12:10:00,11.783
2016-05-18 12:20:00,11.759
2016-05-18 12:30:00,11.759
2016-05-18 12:40:00,11.759
2016-05-18 12:50:00,11.734
2016-05-18 13:00:00,11.734
2016-05-18 13:10:00,11.734
2016-05-18 13:20:00,11.759
2016-05-18 13:30:00,11.759
2016-05-18 13:40:00,11.807
2016-05-18 13:50:00,11.832
2016-05-18 14:00:00,11.807
2016-05-18 14:10:00,11.783
2016-05-18 14:20:00,11.759
2016-05-18 14:30:00,11.759
2016-05-18 14:40:00,11.759
2016-05-18 14:50:00,11.759
2016-05-18 15:00:00,11.759
2016-05-18 15:10:00,11.783
2016-05-18 15:20:00,11.807
2016-05-18 15:30:00,11.783
2016-05-18 15:40:00,11.832
2016-05-18 15:50:00,11.807
2016-05-18 16:00:00,11.807
2016-05-18 16:10:00,11.856
2016-05-18 16:20:00,11.904
2016-05-18 16:30:00,11.904
2016-05-18 16:40:00,12.001
2016-05-18 16:50:00,12.098
2016-05-18 17:00:00,12.268
2016-05-18 17:10:00,12.316
2016-05-18 17:20:00,12.292
2016-05-18 17:30:00,12.268
2016-05-18 17:40:00,12.437
2016-05-18 17:50:00,12.437
2016-05-18 18:00:00,12.413
2016-05-18 18:10:00,12.678
2016-05-18 18:20:00,12.678
2016-05-18 18:30:00,12.92
2016-05-18 18:40:00,12.92
2016-05-18 18:50:00,13.112
2016-05-18 19:00:00,13.69
2016-05-18 19:10:00,15.175
2016-05-18 19:20:00,16.558
2016-05-18 19:30:00,17.011
2016-05-18 19:40:00,17.891
2016-05-18 19:50:00,17.986
2016-05-18 20:00:00,18.509
2016-05-18 20:10:00,18.771
2016-05-18 20:20:00,19.793
2016-05-18 20:30:00,20.889
2016-05-18 20:40:00,21.509
2016-05-18 20:50:00,21.246
2016-05-18 21:00:00,21.437
2016-05-18 21:10:00,21.939
2016-05-18 21:20:00,22.609
2016-05-18 21:30:00,23.136
2016-05-18 21:40:00,23.232
2016-05-18 21:50:00,23.016
2016-05-18 22:00:00,23.136
2016-05-18 22:10:00,23.064
2016-05-18 22:20:00,22.178
2016-05-18 22:30:00,21.485
2016-05-18 22:40:00,21.39
2016-05-18 22:50:00,21.223
2016-05-18 23:00:00,21.008
2016-05-18 23:10:00,20.77
2016-05-18 23:20:00,19.936
2016-05-18 23:30:00,18.39
2016-05-18 23:40:00,16.987
2016-05-18 23:50:00,16.32
2016-05-19 00:00:00,15.175
2016-05-19 00:10:00,14.314
2016-05-19 00:20:00,13.666
2016-05-19 00:30:00,13.064
2016-05-19 00:40:00,12.871
2016-05-19 00:50:00,12.703
2016-05-19 01:00:00,12.558
2016-05-19 01:10:00,12.509
2016-05-19 01:20:00,12.437
2016-05-19 01:30:00,12.413
2016-05-19 01:40:00,12.413
2016-05-19 01:50:00,12.413
2016-05-19 02:00:00,12.389
2016-05-19 02:10:00,12.389
2016-05-19 02:20:00,12.389
2016-05-19 02:30:00,12.413
2016-05-19 02:40:00,12.413
2016-05-19 02:50:00,12.389
2016-05-19 03:00:00,12.389
2016-05-19 03:10:00,12.389
2016-05-19 03:20:00,12.389
2016-05-19 03:30:00,12.389
2016-05-19 03:40:00,12.389
2016-05-19 03:50:00,12.389
2016-05-19 04:00:00,12.413
2016-05-19 04:10:00,12.413
2016-05-19 04:20:00,12.413
2016-05-19 04:30:00,12.389
2016-05-19 04:40:00,12.413
2016-05-19 04:50:00,12.413
2016-05-19 05:00:00,12.437
2016-05-19 05:10:00,12.437
2016-05-19 05:20:00,12.461
2016-05-19 05:30:00,12.461
2016-05-19 05:40:00,12.461
2016-05-19 05:50:00,12.461
2016-05-19 06:00:00,12.485
2016-05-19 06:10:00,12.485
2016-05-19 06:20:00,12.485
2016-05-19 06:30:00,12.485
2016-05-19 06:40:00,12.485
2016-05-19 06:50:00,12.485
2016-05-19 07:00:00,12.485
2016-05-19 07:10:00,12.509
2016-05-19 07:20:00,12.509
2016-05-19 07:30:00,12.485
2016-05-19 07:40:00,12.437
2016-05-19 07:50:00,12.437
2016-05-19 08:00:00,12.413
2016-05-19 08:10:00,12.413
2016-05-19 08:20:00,12.389
2016-05-19 08:30:00,12.364
2016-05-19 08:40:00,12.364
2016-05-19 08:50:00,12.34
2016-05-19 09:00:00,12.316
2016-05-19 09:10:00,12.292
2016-05-19 09:20:00,12.292
2016-05-19 09:30:00,12.292
2016-05-19 09:40:00,12.316
2016-05-19 09:50:00,12.316
2016-05-19 10:00:00,12.316
2016-05-19 10:10:00,12.316
2016-05-19 10:20:00,12.316
2016-05-19 10:30:00,12.316
2016-05-19 10:40:00,12.34
2016-05-19 10:50:00,12.34
2016-05-19 11:00:00,12.292
2016-05-19 11:10:00,12.268
2016-05-19 11:20:00,12.243
2016-05-19 11:30:00,12.243
2016-05-19 11:40:00,12.243
2016-05-19 11:50:00,12.219
2016-05-19 12:00:00,12.219
2016-05-19 12:10:00,12.195
2016-05-19 12:20:00,12.195
2016-05-19 12:30:00,12.171
2016-05-19 12:40:00,12.171
2016-05-19 12:50:00,12.171
2016-05-19 13:00:00,12.171
2016-05-19 13:10:00,12.195
2016-05-19 13:20:00,12.219
2016-05-19 13:30:00,12.268
2016-05-19 13:40:00,12.34
2016-05-19 13:50:00,12.413
2016-05-19 14:00:00,12.461
2016-05-19 14:10:00,12.437
2016-05-19 14:20:00,12.437
2016-05-19 14:30:00,12.364
2016-05-19 14:40:00,12.364
2016-05-19 14:50:00,12.316
2016-05-19 15:00:00,12.243
2016-05-19 15:10:00,12.219
2016-05-19 15:20:00,12.195
2016-05-19 15:30:00,12.171
2016-05-19 15:40:00,12.171
2016-05-19 15:50:00,12.171
2016-05-19 16:00:00,12.195
2016-05-19 16:10:00,12.219
2016-05-19 16:20:00,12.195
2016-05-19 16:30:00,12.171
2016-05-19 16:40:00,12.147
2016-05-19 16:50:00,12.195
2016-05-19 17:00:00,12.219
2016-05-19 17:10:00,12.316
2016-05-19 17:20:00,12.268
2016-05-19 17:30:00,12.268
2016-05-19 17:40:00,12.364
2016-05-19 17:50:00,12.413
2016-05-19 18:00:00,12.461
2016-05-19 18:10:00,12.558
2016-05-19 18:20:00,12.534
2016-05-19 18:30:00,12.509
2016-05-19 18:40:00,12.534
2016-05-19 18:50:00,12.558
2016-05-19 19:00:00,12.678
2016-05-19 19:10:00,12.823
2016-05-19 19:20:00,13.016
2016-05-19 19:30:00,13.112
2016-05-19 19:40:00,13.257
2016-05-19 19:50:00,13.666
2016-05-19 20:00:00,13.642
2016-05-19 20:10:00,13.834
2016-05-19 20:20:00,15.055
2016-05-19 20:30:00,15.796
2016-05-19 20:40:00,16.915
2016-05-19 20:50:00,17.819
2016-05-19 21:00:00,18.961
2016-05-19 21:10:00,18.747
2016-05-19 21:20:00,18.961
2016-05-19 21:30:00,19.413
2016-05-19 21:40:00,19.722
2016-05-19 21:50:00,19.936
2016-05-19 22:00:00,20.412
2016-05-19 22:10:00,19.651
2016-05-19 22:20:00,19.318
2016-05-19 22:30:00,18.224
2016-05-19 22:40:00,17.51
2016-05-19 22:50:00,17.486
2016-05-19 23:00:00,17.272
2016-05-19 23:10:00,16.534
2016-05-19 23:20:00,16.129
2016-05-19 23:30:00,16.177
2016-05-19 23:40:00,15.796
2016-05-19 23:50:00,15.342
2016-05-20 00:00:00,15.103
2016-05-20 00:10:00,14.457
2016-05-20 00:20:00,13.834
2016-05-20 00:30:00,13.738
2016-05-20 00:40:00,13.642
2016-05-20 00:50:00,13.401
2016-05-20 01:00:00,13.281
2016-05-20 01:10:00,13.209
2016-05-20 01:20:00,13.137
2016-05-20 01:30:00,13.064
2016-05-20 01:40:00,13.04
2016-05-20 01:50:00,13.016
2016-05-20 02:00:00,13.016
2016-05-20 02:10:00,12.992
2016-05-20 02:20:00,12.968
2016-05-20 02:30:00,12.968
2016-05-20 02:40:00,12.944
2016-05-20 02:50:00,12.92
2016-05-20 03:00:00,12.896
2016-05-20 03:10:00,12.896
2016-05-20 03:20:00,12.896
2016-05-20 03:30:00,12.896
2016-05-20 03:40:00,12.871
2016-05-20 03:50:00,12.871
2016-05-20 04:00:00,12.871
2016-05-20 04:10:00,12.871
2016-05-20 04:20:00,12.871
2016-05-20 04:30:00,12.847
2016-05-20 04:40:00,12.847
2016-05-20 04:50:00,12.823
2016-05-20 05:00:00,12.823
2016-05-20 05:10:00,12.823
2016-05-20 05:20:00,12.799
2016-05-20 05:30:00,12.799
2016-05-20 05:40:00,12.775
2016-05-20 05:50:00,12.775
2016-05-20 06:00:00,12.751
2016-05-20 06:10:00,12.751
2016-05-20 06:20:00,12.727
2016-05-20 06:30:00,12.727
2016-05-20 06:40:00,12.727
2016-05-20 06:50:00,12.703
2016-05-20 07:00:00,12.703
2016-05-20 07:10:00,12.678
2016-05-20 07:20:00,12.678
2016-05-20 07:30:00,12.654
2016-05-20 07:40:00,12.63
2016-05-20 07:50:00,12.63
2016-05-20 08:00:00,12.606
2016-05-20 08:10:00,12.485
2016-05-20 08:20:00,12.413
2016-05-20 08:30:00,12.268
2016-05-20 08:40:00,12.147
2016-05-20 08:50:00,12.025
2016-05-20 09:00:00,11.904
2016-05-20 09:10:00,11.856
2016-05-20 09:20:00,11.783
2016-05-20 09:30:00,11.783
2016-05-20 09:40:00,11.71
2016-05-20 09:50:00,11.71
2016-05-20 10:00:00,11.71
2016-05-20 10:10:00,11.686
2016-05-20 10:20:00,11.662
2016-05-20 10:30:00,11.662
2016-05-20 10:40:00,11.662
2016-05-20 10:50:00,11.637
2016-05-20 11:00:00,11.637
2016-05-20 11:10:00,11.613
2016-05-20 11:20:00,11.637
2016-05-20 11:30:00,11.662
2016-05-20 11:40:00,11.565
2016-05-20 11:50:00,11.394
2016-05-20 12:00:00,11.419
2016-05-20 12:10:00,11.492
2016-05-20 12:20:00,11.492
2016-05-20 12:30:00,11.419
2016-05-20 12:40:00,11.419
2016-05-20 12:50:00,11.443
2016-05-20 13:00:00,11.467
2016-05-20 13:10:00,11.516
2016-05-20 13:20:00,11.565
2016-05-20 13:30:00,11.565
2016-05-20 13:40:00,11.492
2016-05-20 13:50:00,11.492
2016-05-20 14:00:00,11.54
2016-05-20 14:10:00,11.686
2016-05-20 14:20:00,12.147
2016-05-20 14:30:00,12.195
2016-05-20 14:40:00,12.413
2016-05-20 14:50:00,12.799
2016-05-20 15:00:00,12.606
2016-05-20 15:10:00,12.534
2016-05-20 15:20:00,12.751
2016-05-20 15:30:00,12.63
2016-05-20 15:40:00,12.823
2016-05-20 15:50:00,13.281
2016-05-20 16:00:00,12.847
2016-05-20 16:10:00,12.823
2016-05-20 16:20:00,12.847
2016-05-20 16:30:00,12.992
2016-05-20 16:40:00,12.799
2016-05-20 16:50:00,12.896
2016-05-20 17:00:00,12.847
2016-05-20 17:10:00,13.04
2016-05-20 17:20:00,13.088
2016-05-20 17:30:00,13.112
2016-05-20 17:40:00,12.944
2016-05-20 17:50:00,12.992
2016-05-20 18:00:00,13.064
2016-05-20 18:10:00,13.064
2016-05-20 18:20:00,13.305
2016-05-20 18:30:00,13.305
2016-05-20 18:40:00,13.497
2016-05-20 18:50:00,13.69
2016-05-20 19:00:00,13.449
2016-05-20 19:10:00,13.377
2016-05-20 19:20:00,13.209
2016-05-20 19:30:00,13.305
2016-05-20 19:40:00,13.714
2016-05-20 19:50:00,13.858
2016-05-20 20:00:00,14.122
2016-05-20 20:10:00,14.122
2016-05-20 20:20:00,14.361
2016-05-20 20:30:00,15.27
2016-05-20 20:40:00,15.485
2016-05-20 20:50:00,15.7
2016-05-20 21:00:00,16.082
2016-05-20 21:10:00,16.963
2016-05-20 21:20:00,18.01
2016-05-20 21:30:00,18.271
2016-05-20 21:40:00,18.557
2016-05-20 21:50:00,18.533
2016-05-20 22:00:00,19.08
2016-05-20 22:10:00,18.818
2016-05-20 22:20:00,20.269
2016-05-20 22:30:00,20.77
2016-05-20 22:40:00,20.484
2016-05-20 22:50:00,20.412
2016-05-20 23:00:00,19.746
2016-05-20 23:10:00,19.793
2016-05-20 23:20:00,20.317
2016-05-20 23:30:00,20.174
2016-05-20 23:40:00,19.127
2016-05-20 23:50:00,19.127
2016-05-21 00:00:00,17.605
2016-05-21 00:10:00,17.582
2016-05-21 00:20:00,16.63
2016-05-21 00:30:00,15.796
2016-05-21 00:40:00,14.577
2016-05-21 00:50:00,14.266
2016-05-21 01:00:00,13.882
2016-05-21 01:10:00,13.618
2016-05-21 01:20:00,13.522
2016-05-21 01:30:00,13.377
2016-05-21 01:40:00,13.305
2016-05-21 01:50:00,13.257
2016-05-21 02:00:00,13.209
2016-05-21 02:10:00,13.112
2016-05-21 02:20:00,13.04
2016-05-21 02:30:00,12.992
2016-05-21 02:40:00,12.92
2016-05-21 02:50:00,12.871
2016-05-21 03:00:00,12.847
2016-05-21 03:10:00,12.799
2016-05-21 03:20:00,12.775
2016-05-21 03:30:00,12.799
2016-05-21 03:40:00,12.799
2016-05-21 03:50:00,12.775
2016-05-21 04:00:00,12.751
2016-05-21 04:10:00,12.751
2016-05-21 04:20:00,12.678
2016-05-21 04:30:00,12.63
2016-05-21 04:40:00,12.63
2016-05-21 04:50:00,12.654
2016-05-21 05:00:00,12.606
2016-05-21 05:10:00,12.582
2016-05-21 05:20:00,12.534
2016-05-21 05:30:00,12.534
2016-05-21 05:40:00,12.461
2016-05-21 05:50:00,12.413
2016-05-21 06:00:00,12.437
2016-05-21 06:10:00,12.437
2016-05-21 06:20:00,12.485
2016-05-21 06:30:00,12.437
2016-05-21 06:40:00,12.389
2016-05-21 06:50:00,12.34
2016-05-21 07:00:00,12.268
2016-05-21 07:10:00,12.219
2016-05-21 07:20:00,12.195
2016-05-21 07:30:00,12.195
2016-05-21 07:40:00,12.171
2016-05-21 07:50:00,12.122
2016-05-21 08:00:00,12.098
2016-05-21 08:10:00,12.05
2016-05-21 08:20:00,11.953
2016-05-21 08:30:00,11.516
2016-05-21 08:40:00,11.273
2016-05-21 08:50:00,11.029
2016-05-21 09:00:00,10.761
2016-05-21 09:10:00,10.394
2016-05-21 09:20:00,10.149
2016-05-21 09:30:00,9.977
2016-05-21 09:40:00,9.903
2016-05-21 09:50:00,9.903
2016-05-21 10:00:00,9.879
2016-05-21 10:10:00,9.805
2016-05-21 10:20:00,9.558
2016-05-21 10:30:00,9.386
2016-05-21 10:40:00,9.213
2016-05-21 10:50:00,9.015
2016-05-21 11:00:00,8.916
2016-05-21 11:10:00,8.941
2016-05-21 11:20:00,8.841
2016-05-21 11:30:00,8.717
2016-05-21 11:40:00,8.668
2016-05-21 11:50:00,8.668
2016-05-21 12:00:00,8.618
2016-05-21 12:10:00,8.444
2016-05-21 12:20:00,8.369
2016-05-21 12:30:00,8.245
2016-05-21 12:40:00,8.17
2016-05-21 12:50:00,8.145
2016-05-21 13:00:00,8.095
2016-05-21 13:10:00,8.095
2016-05-21 13:20:00,8.145
2016-05-21 13:30:00,8.195
2016-05-21 13:40:00,8.27
2016-05-21 13:50:00,8.419
2016-05-21 14:00:00,8.593
2016-05-21 14:10:00,8.866
2016-05-21 14:20:00,9.952
2016-05-21 14:30:00,11.224
2016-05-21 14:40:00,12.316
2016-05-21 14:50:00,13.305
2016-05-21 15:00:00,13.906
2016-05-21 15:10:00,14.745
2016-05-21 15:20:00,15.055
2016-05-21 15:30:00,15.031
2016-05-21 15:40:00,15.509
2016-05-21 15:50:00,14.553
2016-05-21 16:00:00,14.649
2016-05-21 16:10:00,14.05
2016-05-21 16:20:00,13.353
2016-05-21 16:30:00,13.257
2016-05-21 16:40:00,13.112
2016-05-21 16:50:00,13.088
2016-05-21 17:00:00,13.04
2016-05-21 17:10:00,13.016
2016-05-21 17:20:00,12.944
2016-05-21 17:30:00,12.944
2016-05-21 17:40:00,12.871
2016-05-21 17:50:00,12.896
2016-05-21 18:00:00,12.823
2016-05-21 18:10:00,12.896
2016-05-21 18:20:00,12.92
2016-05-21 18:30:00,12.896
2016-05-21 18:40:00,12.968
2016-05-21 18:50:00,13.088
2016-05-21 19:00:00,13.137
2016-05-21 19:10:00,13.016
2016-05-21 19:20:00,13.112
2016-05-21 19:30:00,13.185
2016-05-21 19:40:00,13.281
2016-05-21 19:50:00,13.329
2016-05-21 20:00:00,13.786
2016-05-21 20:10:00,13.594
2016-05-21 20:20:00,14.074
2016-05-21 20:30:00,14.649
2016-05-21 20:40:00,15.438
2016-05-21 20:50:00,15.891
2016-05-21 21:00:00,15.986
2016-05-21 21:10:00,17.32
2016-05-21 21:20:00,17.938
2016-05-21 21:30:00,19.318
2016-05-21 21:40:00,20.15
2016-05-21 21:50:00,19.841
2016-05-21 22:00:00,19.865
2016-05-21 22:10:00,20.15
2016-05-21 22:20:00,19.984
2016-05-21 22:30:00,21.151
2016-05-21 22:40:00,21.891
2016-05-21 22:50:00,21.867
2016-05-21 23:00:00,21.987
2016-05-21 23:10:00,22.729
2016-05-21 23:20:00,22.417
2016-05-21 23:30:00,22.082
2016-05-21 23:40:00,21.963
2016-05-21 23:50:00,21.557
2016-05-22 00:00:00,21.127
2016-05-22 00:10:00,20.412
2016-05-22 00:20:00,19.008
2016-05-22 00:30:00,18.247
2016-05-22 00:40:00,17.558
2016-05-22 00:50:00,17.106
2016-05-22 01:00:00,16.677
2016-05-22 01:10:00,15.605
2016-05-22 01:20:00,15.079
2016-05-22 01:30:00,14.481
2016-05-22 01:40:00,13.666
2016-05-22 01:50:00,13.449
2016-05-22 02:00:00,13.233
2016-05-22 02:10:00,13.064
2016-05-22 02:20:00,12.992
2016-05-22 02:30:00,12.92
2016-05-22 02:40:00,12.871
2016-05-22 02:50:00,12.799
2016-05-22 03:00:00,12.727
2016-05-22 03:10:00,12.678
2016-05-22 03:20:00,12.606
2016-05-22 03:30:00,12.606
2016-05-22 03:40:00,12.534
2016-05-22 03:50:00,12.509
2016-05-22 04:00:00,12.485
2016-05-22 04:10:00,12.437
2016-05-22 04:20:00,12.413
2016-05-22 04:30:00,12.364
2016-05-22 04:40:00,12.34
2016-05-22 04:50:00,12.316
2016-05-22 05:00:00,12.292
2016-05-22 05:10:00,12.268
2016-05-22 05:20:00,12.243
2016-05-22 05:30:00,12.243
2016-05-22 05:40:00,12.243
2016-05-22 05:50:00,12.219
2016-05-22 06:00:00,12.219
2016-05-22 06:10:00,12.195
2016-05-22 06:20:00,12.195
2016-05-22 06:30:00,12.219
2016-05-22 06:40:00,12.219
2016-05-22 06:50:00,12.219
2016-05-22 07:00:00,12.243
2016-05-22 07:10:00,12.243
2016-05-22 07:20:00,12.243
2016-05-22 07:30:00,12.268
2016-05-22 07:40:00,12.268
2016-05-22 07:50:00,12.268
2016-05-22 08:00:00,12.243
2016-05-22 08:10:00,12.243
2016-05-22 08:20:00,12.219
2016-05-22 08:30:00,12.147
2016-05-22 08:40:00,12.05
2016-05-22 08:50:00,11.443
2016-05-22 09:00:00,10.907
2016-05-22 09:10:00,10.467
2016-05-22 09:20:00,10.198
2016-05-22 09:30:00,10.026
2016-05-22 09:40:00,9.903
2016-05-22 09:50:00,9.903
2016-05-22 10:00:00,9.829
2016-05-22 10:10:00,9.756
2016-05-22 10:20:00,9.657
2016-05-22 10:30:00,9.485
2016-05-22 10:40:00,9.386
2016-05-22 10:50:00,9.386
2016-05-22 11:00:00,9.336
2016-05-22 11:10:00,9.238
2016-05-22 11:20:00,9.114
2016-05-22 11:30:00,9.114
2016-05-22 11:40:00,9.089
2016-05-22 11:50:00,8.99
2016-05-22 12:00:00,8.891
2016-05-22 12:10:00,8.767
2016-05-22 12:20:00,8.593
2016-05-22 12:30:00,8.469
2016-05-22 12:40:00,8.444
2016-05-22 12:50:00,8.419
2016-05-22 13:00:00,8.419
2016-05-22 13:10:00,8.444
2016-05-22 13:20:00,8.469
2016-05-22 13:30:00,8.618
2016-05-22 13:40:00,8.742
2016-05-22 13:50:00,8.891
2016-05-22 14:00:00,9.089
2016-05-22 14:10:00,9.336
2016-05-22 14:20:00,10.443
2016-05-22 14:30:00,11.686
2016-05-22 14:40:00,12.606
2016-05-22 14:50:00,13.738
2016-05-22 15:00:00,14.792
2016-05-22 15:10:00,15.605
2016-05-22 15:20:00,16.463
2016-05-22 15:30:00,17.225
2016-05-22 15:40:00,17.938
2016-05-22 15:50:00,18.129
2016-05-22 16:00:00,19.032
2016-05-22 16:10:00,19.436
2016-05-22 16:20:00,19.103
2016-05-22 16:30:00,19.246
2016-05-22 16:40:00,19.175
2016-05-22 16:50:00,17.748
2016-05-22 17:00:00,16.439
2016-05-22 17:10:00,15.342
2016-05-22 17:20:00,14.05
2016-05-22 17:30:00,13.882
2016-05-22 17:40:00,13.834
2016-05-22 17:50:00,13.666
2016-05-22 18:00:00,13.666
2016-05-22 18:10:00,13.473
2016-05-22 18:20:00,13.546
2016-05-22 18:30:00,13.69
2016-05-22 18:40:00,13.425
2016-05-22 18:50:00,13.401
2016-05-22 19:00:00,13.473
2016-05-22 19:10:00,13.449
2016-05-22 19:20:00,13.594
2016-05-22 19:30:00,13.618
2016-05-22 19:40:00,13.642
2016-05-22 19:50:00,13.858
2016-05-22 20:00:00,13.714
2016-05-22 20:10:00,13.978
2016-05-22 20:20:00,14.409
2016-05-22 20:30:00,14.337
2016-05-22 20:40:00,14.242
2016-05-22 20:50:00,15.151
2016-05-22 21:00:00,16.177
2016-05-22 21:10:00,17.249
2016-05-22 21:20:00,18.224
2016-05-22 21:30:00,18.723
2016-05-22 21:40:00,18.747
2016-05-22 21:50:00,18.295
2016-05-22 22:00:00,18.747
2016-05-22 22:10:00,19.46
2016-05-22 22:20:00,20.484
2016-05-22 22:30:00,20.555
2016-05-22 22:40:00,20.627
2016-05-22 22:50:00,20.913
2016-05-22 23:00:00,20.484
2016-05-22 23:10:00,21.032
2016-05-22 23:20:00,21.079
2016-05-22 23:30:00,21.557
2016-05-22 23:40:00,21.748
2016-05-22 23:50:00,21.581
2016-05-23 00:00:00,20.96
2016-05-23 00:10:00,20.174
2016-05-23 00:20:00,19.484
2016-05-23 00:30:00,18.985
2016-05-23 00:40:00,18.675
2016-05-23 00:50:00,17.843
2016-05-23 01:00:00,17.368
2016-05-23 01:10:00,16.534
2016-05-23 01:20:00,16.153
2016-05-23 01:30:00,15.796
2016-05-23 01:40:00,15.294
2016-05-23 01:50:00,14.361
2016-05-23 02:00:00,13.69
2016-05-23 02:10:00,13.497
2016-05-23 02:20:00,13.377
2016-05-23 02:30:00,13.161
2016-05-23 02:40:00,13.04
2016-05-23 02:50:00,12.944
2016-05-23 03:00:00,12.847
2016-05-23 03:10:00,12.775
2016-05-23 03:20:00,12.727
2016-05-23 03:30:00,12.727
2016-05-23 03:40:00,12.703
2016-05-23 03:50:00,12.678
2016-05-23 04:00:00,12.654
2016-05-23 04:10:00,12.63
2016-05-23 04:20:00,12.582
2016-05-23 04:30:00,12.582
2016-05-23 04:40:00,12.534
2016-05-23 04:50:00,12.509
2016-05-23 05:00:00,12.485
2016-05-23 05:10:00,12.437
2016-05-23 05:20:00,12.389
2016-05-23 05:30:00,12.364
2016-05-23 05:40:00,12.316
2016-05-23 05:50:00,12.292
2016-05-23 06:00:00,12.243
2016-05-23 06:10:00,12.219
2016-05-23 06:20:00,12.195
2016-05-23 06:30:00,12.147
2016-05-23 06:40:00,12.147
2016-05-23 06:50:00,12.122
2016-05-23 07:00:00,12.098
2016-05-23 07:10:00,12.098
2016-05-23 07:20:00,12.098
2016-05-23 07:30:00,12.098
2016-05-23 07:40:00,12.074
2016-05-23 07:50:00,12.05
2016-05-23 08:00:00,12.05
2016-05-23 08:10:00,12.025
2016-05-23 08:20:00,11.977
2016-05-23 08:30:00,11.953
2016-05-23 08:40:00,11.929
2016-05-23 08:50:00,11.929
2016-05-23 09:00:00,11.88
2016-05-23 09:10:00,11.807
2016-05-23 09:20:00,11.613
2016-05-23 09:30:00,11.443
2016-05-23 09:40:00,11.346
2016-05-23 09:50:00,11.248
2016-05-23 10:00:00,11.273
2016-05-23 10:10:00,11.297
2016-05-23 10:20:00,11.346
2016-05-23 10:30:00,11.321
2016-05-23 10:40:00,11.37
2016-05-23 10:50:00,11.346
2016-05-23 11:00:00,11.2
2016-05-23 11:10:00,11.078
2016-05-23 11:20:00,11.127
2016-05-23 11:30:00,11.273
2016-05-23 11:40:00,11.346
2016-05-23 11:50:00,11.297
2016-05-23 12:00:00,11.151
2016-05-23 12:10:00,10.932
2016-05-23 12:20:00,10.761
2016-05-23 12:30:00,10.638
2016-05-23 12:40:00,10.565
2016-05-23 12:50:00,10.541
2016-05-23 13:00:00,10.516
2016-05-23 13:10:00,10.516
2016-05-23 13:20:00,10.516
2016-05-23 13:30:00,10.59
2016-05-23 13:40:00,10.687
2016-05-23 13:50:00,10.81
2016-05-23 14:00:00,10.956
2016-05-23 14:10:00,11.078
2016-05-23 14:20:00,11.807
2016-05-23 14:30:00,12.509
2016-05-23 14:40:00,13.329
2016-05-23 14:50:00,14.026
2016-05-23 15:00:00,14.84
2016-05-23 15:10:00,15.748
2016-05-23 15:20:00,16.511
2016-05-23 15:30:00,17.391
2016-05-23 15:40:00,18.01
2016-05-23 15:50:00,18.604
2016-05-23 16:00:00,19.698
2016-05-23 16:10:00,20.65
2016-05-23 16:20:00,21.795
2016-05-23 16:30:00,22.25
2016-05-23 16:40:00,21.724
2016-05-23 16:50:00,21.27
2016-05-23 17:00:00,20.865
2016-05-23 17:10:00,20.174
2016-05-23 17:20:00,18.319
2016-05-23 17:30:00,19.175
2016-05-23 17:40:00,17.724
2016-05-23 17:50:00,18.794
2016-05-23 18:00:00,15.342
2016-05-23 18:10:00,14.625
2016-05-23 18:20:00,14.146
2016-05-23 18:30:00,13.762
2016-05-23 18:40:00,13.69
2016-05-23 18:50:00,13.329
2016-05-23 19:00:00,13.497
2016-05-23 19:10:00,13.353
2016-05-23 19:20:00,13.401
2016-05-23 19:30:00,13.401
2016-05-23 19:40:00,13.401
2016-05-23 19:50:00,13.353
2016-05-23 20:00:00,13.353
2016-05-23 20:10:00,13.353
2016-05-23 20:20:00,13.377
2016-05-23 20:30:00,13.546
2016-05-23 20:40:00,13.473
2016-05-23 20:50:00,13.546
2016-05-23 21:00:00,14.194
2016-05-23 21:10:00,13.954
2016-05-23 21:20:00,14.098
2016-05-23 21:30:00,13.882
2016-05-23 21:40:00,14.481
2016-05-23 21:50:00,14.792
2016-05-23 22:00:00,14.697
2016-05-23 22:10:00,16.272
2016-05-23 22:20:00,16.487
2016-05-23 22:30:00,17.796
2016-05-23 22:40:00,18.438
2016-05-23 22:50:00,19.222
2016-05-23 23:00:00,19.484
2016-05-23 23:10:00,19.603
2016-05-23 23:20:00,19.579
2016-05-23 23:30:00,18.866
2016-05-23 23:40:00,19.127
2016-05-23 23:50:00,19.032
2016-05-24 00:00:00,18.913
2016-05-24 00:10:00,18.747
2016-05-24 00:20:00,18.057
2016-05-24 00:30:00,18.129
2016-05-24 00:40:00,18.033
2016-05-24 00:50:00,18.176
2016-05-24 01:00:00,16.582
2016-05-24 01:10:00,16.153
2016-05-24 01:20:00,16.272
2016-05-24 01:30:00,16.177
2016-05-24 01:40:00,16.129
2016-05-24 01:50:00,15.342
2016-05-24 02:00:00,14.792
2016-05-24 02:10:00,13.57
2016-05-24 02:20:00,12.944
2016-05-24 02:30:00,12.364
2016-05-24 02:40:00,12.219
2016-05-24 02:50:00,12.098
2016-05-24 03:00:00,12.025
2016-05-24 03:10:00,11.953
2016-05-24 03:20:00,11.904
2016-05-24 03:30:00,11.88
2016-05-24 03:40:00,11.88
2016-05-24 03:50:00,11.88
2016-05-24 04:00:00,11.88
2016-05-24 04:10:00,11.88
2016-05-24 04:20:00,11.88
2016-05-24 04:30:00,11.88
2016-05-24 04:40:00,11.904
2016-05-24 04:50:00,11.904
2016-05-24 05:00:00,11.904
2016-05-24 05:10:00,11.904
2016-05-24 05:20:00,11.904
2016-05-24 05:30:00,11.904
2016-05-24 05:40:00,11.88
2016-05-24 05:50:00,11.88
2016-05-24 06:00:00,11.88
2016-05-24 06:10:00,11.88
2016-05-24 06:20:00,11.88
2016-05-24 06:30:00,11.856
2016-05-24 06:40:00,11.856
2016-05-24 06:50:00,11.856
2016-05-24 07:00:00,11.856
2016-05-24 07:10:00,11.856
2016-05-24 07:20:00,11.856
2016-05-24 07:30:00,11.856
2016-05-24 07:40:00,11.88
2016-05-24 07:50:00,11.88
2016-05-24 08:00:00,11.88
2016-05-24 08:10:00,11.904
2016-05-24 08:20:00,11.904
2016-05-24 08:30:00,11.904
2016-05-24 08:40:00,11.904
2016-05-24 08:50:00,11.904
2016-05-24 09:00:00,11.929
2016-05-24 09:10:00,11.929
2016-05-24 09:20:00,11.953
2016-05-24 09:30:00,12.001
2016-05-24 09:40:00,12.001
2016-05-24 09:50:00,12.05
2016-05-24 10:00:00,12.074
2016-05-24 10:10:00,12.122
2016-05-24 10:20:00,12.147
2016-05-24 10:30:00,12.122
2016-05-24 10:40:00,12.098
2016-05-24 10:50:00,12.05
2016-05-24 11:00:00,12.074
2016-05-24 11:10:00,12.098
2016-05-24 11:20:00,12.05
2016-05-24 11:30:00,12.001
2016-05-24 11:40:00,12.001
2016-05-24 11:50:00,12.001
2016-05-24 12:00:00,11.977
2016-05-24 12:10:00,11.977
2016-05-24 12:20:00,11.977
2016-05-24 12:30:00,11.977
2016-05-24 12:40:00,12.001
2016-05-24 12:50:00,12.025
2016-05-24 13:00:00,12.05
2016-05-24 13:10:00,12.074
2016-05-24 13:20:00,12.147
2016-05-24 13:30:00,12.195
2016-05-24 13:40:00,12.243
2016-05-24 13:50:00,12.34
2016-05-24 14:00:00,12.485
2016-05-24 14:10:00,12.678
2016-05-24 14:20:00,13.016
2016-05-24 14:30:00,13.497
2016-05-24 14:40:00,13.738
2016-05-24 14:50:00,14.026
2016-05-24 15:00:00,14.05
2016-05-24 15:10:00,13.882
2016-05-24 15:20:00,14.074
2016-05-24 15:30:00,14.816
2016-05-24 15:40:00,15.223
2016-05-24 15:50:00,15.39
2016-05-24 16:00:00,15.7
2016-05-24 16:10:00,16.701
2016-05-24 16:20:00,18.343
2016-05-24 16:30:00,19.603
2016-05-24 16:40:00,23.184
2016-05-24 16:50:00,24.146
2016-05-24 17:00:00,24.05
2016-05-24 17:10:00,23.4
2016-05-24 17:20:00,24.146
2016-05-24 17:30:00,25.817
2016-05-24 17:40:00,27.358
2016-05-24 17:50:00,28.345
2016-05-24 18:00:00,28.593
2016-05-24 18:10:00,24.653
2016-05-24 18:20:00,21.246
2016-05-24 18:30:00,21.652
2016-05-24 18:40:00,22.561
2016-05-24 18:50:00,20.079
2016-05-24 19:00:00,18.58
2016-05-24 19:10:00,18.747
2016-05-24 19:20:00,17.486
2016-05-24 19:30:00,16.915
2016-05-24 19:40:00,15.963
2016-05-24 19:50:00,16.034
2016-05-24 20:00:00,15.605
2016-05-24 20:10:00,15.461
2016-05-24 20:20:00,15.294
2016-05-24 20:30:00,15.39
2016-05-24 20:40:00,15.342
2016-05-24 20:50:00,15.843
2016-05-24 21:00:00,16.177
2016-05-24 21:10:00,15.366
2016-05-24 21:20:00,15.7
2016-05-24 21:30:00,16.654
2016-05-24 21:40:00,16.915
2016-05-24 21:50:00,15.939
2016-05-24 22:00:00,16.796
2016-05-24 22:10:00,16.725
2016-05-24 22:20:00,18.937
2016-05-24 22:30:00,20.531
2016-05-24 22:40:00,21.413
2016-05-24 22:50:00,21.199
2016-05-24 23:00:00,22.202
2016-05-24 23:10:00,22.848
2016-05-24 23:20:00,22.968
2016-05-24 23:30:00,23.472
2016-05-24 23:40:00,23.905
2016-05-24 23:50:00,24.823
2016-05-25 00:00:00,24.702
2016-05-25 00:10:00,24.46
2016-05-25 00:20:00,24.122
2016-05-25 00:30:00,23.4
2016-05-25 00:40:00,22.465
2016-05-25 00:50:00,21.843
2016-05-25 01:00:00,20.984
2016-05-25 01:10:00,18.794
2016-05-25 01:20:00,17.819
2016-05-25 01:30:00,17.605
2016-05-25 01:40:00,17.938
2016-05-25 01:50:00,17.486
2016-05-25 02:00:00,16.32
2016-05-25 02:10:00,15.819
2016-05-25 02:20:00,15.366
2016-05-25 02:30:00,14.936
2016-05-25 02:40:00,14.553
2016-05-25 02:50:00,14.122
2016-05-25 03:00:00,13.786
2016-05-25 03:10:00,13.618
2016-05-25 03:20:00,13.546
2016-05-25 03:30:00,13.377
2016-05-25 03:40:00,13.233
2016-05-25 03:50:00,13.137
2016-05-25 04:00:00,13.016
2016-05-25 04:10:00,12.968
2016-05-25 04:20:00,12.896
2016-05-25 04:30:00,12.847
2016-05-25 04:40:00,12.775
2016-05-25 04:50:00,12.727
2016-05-25 05:00:00,12.678
2016-05-25 05:10:00,12.63
2016-05-25 05:20:00,12.534
2016-05-25 05:30:00,12.485
2016-05-25 05:40:00,12.437
2016-05-25 05:50:00,12.413
2016-05-25 06:00:00,12.364
2016-05-25 06:10:00,12.316
2016-05-25 06:20:00,12.292
2016-05-25 06:30:00,12.243
2016-05-25 06:40:00,12.219
2016-05-25 06:50:00,12.195
2016-05-25 07:00:00,12.195
2016-05-25 07:10:00,12.219
2016-05-25 07:20:00,12.292
2016-05-25 07:30:00,12.316
2016-05-25 07:40:00,12.364
2016-05-25 07:50:00,12.413
2016-05-25 08:00:00,12.461
2016-05-25 08:10:00,12.485
2016-05-25 08:20:00,12.509
2016-05-25 08:30:00,12.534
2016-05-25 08:40:00,12.582
2016-05-25 08:50:00,12.582
2016-05-25 09:00:00,12.558
2016-05-25 09:10:00,12.534
2016-05-25 09:20:00,12.558
2016-05-25 09:30:00,12.558
2016-05-25 09:40:00,12.485
2016-05-25 09:50:00,12.461
2016-05-25 10:00:00,11.929
2016-05-25 10:10:00,11.467
2016-05-25 10:20:00,10.932
2016-05-25 10:30:00,10.59
2016-05-25 10:40:00,10.369
2016-05-25 10:50:00,10.247
2016-05-25 11:00:00,10.198
2016-05-25 11:10:00,10.247
2016-05-25 11:20:00,10.32
2016-05-25 11:30:00,10.345
2016-05-25 11:40:00,10.541
2016-05-25 11:50:00,10.761
2016-05-25 12:00:00,10.883
2016-05-25 12:10:00,10.932
2016-05-25 12:20:00,11.053
2016-05-25 12:30:00,11.151
2016-05-25 12:40:00,11.2
2016-05-25 12:50:00,11.248
2016-05-25 13:00:00,11.273
2016-05-25 13:10:00,11.151
2016-05-25 13:20:00,11.248
2016-05-25 13:30:00,11.467
2016-05-25 13:40:00,11.856
2016-05-25 13:50:00,12.098
2016-05-25 14:00:00,12.364
2016-05-25 14:10:00,12.703
2016-05-25 14:20:00,13.064
2016-05-25 14:30:00,13.257
2016-05-25 14:40:00,13.305
2016-05-25 14:50:00,13.305
2016-05-25 15:00:00,13.497
2016-05-25 15:10:00,13.738
2016-05-25 15:20:00,13.978
2016-05-25 15:30:00,13.978
2016-05-25 15:40:00,14.146
2016-05-25 15:50:00,14.361
2016-05-25 16:00:00,14.745
2016-05-25 16:10:00,14.768
2016-05-25 16:20:00,14.457
2016-05-25 16:30:00,14.792
2016-05-25 16:40:00,15.055
2016-05-25 16:50:00,15.318
2016-05-25 17:00:00,15.819
2016-05-25 17:10:00,16.415
2016-05-25 17:20:00,17.772
2016-05-25 17:30:00,18.628
2016-05-25 17:40:00,18.866
2016-05-25 17:50:00,19.674
2016-05-25 18:00:00,20.007
2016-05-25 18:10:00,20.079
2016-05-25 18:20:00,20.746
2016-05-25 18:30:00,22.513
2016-05-25 18:40:00,23.136
2016-05-25 18:50:00,22.13
2016-05-25 19:00:00,21.079
2016-05-25 19:10:00,20.507
2016-05-25 19:20:00,19.365
2016-05-25 19:30:00,19.175
2016-05-25 19:40:00,16.368
2016-05-25 19:50:00,15.915
2016-05-25 20:00:00,15.676
2016-05-25 20:10:00,15.39
2016-05-25 20:20:00,14.625
2016-05-25 20:30:00,14.721
2016-05-25 20:40:00,14.481
2016-05-25 20:50:00,14.433
2016-05-25 21:00:00,14.074
2016-05-25 21:10:00,14.266
2016-05-25 21:20:00,14.242
2016-05-25 21:30:00,14.84
2016-05-25 21:40:00,14.409
2016-05-25 21:50:00,14.697
2016-05-25 22:00:00,14.912
2016-05-25 22:10:00,14.337
2016-05-25 22:20:00,14.673
2016-05-25 22:30:00,14.601
2016-05-25 22:40:00,14.505
2016-05-25 22:50:00,14.409
2016-05-25 23:00:00,14.888
2016-05-25 23:10:00,14.864
2016-05-25 23:20:00,15.27
2016-05-25 23:30:00,15.342
2016-05-25 23:40:00,15.557
2016-05-25 23:50:00,16.796
2016-05-26 00:00:00,16.32
2016-05-26 00:10:00,15.867
2016-05-26 00:20:00,15.39
2016-05-26 00:30:00,14.96
2016-05-26 00:40:00,14.649
2016-05-26 00:50:00,14.601
2016-05-26 01:00:00,14.29
2016-05-26 01:10:00,14.194
2016-05-26 01:20:00,14.098
2016-05-26 01:30:00,13.978
2016-05-26 01:40:00,13.786
2016-05-26 01:50:00,13.618
2016-05-26 02:00:00,13.473
2016-05-26 02:10:00,13.425
2016-05-26 02:20:00,13.353
2016-05-26 02:30:00,13.305
2016-05-26 02:40:00,13.233
2016-05-26 02:50:00,13.161
2016-05-26 03:00:00,13.112
2016-05-26 03:10:00,13.112
2016-05-26 03:20:00,13.161
2016-05-26 03:30:00,13.233
2016-05-26 03:40:00,13.137
2016-05-26 03:50:00,13.064
2016-05-26 04:00:00,13.161
2016-05-26 04:10:00,13.161
2016-05-26 04:20:00,13.137
2016-05-26 04:30:00,13.088
2016-05-26 04:40:00,13.04
2016-05-26 04:50:00,13.016
2016-05-26 05:00:00,13.016
2016-05-26 05:10:00,12.992
2016-05-26 05:20:00,12.968
2016-05-26 05:30:00,12.944
2016-05-26 05:40:00,12.871
2016-05-26 05:50:00,12.871
2016-05-26 06:00:00,12.871
2016-05-26 06:10:00,12.847
2016-05-26 06:20:00,12.823
2016-05-26 06:30:00,12.823
2016-05-26 06:40:00,12.799
2016-05-26 06:50:00,12.775
2016-05-26 07:00:00,12.751
2016-05-26 07:10:00,12.727
2016-05-26 07:20:00,12.703
2016-05-26 07:30:00,12.678
2016-05-26 07:40:00,12.703
2016-05-26 07:50:00,12.703
2016-05-26 08:00:00,12.703
2016-05-26 08:10:00,12.678
2016-05-26 08:20:00,12.678
2016-05-26 08:30:00,12.654
2016-05-26 08:40:00,12.63
2016-05-26 08:50:00,12.63
2016-05-26 09:00:00,12.606
2016-05-26 09:10:00,12.582
2016-05-26 09:20:00,12.558
2016-05-26 09:30:00,12.509
2016-05-26 09:40:00,12.461
2016-05-26 09:50:00,12.437
2016-05-26 10:00:00,12.389
2016-05-26 10:10:00,12.34
2016-05-26 10:20:00,12.292
2016-05-26 10:30:00,12.243
2016-05-26 10:40:00,12.171
2016-05-26 10:50:00,12.025
2016-05-26 11:00:00,11.759
2016-05-26 11:10:00,11.637
2016-05-26 11:20:00,11.759
2016-05-26 11:30:00,11.88
2016-05-26 11:40:00,11.929
2016-05-26 11:50:00,11.977
2016-05-26 12:00:00,12.025
2016-05-26 12:10:00,12.025
2016-05-26 12:20:00,12.001
2016-05-26 12:30:00,11.977
2016-05-26 12:40:00,11.904
2016-05-26 12:50:00,11.734
2016-05-26 13:00:00,11.54
2016-05-26 13:10:00,11.467
2016-05-26 13:20:00,11.467
2016-05-26 13:30:00,11.54
2016-05-26 13:40:00,11.686
2016-05-26 13:50:00,11.856
2016-05-26 14:00:00,11.807
2016-05-26 14:10:00,11.856
2016-05-26 14:20:00,12.461
2016-05-26 14:30:00,13.112
2016-05-26 14:40:00,13.786
2016-05-26 14:50:00,14.433
2016-05-26 15:00:00,14.984
2016-05-26 15:10:00,16.01
2016-05-26 15:20:00,16.773
2016-05-26 15:30:00,16.701
2016-05-26 15:40:00,16.463
2016-05-26 15:50:00,17.13
2016-05-26 16:00:00,19.175
2016-05-26 16:10:00,19.674
2016-05-26 16:20:00,18.699
2016-05-26 16:30:00,22.489
2016-05-26 16:40:00,23.905
2016-05-26 16:50:00,24.992
2016-05-26 17:00:00,25.866
2016-05-26 17:10:00,26.256
2016-05-26 17:20:00,26.622
2016-05-26 17:30:00,26.965
2016-05-26 17:40:00,27.186
2016-05-26 17:50:00,27.259
2016-05-26 18:00:00,27.358
2016-05-26 18:10:00,27.53
2016-05-26 18:20:00,28.097
2016-05-26 18:30:00,28.493
2016-05-26 18:40:00,28.692
2016-05-26 18:50:00,28.841
2016-05-26 19:00:00,28.941
2016-05-26 19:10:00,26.622
2016-05-26 19:20:00,24.895
2016-05-26 19:30:00,23.641
2016-05-26 19:40:00,23.472
2016-05-26 19:50:00,20.698
2016-05-26 20:00:00,18.913
2016-05-26 20:10:00,17.201
2016-05-26 20:20:00,16.129
2016-05-26 20:30:00,15.509
2016-05-26 20:40:00,15.008
2016-05-26 20:50:00,14.266
2016-05-26 21:00:00,14.17
2016-05-26 21:10:00,14.122
2016-05-26 21:20:00,14.026
2016-05-26 21:30:00,13.93
2016-05-26 21:40:00,13.978
2016-05-26 21:50:00,13.93
2016-05-26 22:00:00,13.906
2016-05-26 22:10:00,13.858
2016-05-26 22:20:00,13.786
2016-05-26 22:30:00,13.93
2016-05-26 22:40:00,13.762
2016-05-26 22:50:00,13.738
2016-05-26 23:00:00,13.69
2016-05-26 23:10:00,13.666
2016-05-26 23:20:00,13.618
2016-05-26 23:30:00,13.642
2016-05-26 23:40:00,13.954
2016-05-26 23:50:00,13.762
2016-05-27 00:00:00,13.762
2016-05-27 00:10:00,13.786
2016-05-27 00:20:00,13.93
2016-05-27 00:30:00,14.242
2016-05-27 00:40:00,13.978
2016-05-27 00:50:00,13.786
2016-05-27 01:00:00,13.738
2016-05-27 01:10:00,13.594
2016-05-27 01:20:00,13.522
2016-05-27 01:30:00,13.473
2016-05-27 01:40:00,13.257
2016-05-27 01:50:00,13.257
2016-05-27 02:00:00,13.185
2016-05-27 02:10:00,13.112
2016-05-27 02:20:00,13.016
2016-05-27 02:30:00,12.92
2016-05-27 02:40:00,12.871
2016-05-27 02:50:00,12.775
2016-05-27 03:00:00,12.678
2016-05-27 03:10:00,12.606
2016-05-27 03:20:00,12.558
2016-05-27 03:30:00,12.63
2016-05-27 03:40:00,12.606
2016-05-27 03:50:00,12.727
2016-05-27 04:00:00,12.727
2016-05-27 04:10:00,12.703
2016-05-27 04:20:00,12.678
2016-05-27 04:30:00,12.678
2016-05-27 04:40:00,12.678
2016-05-27 04:50:00,12.654
2016-05-27 05:00:00,12.63
2016-05-27 05:10:00,12.63
2016-05-27 05:20:00,12.582
2016-05-27 05:30:00,12.582
2016-05-27 05:40:00,12.558
2016-05-27 05:50:00,12.534
2016-05-27 06:00:00,12.534
2016-05-27 06:10:00,12.461
2016-05-27 06:20:00,12.461
2016-05-27 06:30:00,12.485
2016-05-27 06:40:00,12.461
2016-05-27 06:50:00,12.437
2016-05-27 07:00:00,12.437
2016-05-27 07:10:00,12.437
2016-05-27 07:20:00,12.413
2016-05-27 07:30:00,12.389
2016-05-27 07:40:00,12.364
2016-05-27 07:50:00,12.34
2016-05-27 08:00:00,12.34
2016-05-27 08:10:00,12.292
2016-05-27 08:20:00,12.268
2016-05-27 08:30:00,12.268
2016-05-27 08:40:00,12.243
2016-05-27 08:50:00,12.195
2016-05-27 09:00:00,12.195
2016-05-27 09:10:00,12.171
2016-05-27 09:20:00,12.147
2016-05-27 09:30:00,12.098
2016-05-27 09:40:00,12.05
2016-05-27 09:50:00,12.001
2016-05-27 10:00:00,11.977
2016-05-27 10:10:00,11.953
2016-05-27 10:20:00,11.929
2016-05-27 10:30:00,11.904
2016-05-27 10:40:00,11.88
2016-05-27 10:50:00,11.832
2016-05-27 11:00:00,11.783
2016-05-27 11:10:00,11.759
2016-05-27 11:20:00,11.759
2016-05-27 11:30:00,11.71
2016-05-27 11:40:00,11.686
2016-05-27 11:50:00,11.637
2016-05-27 12:00:00,11.613
2016-05-27 12:10:00,11.589
2016-05-27 12:20:00,11.589
2016-05-27 12:30:00,11.565
2016-05-27 12:40:00,11.589
2016-05-27 12:50:00,11.613
2016-05-27 13:00:00,11.637
2016-05-27 13:10:00,11.662
2016-05-27 13:20:00,11.71
2016-05-27 13:30:00,11.734
2016-05-27 13:40:00,11.807
2016-05-27 13:50:00,11.904
2016-05-27 14:00:00,12.001
2016-05-27 14:10:00,12.098
2016-05-27 14:20:00,12.316
2016-05-27 14:30:00,12.485
2016-05-27 14:40:00,12.582
2016-05-27 14:50:00,12.606
2016-05-27 15:00:00,12.654
2016-05-27 15:10:00,12.751
2016-05-27 15:20:00,12.896
2016-05-27 15:30:00,13.04
2016-05-27 15:40:00,13.281
2016-05-27 15:50:00,13.594
2016-05-27 16:00:00,13.954
2016-05-27 16:10:00,14.194
2016-05-27 16:20:00,14.457
2016-05-27 16:30:00,14.721
2016-05-27 16:40:00,15.079
2016-05-27 16:50:00,15.438
2016-05-27 17:00:00,16.034
2016-05-27 17:10:00,16.582
2016-05-27 17:20:00,17.32
2016-05-27 17:30:00,18.129
2016-05-27 17:40:00,18.842
2016-05-27 17:50:00,19.27
2016-05-27 18:00:00,19.817
2016-05-27 18:10:00,20.65
2016-05-27 18:20:00,22.058
2016-05-27 18:30:00,23.184
2016-05-27 18:40:00,24.267
2016-05-27 18:50:00,25.186
2016-05-27 19:00:00,25.089
2016-05-27 19:10:00,24.557
2016-05-27 19:20:00,23.497
2016-05-27 19:30:00,23.136
2016-05-27 19:40:00,21.246
2016-05-27 19:50:00,19.793
2016-05-27 20:00:00,19.199
2016-05-27 20:10:00,17.51
2016-05-27 20:20:00,16.558
2016-05-27 20:30:00,14.17
2016-05-27 20:40:00,13.233
2016-05-27 20:50:00,13.112
2016-05-27 21:00:00,12.823
2016-05-27 21:10:00,12.509
2016-05-27 21:20:00,12.437
2016-05-27 21:30:00,12.316
2016-05-27 21:40:00,12.171
2016-05-27 21:50:00,12.147
2016-05-27 22:00:00,12.05
2016-05-27 22:10:00,12.001
2016-05-27 22:20:00,11.977
2016-05-27 22:30:00,11.929
2016-05-27 22:40:00,11.88
2016-05-27 22:50:00,11.783
2016-05-27 23:00:00,11.759
2016-05-27 23:10:00,11.783
2016-05-27 23:20:00,11.759
2016-05-27 23:30:00,11.734
2016-05-27 23:40:00,11.71
2016-05-27 23:50:00,11.71
2016-05-28 00:00:00,11.686
2016-05-28 00:10:00,11.662
2016-05-28 00:20:00,11.662
2016-05-28 00:30:00,11.686
2016-05-28 00:40:00,11.734
2016-05-28 00:50:00,11.734
2016-05-28 01:00:00,11.71
2016-05-28 01:10:00,11.686
2016-05-28 01:20:00,11.662
2016-05-28 01:30:00,11.662
2016-05-28 01:40:00,11.662
2016-05-28 01:50:00,11.637
2016-05-28 02:00:00,11.613
2016-05-28 02:10:00,11.565
2016-05-28 02:20:00,11.54
2016-05-28 02:30:00,11.516
2016-05-28 02:40:00,11.492
2016-05-28 02:50:00,11.516
2016-05-28 03:00:00,11.492
2016-05-28 03:10:00,11.492
2016-05-28 03:20:00,11.467
2016-05-28 03:30:00,11.443
2016-05-28 03:40:00,11.467
2016-05-28 03:50:00,11.467
2016-05-28 04:00:00,11.467
2016-05-28 04:10:00,11.443
2016-05-28 04:20:00,11.443
2016-05-28 04:30:00,11.467
2016-05-28 04:40:00,11.443
2016-05-28 04:50:00,11.443
2016-05-28 05:00:00,11.419
2016-05-28 05:10:00,11.419
2016-05-28 05:20:00,11.419
2016-05-28 05:30:00,11.419
2016-05-28 05:40:00,11.394
2016-05-28 05:50:00,11.394
2016-05-28 06:00:00,11.37
2016-05-28 06:10:00,11.37
2016-05-28 06:20:00,11.37
2016-05-28 06:30:00,11.37
2016-05-28 06:40:00,11.37
2016-05-28 06:50:00,11.37
2016-05-28 07:00:00,11.37
2016-05-28 07:10:00,11.37
2016-05-28 07:20:00,11.37
2016-05-28 07:30:00,11.37
2016-05-28 07:40:00,11.37
2016-05-28 07:50:00,11.37
2016-05-28 08:00:00,11.346
2016-05-28 08:10:00,11.37
2016-05-28 08:20:00,11.37
2016-05-28 08:30:00,11.37
2016-05-28 08:40:00,11.37
2016-05-28 08:50:00,11.37
2016-05-28 09:00:00,11.37
2016-05-28 09:10:00,11.37
2016-05-28 09:20:00,11.37
2016-05-28 09:30:00,11.37
2016-05-28 09:40:00,11.37
2016-05-28 09:50:00,11.37
2016-05-28 10:00:00,11.37
2016-05-28 10:10:00,11.37
2016-05-28 10:20:00,11.37
2016-05-28 10:30:00,11.37
2016-05-28 10:40:00,11.37
2016-05-28 10:50:00,11.37
2016-05-28 11:00:00,11.37
2016-05-28 11:10:00,11.37
2016-05-28 11:20:00,11.394
2016-05-28 11:30:00,11.394
2016-05-28 11:40:00,11.394
2016-05-28 11:50:00,11.394
2016-05-28 12:00:00,11.394
2016-05-28 12:10:00,11.394
2016-05-28 12:20:00,11.394
2016-05-28 12:30:00,11.394
2016-05-28 12:40:00,11.394
2016-05-28 12:50:00,11.394
2016-05-28 13:00:00,11.37
2016-05-28 13:10:00,11.37
2016-05-28 13:20:00,11.37
2016-05-28 13:30:00,11.419
2016-05-28 13:40:00,11.54
2016-05-28 13:50:00,11.71
2016-05-28 14:00:00,11.953
2016-05-28 14:10:00,12.219
2016-05-28 14:20:00,12.606
2016-05-28 14:30:00,12.92
2016-05-28 14:40:00,13.137
2016-05-28 14:50:00,13.473
2016-05-28 15:00:00,13.738
2016-05-28 15:10:00,14.242
2016-05-28 15:20:00,15.008
2016-05-28 15:30:00,15.7
2016-05-28 15:40:00,17.034
2016-05-28 15:50:00,18.176
2016-05-28 16:00:00,19.698
2016-05-28 16:10:00,20.913
2016-05-28 16:20:00,22.393
2016-05-28 16:30:00,24.508
2016-05-28 16:40:00,25.647
2016-05-28 16:50:00,26.036
2016-05-28 17:00:00,26.818
2016-05-28 17:10:00,27.801
2016-05-28 17:20:00,28.493
2016-05-28 17:30:00,28.941
2016-05-28 17:40:00,29.165
2016-05-28 17:50:00,29.414
2016-05-28 18:00:00,29.464
2016-05-28 18:10:00,29.439
2016-05-28 18:20:00,29.215
2016-05-28 18:30:00,29.515
2016-05-28 18:40:00,30.394
2016-05-28 18:50:00,30.748
2016-05-28 19:00:00,31.179
2016-05-28 19:10:00,31.153
2016-05-28 19:20:00,30.369
2016-05-28 19:30:00,27.875
2016-05-28 19:40:00,25.987
2016-05-28 19:50:00,25.065
2016-05-28 20:00:00,22.705
2016-05-28 20:10:00,22.992
2016-05-28 20:20:00,21.604
2016-05-28 20:30:00,18.224
2016-05-28 20:40:00,16.392
2016-05-28 20:50:00,16.749
2016-05-28 21:00:00,15.103
2016-05-28 21:10:00,13.954
2016-05-28 21:20:00,13.69
2016-05-28 21:30:00,13.473
2016-05-28 21:40:00,13.353
2016-05-28 21:50:00,13.233
2016-05-28 22:00:00,13.209
2016-05-28 22:10:00,13.209
2016-05-28 22:20:00,13.161
2016-05-28 22:30:00,13.112
2016-05-28 22:40:00,12.992
2016-05-28 22:50:00,12.968
2016-05-28 23:00:00,12.968
2016-05-28 23:10:00,12.968
2016-05-28 23:20:00,13.064
2016-05-28 23:30:00,13.064
2016-05-28 23:40:00,13.064
2016-05-28 23:50:00,13.088
2016-05-29 00:00:00,13.088
2016-05-29 00:10:00,13.064
2016-05-29 00:20:00,13.016
2016-05-29 00:30:00,13.016
2016-05-29 00:40:00,12.944
2016-05-29 00:50:00,12.896
2016-05-29 01:00:00,12.871
2016-05-29 01:10:00,12.871
2016-05-29 01:20:00,12.847
2016-05-29 01:30:00,12.847
2016-05-29 01:40:00,12.823
2016-05-29 01:50:00,12.823
2016-05-29 02:00:00,12.799
2016-05-29 02:10:00,12.775
2016-05-29 02:20:00,12.775
2016-05-29 02:30:00,12.751
2016-05-29 02:40:00,12.727
2016-05-29 02:50:00,12.727
2016-05-29 03:00:00,12.727
2016-05-29 03:10:00,12.703
2016-05-29 03:20:00,12.678
2016-05-29 03:30:00,12.678
2016-05-29 03:40:00,12.678
2016-05-29 03:50:00,12.678
2016-05-29 04:00:00,12.678
2016-05-29 04:10:00,12.654
2016-05-29 04:20:00,12.654
2016-05-29 04:30:00,12.703
2016-05-29 04:40:00,12.678
2016-05-29 04:50:00,12.678
2016-05-29 05:00:00,12.678
2016-05-29 05:10:00,12.678
2016-05-29 05:20:00,12.703
2016-05-29 05:30:00,12.678
2016-05-29 05:40:00,12.703
2016-05-29 05:50:00,12.727
2016-05-29 06:00:00,12.678
2016-05-29 06:10:00,12.654
2016-05-29 06:20:00,12.654
2016-05-29 06:30:00,12.654
2016-05-29 06:40:00,12.678
2016-05-29 06:50:00,12.654
2016-05-29 07:00:00,12.678
2016-05-29 07:10:00,12.678
2016-05-29 07:20:00,12.678
2016-05-29 07:30:00,12.654
2016-05-29 07:40:00,12.654
2016-05-29 07:50:00,12.654
2016-05-29 08:00:00,12.63
2016-05-29 08:10:00,12.63
2016-05-29 08:20:00,12.63
2016-05-29 08:30:00,12.63
2016-05-29 08:40:00,12.63
2016-05-29 08:50:00,12.63
2016-05-29 09:00:00,12.63
2016-05-29 09:10:00,12.63
2016-05-29 09:20:00,12.63
2016-05-29 09:30:00,12.63
2016-05-29 09:40:00,12.63
2016-05-29 09:50:00,12.63
2016-05-29 10:00:00,12.606
2016-05-29 10:10:00,12.606
2016-05-29 10:20:00,12.63
2016-05-29 10:30:00,12.63
2016-05-29 10:40:00,12.63
2016-05-29 10:50:00,12.63
2016-05-29 11:00:00,12.63
2016-05-29 11:10:00,12.63
2016-05-29 11:20:00,12.63
2016-05-29 11:30:00,12.63
2016-05-29 11:40:00,12.654
2016-05-29 11:50:00,12.654
2016-05-29 12:00:00,12.654
2016-05-29 12:10:00,12.654
2016-05-29 12:20:00,12.654
2016-05-29 12:30:00,12.654
2016-05-29 12:40:00,12.654
2016-05-29 12:50:00,12.654
2016-05-29 13:00:00,12.678
2016-05-29 13:10:00,12.678
2016-05-29 13:20:00,12.678
2016-05-29 13:30:00,12.678
2016-05-29 13:40:00,12.703
2016-05-29 13:50:00,12.727
2016-05-29 14:00:00,12.775
2016-05-29 14:10:00,12.847
2016-05-29 14:20:00,12.968
2016-05-29 14:30:00,13.04
2016-05-29 14:40:00,13.112
2016-05-29 14:50:00,13.209
2016-05-29 15:00:00,13.305
2016-05-29 15:10:00,13.425
2016-05-29 15:20:00,13.618
2016-05-29 15:30:00,13.834
2016-05-29 15:40:00,14.122
2016-05-29 15:50:00,14.481
2016-05-29 16:00:00,14.888
2016-05-29 16:10:00,15.294
2016-05-29 16:20:00,15.629
2016-05-29 16:30:00,15.819
2016-05-29 16:40:00,15.867
2016-05-29 16:50:00,15.867
2016-05-29 17:00:00,15.986
2016-05-29 17:10:00,16.225
2016-05-29 17:20:00,16.558
2016-05-29 17:30:00,16.844
2016-05-29 17:40:00,17.106
2016-05-29 17:50:00,17.51
2016-05-29 18:00:00,18.01
2016-05-29 18:10:00,18.509
2016-05-29 18:20:00,19.032
2016-05-29 18:30:00,19.341
2016-05-29 18:40:00,19.865
2016-05-29 18:50:00,20.412
2016-05-29 19:00:00,20.746
2016-05-29 19:10:00,20.746
2016-05-29 19:20:00,20.889
2016-05-29 19:30:00,21.413
2016-05-29 19:40:00,21.939
2016-05-29 19:50:00,22.465
2016-05-29 20:00:00,24.146
2016-05-29 20:10:00,25.065
2016-05-29 20:20:00,25.72
2016-05-29 20:30:00,25.817
2016-05-29 20:40:00,26.329
2016-05-29 20:50:00,27.087
2016-05-29 21:00:00,23.713
2016-05-29 21:10:00,22.178
2016-05-29 21:20:00,19.341
2016-05-29 21:30:00,18.771
2016-05-29 21:40:00,16.844
2016-05-29 21:50:00,15.175
2016-05-29 22:00:00,14.409
2016-05-29 22:10:00,14.002
2016-05-29 22:20:00,13.93
2016-05-29 22:30:00,13.882
2016-05-29 22:40:00,13.786
2016-05-29 22:50:00,13.738
2016-05-29 23:00:00,13.738
2016-05-29 23:10:00,13.714
2016-05-29 23:20:00,13.666
2016-05-29 23:30:00,13.666
2016-05-29 23:40:00,13.69
2016-05-29 23:50:00,13.642
2016-05-30 00:00:00,13.594
2016-05-30 00:10:00,13.594
2016-05-30 00:20:00,13.594
2016-05-30 00:30:00,13.57
2016-05-30 00:40:00,13.522
2016-05-30 00:50:00,13.449
2016-05-30 01:00:00,13.401
2016-05-30 01:10:00,13.353
2016-05-30 01:20:00,13.353
2016-05-30 01:30:00,13.353
2016-05-30 01:40:00,13.329
2016-05-30 01:50:00,13.329
2016-05-30 02:00:00,13.305
2016-05-30 02:10:00,13.329
2016-05-30 02:20:00,13.281
2016-05-30 02:30:00,13.305
2016-05-30 02:40:00,13.281
2016-05-30 02:50:00,13.257
2016-05-30 03:00:00,13.257
2016-05-30 03:10:00,13.233
2016-05-30 03:20:00,13.233
2016-05-30 03:30:00,13.209
2016-05-30 03:40:00,13.161
2016-05-30 03:50:00,13.137
2016-05-30 04:00:00,13.161
2016-05-30 04:10:00,13.137
2016-05-30 04:20:00,13.112
2016-05-30 04:30:00,13.112
2016-05-30 04:40:00,13.088
2016-05-30 04:50:00,13.04
2016-05-30 05:00:00,13.04
2016-05-30 05:10:00,12.992
2016-05-30 05:20:00,12.968
2016-05-30 05:30:00,12.968
2016-05-30 05:40:00,12.944
2016-05-30 05:50:00,12.92
2016-05-30 06:00:00,12.896
2016-05-30 06:10:00,12.871
2016-05-30 06:20:00,12.871
2016-05-30 06:30:00,12.847
2016-05-30 06:40:00,12.847
2016-05-30 06:50:00,12.823
2016-05-30 07:00:00,12.823
2016-05-30 07:10:00,12.799
2016-05-30 07:20:00,12.775
2016-05-30 07:30:00,12.751
2016-05-30 07:40:00,12.727
2016-05-30 07:50:00,12.703
2016-05-30 08:00:00,12.678
2016-05-30 08:10:00,12.678
2016-05-30 08:20:00,12.654
2016-05-30 08:30:00,12.654
2016-05-30 08:40:00,12.654
2016-05-30 08:50:00,12.654
2016-05-30 09:00:00,12.63
2016-05-30 09:10:00,12.775
2016-05-30 09:20:00,12.799
2016-05-30 09:30:00,12.823
2016-05-30 09:40:00,12.823
2016-05-30 09:50:00,12.823
2016-05-30 10:00:00,12.847
2016-05-30 10:10:00,12.847
2016-05-30 10:20:00,12.847
2016-05-30 10:30:00,12.871
2016-05-30 10:40:00,12.871
2016-05-30 10:50:00,12.871
2016-05-30 11:00:00,12.896
2016-05-30 11:10:00,12.896
2016-05-30 11:20:00,12.92
2016-05-30 11:30:00,12.92
2016-05-30 11:40:00,12.92
2016-05-30 11:50:00,12.92
2016-05-30 12:00:00,12.92
2016-05-30 12:10:00,12.92
2016-05-30 12:20:00,12.92
2016-05-30 12:30:00,12.92
2016-05-30 12:40:00,12.92
2016-05-30 12:50:00,12.944
2016-05-30 13:00:00,12.944
2016-05-30 13:10:00,12.944
2016-05-30 13:20:00,12.944
2016-05-30 13:30:00,12.944
2016-05-30 13:40:00,12.968
2016-05-30 13:50:00,12.968
2016-05-30 14:00:00,12.992
2016-05-30 14:10:00,12.992
2016-05-30 14:20:00,12.992
2016-05-30 14:30:00,12.992
2016-05-30 14:40:00,12.992
2016-05-30 14:50:00,13.016
2016-05-30 15:00:00,13.064
2016-05-30 15:10:00,13.161
2016-05-30 15:20:00,13.305
2016-05-30 15:30:00,13.473
2016-05-30 15:40:00,13.594
2016-05-30 15:50:00,13.738
2016-05-30 16:00:00,14.002
2016-05-30 16:10:00,14.314
2016-05-30 16:20:00,14.745
2016-05-30 16:30:00,15.079
2016-05-30 16:40:00,15.509
2016-05-30 16:50:00,16.082
2016-05-30 17:00:00,16.558
2016-05-30 17:10:00,17.082
2016-05-30 17:20:00,17.843
2016-05-30 17:30:00,18.533
2016-05-30 17:40:00,19.222
2016-05-30 17:50:00,19.722
2016-05-30 18:00:00,20.222
2016-05-30 18:10:00,20.746
2016-05-30 18:20:00,21.533
2016-05-30 18:30:00,22.657
2016-05-30 18:40:00,23.857
2016-05-30 18:50:00,24.484
2016-05-30 19:00:00,24.412
2016-05-30 19:10:00,24.871
2016-05-30 19:20:00,25.817
2016-05-30 19:30:00,26.94
2016-05-30 19:40:00,27.554
2016-05-30 19:50:00,27.85
2016-05-30 20:00:00,27.899
2016-05-30 20:10:00,28.048
2016-05-30 20:20:00,28.891
2016-05-30 20:30:00,29.815
2016-05-30 20:40:00,30.697
2016-05-30 20:50:00,31.179
2016-05-30 21:00:00,31.612
2016-05-30 21:10:00,31.663
2016-05-30 21:20:00,29.59
2016-05-30 21:30:00,27.825
2016-05-30 21:40:00,26.475
2016-05-30 21:50:00,21.366
2016-05-30 22:00:00,20.865
2016-05-30 22:10:00,17.701
2016-05-30 22:20:00,16.439
2016-05-30 22:30:00,15.366
2016-05-30 22:40:00,15.031
2016-05-30 22:50:00,14.625
2016-05-30 23:00:00,14.385
2016-05-30 23:10:00,14.385
2016-05-30 23:20:00,14.29
2016-05-30 23:30:00,14.194
2016-05-30 23:40:00,14.146
2016-05-30 23:50:00,14.122
2016-05-31 00:00:00,14.074
2016-05-31 00:10:00,14.074
2016-05-31 00:20:00,14.05
2016-05-31 00:30:00,14.026
2016-05-31 00:40:00,14.002
2016-05-31 00:50:00,14.002
2016-05-31 01:00:00,14.002
2016-05-31 01:10:00,14.002
2016-05-31 01:20:00,13.978
2016-05-31 01:30:00,13.978
2016-05-31 01:40:00,14.002
2016-05-31 01:50:00,14.026
2016-05-31 02:00:00,14.026
2016-05-31 02:10:00,14.026
2016-05-31 02:20:00,14.026
2016-05-31 02:30:00,14.002
2016-05-31 02:40:00,13.978
2016-05-31 02:50:00,13.978
2016-05-31 03:00:00,13.93
2016-05-31 03:10:00,13.93
2016-05-31 03:20:00,13.93
2016-05-31 03:30:00,13.93
2016-05-31 03:40:00,13.93
2016-05-31 03:50:00,13.906
2016-05-31 04:00:00,13.906
2016-05-31 04:10:00,13.882
2016-05-31 04:20:00,13.882
2016-05-31 04:30:00,13.858
2016-05-31 04:40:00,13.858
2016-05-31 04:50:00,13.834
2016-05-31 05:00:00,13.81
2016-05-31 05:10:00,13.786
2016-05-31 05:20:00,13.738
2016-05-31 05:30:00,13.642
2016-05-31 05:40:00,13.522
2016-05-31 05:50:00,13.473
2016-05-31 06:00:00,13.401
2016-05-31 06:10:00,13.401
2016-05-31 06:20:00,13.353
2016-05-31 06:30:00,13.281
2016-05-31 06:40:00,13.257
2016-05-31 06:50:00,13.209
2016-05-31 07:00:00,13.161
2016-05-31 07:10:00,13.112
2016-05-31 07:20:00,13.112
2016-05-31 07:30:00,13.064
2016-05-31 07:40:00,13.04
2016-05-31 07:50:00,12.968
2016-05-31 08:00:00,12.944
2016-05-31 08:10:00,12.92
2016-05-31 08:20:00,12.896
2016-05-31 08:30:00,12.871
2016-05-31 08:40:00,12.847
2016-05-31 08:50:00,12.775
2016-05-31 09:00:00,12.823
2016-05-31 09:10:00,12.823
2016-05-31 09:20:00,12.823
2016-05-31 09:30:00,12.799
2016-05-31 09:40:00,12.823
2016-05-31 09:50:00,12.823
2016-05-31 10:00:00,12.799
2016-05-31 10:10:00,12.799
2016-05-31 10:20:00,12.799
2016-05-31 10:30:00,12.944
2016-05-31 10:40:00,12.944
2016-05-31 10:50:00,13.112
2016-05-31 11:00:00,13.305
2016-05-31 11:10:00,13.377
2016-05-31 11:20:00,13.473
2016-05-31 11:30:00,13.497
2016-05-31 11:40:00,13.522
2016-05-31 11:50:00,13.522
2016-05-31 12:00:00,13.546
2016-05-31 12:10:00,13.546
2016-05-31 12:20:00,13.546
2016-05-31 12:30:00,13.522
2016-05-31 12:40:00,13.546
2016-05-31 12:50:00,13.546
2016-05-31 13:00:00,13.546
2016-05-31 13:10:00,13.546
2016-05-31 13:20:00,13.546
2016-05-31 13:30:00,13.546
2016-05-31 13:40:00,13.546
2016-05-31 13:50:00,13.546
2016-05-31 14:00:00,13.57
2016-05-31 14:10:00,13.546
2016-05-31 14:20:00,13.546
2016-05-31 14:30:00,13.57
2016-05-31 14:40:00,13.57
2016-05-31 14:50:00,13.618
2016-05-31 15:00:00,13.618
2016-05-31 15:10:00,13.57
2016-05-31 15:20:00,13.594
2016-05-31 15:30:00,13.666
2016-05-31 15:40:00,13.786
2016-05-31 15:50:00,13.93
2016-05-31 16:00:00,13.978
2016-05-31 16:10:00,14.098
2016-05-31 16:20:00,14.242
2016-05-31 16:30:00,15.557
2016-05-31 16:40:00,15.939
2016-05-31 16:50:00,16.201
2016-05-31 17:00:00,16.153
2016-05-31 17:10:00,16.463
2016-05-31 17:20:00,17.843
2016-05-31 17:30:00,18.699
2016-05-31 17:40:00,19.46
2016-05-31 17:50:00,20.031
2016-05-31 18:00:00,20.222
2016-05-31 18:10:00,20.412
2016-05-31 18:20:00,21.008
2016-05-31 18:30:00,21.891
2016-05-31 18:40:00,22.417
2016-05-31 18:50:00,22.369
2016-05-31 19:00:00,22.154
2016-05-31 19:10:00,22.321
2016-05-31 19:20:00,22.944
2016-05-31 19:30:00,23.785
2016-05-31 19:40:00,23.857
2016-05-31 19:50:00,23.978
2016-05-31 20:00:00,24.122
2016-05-31 20:10:00,23.545
2016-05-31 20:20:00,23.424
2016-05-31 20:30:00,23.472
2016-05-31 20:40:00,23.184
2016-05-31 20:50:00,23.641
2016-05-31 21:00:00,24.195
2016-05-31 21:10:00,24.919
2016-05-31 21:20:00,25.258
2016-05-31 21:30:00,23.737
2016-05-31 21:40:00,22.872
2016-05-31 21:50:00,22.609
2016-05-31 22:00:00,22.178
2016-05-31 22:10:00,21.772
2016-05-31 22:20:00,19.032
2016-05-31 22:30:00,17.034
2016-05-31 22:40:00,16.344
2016-05-31 22:50:00,15.127
2016-05-31 23:00:00,14.792
2016-05-31 23:10:00,14.481
2016-05-31 23:20:00,14.29
2016-05-31 23:30:00,14.17
2016-05-31 23:40:00,14.146
2016-05-31 23:50:00,14.074
2016-06-01 00:00:00,14.05
2016-06-01 00:10:00,13.978
2016-06-01 00:20:00,13.954
2016-06-01 00:30:00,13.93
2016-06-01 00:40:00,13.906
2016-06-01 00:50:00,13.882
2016-06-01 01:00:00,13.882
2016-06-01 01:10:00,13.882
2016-06-01 01:20:00,13.882
2016-06-01 01:30:00,13.906
2016-06-01 01:40:00,13.93
2016-06-01 01:50:00,13.93
2016-06-01 02:00:00,13.906
2016-06-01 02:10:00,13.882
2016-06-01 02:20:00,13.882
2016-06-01 02:30:00,13.858
2016-06-01 02:40:00,13.858
2016-06-01 02:50:00,13.834
2016-06-01 03:00:00,13.81
2016-06-01 03:10:00,13.81
2016-06-01 03:20:00,13.81
2016-06-01 03:30:00,13.786
2016-06-01 03:40:00,13.762
2016-06-01 03:50:00,13.762
2016-06-01 04:00:00,13.738
2016-06-01 04:10:00,13.714
2016-06-01 04:20:00,13.714
2016-06-01 04:30:00,13.666
2016-06-01 04:40:00,13.666
2016-06-01 04:50:00,13.642
2016-06-01 05:00:00,13.642
2016-06-01 05:10:00,13.594
2016-06-01 05:20:00,13.618
2016-06-01 05:30:00,13.57
2016-06-01 05:40:00,13.522
2016-06-01 05:50:00,13.522
2016-06-01 06:00:00,13.257
2016-06-01 06:10:00,12.775
2016-06-01 06:20:00,12.364
2016-06-01 06:30:00,12.63
2016-06-01 06:40:00,12.896
2016-06-01 06:50:00,12.968
2016-06-01 07:00:00,12.992
2016-06-01 07:10:00,12.968
2016-06-01 07:20:00,12.944
2016-06-01 07:30:00,12.944
2016-06-01 07:40:00,12.92
2016-06-01 07:50:00,12.896
2016-06-01 08:00:00,12.896
2016-06-01 08:10:00,12.896
2016-06-01 08:20:00,12.896
2016-06-01 08:30:00,12.896
2016-06-01 08:40:00,12.896
2016-06-01 08:50:00,12.871
2016-06-01 09:00:00,12.871
2016-06-01 09:10:00,12.896
2016-06-01 09:20:00,12.896
2016-06-01 09:30:00,12.896
2016-06-01 09:40:00,12.896
2016-06-01 09:50:00,12.896
2016-06-01 10:00:00,12.896
2016-06-01 10:10:00,12.871
2016-06-01 10:20:00,12.871
2016-06-01 10:30:00,12.847
2016-06-01 10:40:00,12.823
2016-06-01 10:50:00,12.823
2016-06-01 11:00:00,12.799
2016-06-01 11:10:00,12.823
2016-06-01 11:20:00,12.823
2016-06-01 11:30:00,12.823
2016-06-01 11:40:00,12.847
2016-06-01 11:50:00,12.847
2016-06-01 12:00:00,12.896
2016-06-01 12:10:00,13.088
2016-06-01 12:20:00,13.088
2016-06-01 12:30:00,13.137
2016-06-01 12:40:00,13.137
2016-06-01 12:50:00,13.112
2016-06-01 13:00:00,13.112
2016-06-01 13:10:00,13.088
2016-06-01 13:20:00,13.064
2016-06-01 13:30:00,13.088
2016-06-01 13:40:00,13.088
2016-06-01 13:50:00,13.112
2016-06-01 14:00:00,13.112
2016-06-01 14:10:00,13.112
2016-06-01 14:20:00,13.137
2016-06-01 14:30:00,13.161
2016-06-01 14:40:00,13.185
2016-06-01 14:50:00,13.185
2016-06-01 15:00:00,13.257
2016-06-01 15:10:00,13.281
2016-06-01 15:20:00,13.281
2016-06-01 15:30:00,13.305
2016-06-01 15:40:00,13.329
2016-06-01 15:50:00,13.401
2016-06-01 16:00:00,13.401
2016-06-01 16:10:00,13.449
2016-06-01 16:20:00,13.473
2016-06-01 16:30:00,13.522
2016-06-01 16:40:00,13.546
2016-06-01 16:50:00,13.594
2016-06-01 17:00:00,13.618
2016-06-01 17:10:00,13.81
2016-06-01 17:20:00,13.834
2016-06-01 17:30:00,14.05
2016-06-01 17:40:00,14.625
2016-06-01 17:50:00,15.533
2016-06-01 18:00:00,16.415
2016-06-01 18:10:00,16.987
2016-06-01 18:20:00,18.081
2016-06-01 18:30:00,18.628
2016-06-01 18:40:00,19.674
2016-06-01 18:50:00,21.294
2016-06-01 19:00:00,22.154
2016-06-01 19:10:00,23.328
2016-06-01 19:20:00,24.581
2016-06-01 19:30:00,25.307
2016-06-01 19:40:00,25.89
2016-06-01 19:50:00,26.793
2016-06-01 20:00:00,27.801
2016-06-01 20:10:00,28.171
2016-06-01 20:20:00,27.875
2016-06-01 20:30:00,27.481
2016-06-01 20:40:00,27.801
2016-06-01 20:50:00,28.468
2016-06-01 21:00:00,27.998
2016-06-01 21:10:00,27.431
2016-06-01 21:20:00,27.308
2016-06-01 21:30:00,25.258
2016-06-01 21:40:00,24.774
2016-06-01 21:50:00,25.016
2016-06-01 22:00:00,24.291
2016-06-01 22:10:00,23.376
2016-06-01 22:20:00,21.413
2016-06-01 22:30:00,19.817
2016-06-01 22:40:00,17.701
2016-06-01 22:50:00,16.987
2016-06-01 23:00:00,15.796
2016-06-01 23:10:00,15.605
2016-06-01 23:20:00,15.461
2016-06-01 23:30:00,15.127
2016-06-01 23:40:00,14.84
2016-06-01 23:50:00,14.721
2016-06-02 00:00:00,14.721
2016-06-02 00:10:00,14.673
2016-06-02 00:20:00,14.601
2016-06-02 00:30:00,14.601
2016-06-02 00:40:00,14.553
2016-06-02 00:50:00,14.505
2016-06-02 01:00:00,14.409
2016-06-02 01:10:00,14.433
2016-06-02 01:20:00,14.457
2016-06-02 01:30:00,14.433
2016-06-02 01:40:00,14.409
2016-06-02 01:50:00,14.385
2016-06-02 02:00:00,14.361
2016-06-02 02:10:00,14.337
2016-06-02 02:20:00,14.337
2016-06-02 02:30:00,14.266
2016-06-02 02:40:00,14.266
2016-06-02 02:50:00,14.242
2016-06-02 03:00:00,14.218
2016-06-02 03:10:00,14.218
2016-06-02 03:20:00,14.194
2016-06-02 03:30:00,14.218
2016-06-02 03:40:00,14.194
2016-06-02 03:50:00,14.17
2016-06-02 04:00:00,14.17
2016-06-02 04:10:00,14.194
2016-06-02 04:20:00,14.17
2016-06-02 04:30:00,14.17
2016-06-02 04:40:00,14.17
2016-06-02 04:50:00,14.17
2016-06-02 05:00:00,14.146
2016-06-02 05:10:00,14.098
2016-06-02 05:20:00,14.05
2016-06-02 05:30:00,14.026
2016-06-02 05:40:00,14.002
2016-06-02 05:50:00,14.05
2016-06-02 06:00:00,14.05
2016-06-02 06:10:00,14.074
2016-06-02 06:20:00,14.026
2016-06-02 06:30:00,13.882
2016-06-02 06:40:00,13.762
2016-06-02 06:50:00,13.69
2016-06-02 07:00:00,13.642
2016-06-02 07:10:00,13.57
2016-06-02 07:20:00,13.497
2016-06-02 07:30:00,13.473
2016-06-02 07:40:00,13.425
2016-06-02 07:50:00,13.377
2016-06-02 08:00:00,13.305
2016-06-02 08:10:00,13.257
2016-06-02 08:20:00,13.209
2016-06-02 08:30:00,13.161
2016-06-02 08:40:00,13.161
2016-06-02 08:50:00,13.112
2016-06-02 09:00:00,13.088
2016-06-02 09:10:00,13.064
2016-06-02 09:20:00,13.016
2016-06-02 09:30:00,13.016
2016-06-02 09:40:00,12.968
2016-06-02 09:50:00,12.944
2016-06-02 10:00:00,12.92
2016-06-02 10:10:00,12.944
2016-06-02 10:20:00,12.944
2016-06-02 10:30:00,12.92
2016-06-02 10:40:00,12.847
2016-06-02 10:50:00,12.727
2016-06-02 11:00:00,12.703
2016-06-02 11:10:00,12.703
2016-06-02 11:20:00,12.727
2016-06-02 11:30:00,12.654
2016-06-02 11:40:00,12.63
2016-06-02 11:50:00,12.654
2016-06-02 12:00:00,12.678
2016-06-02 12:10:00,12.678
2016-06-02 12:20:00,12.678
2016-06-02 12:30:00,12.727
2016-06-02 12:40:00,12.823
2016-06-02 12:50:00,12.775
2016-06-02 13:00:00,12.775
2016-06-02 13:10:00,12.896
2016-06-02 13:20:00,13.112
2016-06-02 13:30:00,13.281
2016-06-02 13:40:00,13.401
2016-06-02 13:50:00,13.449
2016-06-02 14:00:00,13.497
2016-06-02 14:10:00,13.522
2016-06-02 14:20:00,13.546
2016-06-02 14:30:00,13.546
2016-06-02 14:40:00,13.594
2016-06-02 14:50:00,13.618
2016-06-02 15:00:00,13.642
2016-06-02 15:10:00,13.666
2016-06-02 15:20:00,13.666
2016-06-02 15:30:00,13.666
2016-06-02 15:40:00,13.666
2016-06-02 15:50:00,13.69
2016-06-02 16:00:00,13.714
2016-06-02 16:10:00,13.714
2016-06-02 16:20:00,13.762
2016-06-02 16:30:00,13.762
2016-06-02 16:40:00,13.834
2016-06-02 16:50:00,13.858
2016-06-02 17:00:00,13.858
2016-06-02 17:10:00,13.81
2016-06-02 17:20:00,14.122
2016-06-02 17:30:00,14.314
2016-06-02 17:40:00,14.314
2016-06-02 17:50:00,14.625
2016-06-02 18:00:00,14.649
2016-06-02 18:10:00,15.199
2016-06-02 18:20:00,17.32
2016-06-02 18:30:00,17.106
2016-06-02 18:40:00,18.414
2016-06-02 18:50:00,19.413
2016-06-02 19:00:00,20.865
2016-06-02 19:10:00,21.366
2016-06-02 19:20:00,22.202
2016-06-02 19:30:00,21.891
2016-06-02 19:40:00,23.521
2016-06-02 19:50:00,24.532
2016-06-02 20:00:00,25.21
2016-06-02 20:10:00,25.695
2016-06-02 20:20:00,26.769
2016-06-02 20:30:00,27.702
2016-06-02 20:40:00,27.949
2016-06-02 20:50:00,27.998
2016-06-02 21:00:00,27.677
2016-06-02 21:10:00,28.147
2016-06-02 21:20:00,28.32
2016-06-02 21:30:00,28.221
2016-06-02 21:40:00,28.568
2016-06-02 21:50:00,27.087
2016-06-02 22:00:00,26.256
2016-06-02 22:10:00,24.944
2016-06-02 22:20:00,23.713
2016-06-02 22:30:00,22.753
2016-06-02 22:40:00,21.604
2016-06-02 22:50:00,21.079
2016-06-02 23:00:00,19.77
2016-06-02 23:10:00,19.27
2016-06-02 23:20:00,18.818
2016-06-02 23:30:00,17.915
2016-06-02 23:40:00,17.034
2016-06-02 23:50:00,15.605
2016-06-03 00:00:00,15.438
2016-06-03 00:10:00,14.768
2016-06-03 00:20:00,14.146
2016-06-03 00:30:00,14.002
2016-06-03 00:40:00,13.882
2016-06-03 00:50:00,13.762
2016-06-03 01:00:00,13.666
2016-06-03 01:10:00,13.618
2016-06-03 01:20:00,13.594
2016-06-03 01:30:00,13.57
2016-06-03 01:40:00,13.546
2016-06-03 01:50:00,13.522
2016-06-03 02:00:00,13.522
2016-06-03 02:10:00,13.497
2016-06-03 02:20:00,13.497
2016-06-03 02:30:00,13.497
2016-06-03 02:40:00,13.522
2016-06-03 02:50:00,13.522
2016-06-03 03:00:00,13.522
2016-06-03 03:10:00,13.522
2016-06-03 03:20:00,13.522
2016-06-03 03:30:00,13.522
2016-06-03 03:40:00,13.497
2016-06-03 03:50:00,13.497
2016-06-03 04:00:00,13.473
2016-06-03 04:10:00,13.449
2016-06-03 04:20:00,13.425
2016-06-03 04:30:00,13.377
2016-06-03 04:40:00,13.353
2016-06-03 04:50:00,13.329
2016-06-03 05:00:00,13.329
2016-06-03 05:10:00,13.281
2016-06-03 05:20:00,13.233
2016-06-03 05:30:00,13.185
2016-06-03 05:40:00,13.161
2016-06-03 05:50:00,13.112
2016-06-03 06:00:00,13.064
2016-06-03 06:10:00,13.016
2016-06-03 06:20:00,12.968
2016-06-03 06:30:00,12.92
2016-06-03 06:40:00,12.847
2016-06-03 06:50:00,12.799
2016-06-03 07:00:00,12.703
2016-06-03 07:10:00,12.582
2016-06-03 07:20:00,12.485
2016-06-03 07:30:00,12.461
2016-06-03 07:40:00,12.485
2016-06-03 07:50:00,12.485
2016-06-03 08:00:00,12.485
2016-06-03 08:10:00,12.485
2016-06-03 08:20:00,12.461
2016-06-03 08:30:00,12.461
2016-06-03 08:40:00,12.461
2016-06-03 08:50:00,12.437
2016-06-03 09:00:00,12.413
2016-06-03 09:10:00,12.389
2016-06-03 09:20:00,12.364
2016-06-03 09:30:00,12.34
2016-06-03 09:40:00,12.171
2016-06-03 09:50:00,11.977
2016-06-03 10:00:00,11.904
2016-06-03 10:10:00,11.88
2016-06-03 10:20:00,11.783
2016-06-03 10:30:00,11.613
2016-06-03 10:40:00,11.273
2016-06-03 10:50:00,11.102
2016-06-03 11:00:00,11.053
2016-06-03 11:10:00,10.834
2016-06-03 11:20:00,10.81
2016-06-03 11:30:00,10.81
2016-06-03 11:40:00,10.81
2016-06-03 11:50:00,10.785
2016-06-03 12:00:00,10.81
2016-06-03 12:10:00,10.907
2016-06-03 12:20:00,11.005
2016-06-03 12:30:00,11.127
2016-06-03 12:40:00,11.224
2016-06-03 12:50:00,11.297
2016-06-03 13:00:00,11.394
2016-06-03 13:10:00,11.516
2016-06-03 13:20:00,11.686
2016-06-03 13:30:00,11.807
2016-06-03 13:40:00,11.904
2016-06-03 13:50:00,11.929
2016-06-03 14:00:00,12.05
2016-06-03 14:10:00,12.219
2016-06-03 14:20:00,12.461
2016-06-03 14:30:00,12.461
2016-06-03 14:40:00,12.461
2016-06-03 14:50:00,12.509
2016-06-03 15:00:00,12.582
2016-06-03 15:10:00,12.534
2016-06-03 15:20:00,12.558
2016-06-03 15:30:00,12.799
2016-06-03 15:40:00,12.871
2016-06-03 15:50:00,12.968
2016-06-03 16:00:00,12.703
2016-06-03 16:10:00,12.896
2016-06-03 16:20:00,13.064
2016-06-03 16:30:00,12.92
2016-06-03 16:40:00,13.112
2016-06-03 16:50:00,13.016
2016-06-03 17:00:00,12.871
2016-06-03 17:10:00,12.968
2016-06-03 17:20:00,13.04
2016-06-03 17:30:00,13.016
2016-06-03 17:40:00,13.088
2016-06-03 17:50:00,13.185
2016-06-03 18:00:00,12.92
2016-06-03 18:10:00,12.992
2016-06-03 18:20:00,13.353
2016-06-03 18:30:00,13.353
2016-06-03 18:40:00,13.522
2016-06-03 18:50:00,13.738
2016-06-03 19:00:00,13.882
2016-06-03 19:10:00,13.786
2016-06-03 19:20:00,14.553
2016-06-03 19:30:00,15.915
2016-06-03 19:40:00,17.011
2016-06-03 19:50:00,17.558
2016-06-03 20:00:00,17.867
2016-06-03 20:10:00,18.723
2016-06-03 20:20:00,19.532
2016-06-03 20:30:00,20.674
2016-06-03 20:40:00,21.819
2016-06-03 20:50:00,22.345
2016-06-03 21:00:00,22.92
2016-06-03 21:10:00,23.617
2016-06-03 21:20:00,24.339
2016-06-03 21:30:00,24.605
2016-06-03 21:40:00,25.258
2016-06-03 21:50:00,26.109
2016-06-03 22:00:00,26.5
2016-06-03 22:10:00,26.622
2016-06-03 22:20:00,25.817
2016-06-03 22:30:00,24.629
2016-06-03 22:40:00,23.905
2016-06-03 22:50:00,24.146
2016-06-03 23:00:00,23.569
2016-06-03 23:10:00,23.304
2016-06-03 23:20:00,23.088
2016-06-03 23:30:00,21.891
2016-06-03 23:40:00,20.698
2016-06-03 23:50:00,20.222
2016-06-04 00:00:00,16.558
2016-06-04 00:10:00,15.581
2016-06-04 00:20:00,14.29
2016-06-04 00:30:00,13.738
2016-06-04 00:40:00,13.233
2016-06-04 00:50:00,13.04
2016-06-04 01:00:00,12.944
2016-06-04 01:10:00,12.871
2016-06-04 01:20:00,12.799
2016-06-04 01:30:00,12.775
2016-06-04 01:40:00,12.775
2016-06-04 01:50:00,12.775
2016-06-04 02:00:00,12.775
2016-06-04 02:10:00,12.775
2016-06-04 02:20:00,12.799
2016-06-04 02:30:00,12.775
2016-06-04 02:40:00,12.823
2016-06-04 02:50:00,12.823
2016-06-04 03:00:00,12.823
2016-06-04 03:10:00,12.847
2016-06-04 03:20:00,12.847
2016-06-04 03:30:00,12.823
2016-06-04 03:40:00,12.823
2016-06-04 03:50:00,12.823
2016-06-04 04:00:00,12.823
2016-06-04 04:10:00,12.823
2016-06-04 04:20:00,12.847
2016-06-04 04:30:00,12.871
2016-06-04 04:40:00,12.871
2016-06-04 04:50:00,12.896
2016-06-04 05:00:00,12.92
2016-06-04 05:10:00,12.92
2016-06-04 05:20:00,12.944
2016-06-04 05:30:00,12.968
2016-06-04 05:40:00,12.968
2016-06-04 05:50:00,12.968
2016-06-04 06:00:00,12.968
2016-06-04 06:10:00,12.968
2016-06-04 06:20:00,12.944
2016-06-04 06:30:00,12.92
2016-06-04 06:40:00,12.92
2016-06-04 06:50:00,12.92
2016-06-04 07:00:00,12.896
2016-06-04 07:10:00,12.871
2016-06-04 07:20:00,12.847
2016-06-04 07:30:00,12.823
2016-06-04 07:40:00,12.775
2016-06-04 07:50:00,12.606
2016-06-04 08:00:00,12.413
2016-06-04 08:10:00,12.389
2016-06-04 08:20:00,12.364
2016-06-04 08:30:00,12.292
2016-06-04 08:40:00,12.268
2016-06-04 08:50:00,12.243
2016-06-04 09:00:00,12.195
2016-06-04 09:10:00,12.147
2016-06-04 09:20:00,12.098
2016-06-04 09:30:00,12.025
2016-06-04 09:40:00,11.977
2016-06-04 09:50:00,11.953
2016-06-04 10:00:00,11.88
2016-06-04 10:10:00,11.832
2016-06-04 10:20:00,11.807
2016-06-04 10:30:00,11.807
2016-06-04 10:40:00,11.759
2016-06-04 10:50:00,11.686
2016-06-04 11:00:00,11.613
2016-06-04 11:10:00,11.346
2016-06-04 11:20:00,11.078
2016-06-04 11:30:00,10.858
2016-06-04 11:40:00,10.858
2016-06-04 11:50:00,11.029
2016-06-04 12:00:00,11.297
2016-06-04 12:10:00,11.394
2016-06-04 12:20:00,11.419
2016-06-04 12:30:00,11.443
2016-06-04 12:40:00,11.492
2016-06-04 12:50:00,11.54
2016-06-04 13:00:00,11.637
2016-06-04 13:10:00,11.686
2016-06-04 13:20:00,11.71
2016-06-04 13:30:00,11.734
2016-06-04 13:40:00,11.929
2016-06-04 13:50:00,12.316
2016-06-04 14:00:00,12.606
2016-06-04 14:10:00,13.064
2016-06-04 14:20:00,14.026
2016-06-04 14:30:00,14.505
2016-06-04 14:40:00,15.151
2016-06-04 14:50:00,15.366
2016-06-04 15:00:00,14.314
2016-06-04 15:10:00,13.738
2016-06-04 15:20:00,13.353
2016-06-04 15:30:00,13.016
2016-06-04 15:40:00,12.727
2016-06-04 15:50:00,12.606
2016-06-04 16:00:00,12.703
2016-06-04 16:10:00,12.727
2016-06-04 16:20:00,12.727
2016-06-04 16:30:00,12.703
2016-06-04 16:40:00,12.775
2016-06-04 16:50:00,12.823
2016-06-04 17:00:00,12.92
2016-06-04 17:10:00,12.92
2016-06-04 17:20:00,13.016
2016-06-04 17:30:00,13.161
2016-06-04 17:40:00,13.209
2016-06-04 17:50:00,13.281
2016-06-04 18:00:00,13.353
2016-06-04 18:10:00,13.401
2016-06-04 18:20:00,13.546
2016-06-04 18:30:00,13.449
2016-06-04 18:40:00,13.57
2016-06-04 18:50:00,13.594
2016-06-04 19:00:00,13.666
2016-06-04 19:10:00,13.738
2016-06-04 19:20:00,14.002
2016-06-04 19:30:00,14.026
2016-06-04 19:40:00,14.074
2016-06-04 19:50:00,13.978
2016-06-04 20:00:00,14.242
2016-06-04 20:10:00,14.649
2016-06-04 20:20:00,15.055
2016-06-04 20:30:00,15.891
2016-06-04 20:40:00,17.249
2016-06-04 20:50:00,18.794
2016-06-04 21:00:00,19.508
2016-06-04 21:10:00,19.341
2016-06-04 21:20:00,19.936
2016-06-04 21:30:00,20.269
2016-06-04 21:40:00,20.317
2016-06-04 21:50:00,20.007
2016-06-04 22:00:00,20.269
2016-06-04 22:10:00,20.15
2016-06-04 22:20:00,20.126
2016-06-04 22:30:00,20.341
2016-06-04 22:40:00,20.341
2016-06-04 22:50:00,19.936
2016-06-04 23:00:00,19.46
2016-06-04 23:10:00,19.365
2016-06-04 23:20:00,18.747
2016-06-04 23:30:00,18.319
2016-06-04 23:40:00,18.01
2016-06-04 23:50:00,17.605
2016-06-05 00:00:00,17.391
2016-06-05 00:10:00,16.654
2016-06-05 00:20:00,16.415
2016-06-05 00:30:00,16.344
2016-06-05 00:40:00,15.772
2016-06-05 00:50:00,14.888
2016-06-05 01:00:00,14.433
2016-06-05 01:10:00,14.194
2016-06-05 01:20:00,14.098
2016-06-05 01:30:00,13.954
2016-06-05 01:40:00,13.882
2016-06-05 01:50:00,13.834
2016-06-05 02:00:00,13.81
2016-06-05 02:10:00,13.81
2016-06-05 02:20:00,13.786
2016-06-05 02:30:00,13.786
2016-06-05 02:40:00,13.786
2016-06-05 02:50:00,13.762
2016-06-05 03:00:00,13.762
2016-06-05 03:10:00,13.738
2016-06-05 03:20:00,13.738
2016-06-05 03:30:00,13.738
2016-06-05 03:40:00,13.738
2016-06-05 03:50:00,13.738
2016-06-05 04:00:00,13.738
2016-06-05 04:10:00,13.738
2016-06-05 04:20:00,13.714
2016-06-05 04:30:00,13.714
2016-06-05 04:40:00,13.714
2016-06-05 04:50:00,13.714
2016-06-05 05:00:00,13.714
2016-06-05 05:10:00,13.69
2016-06-05 05:20:00,13.714
2016-06-05 05:30:00,13.714
2016-06-05 05:40:00,13.714
2016-06-05 05:50:00,13.714
2016-06-05 06:00:00,13.738
2016-06-05 06:10:00,13.738
2016-06-05 06:20:00,13.738
2016-06-05 06:30:00,13.738
2016-06-05 06:40:00,13.762
2016-06-05 06:50:00,13.762
2016-06-05 07:00:00,13.762
2016-06-05 07:10:00,13.762
2016-06-05 07:20:00,13.786
2016-06-05 07:30:00,13.786
2016-06-05 07:40:00,13.786
2016-06-05 07:50:00,13.786
2016-06-05 08:00:00,13.786
2016-06-05 08:10:00,13.762
2016-06-05 08:20:00,13.738
2016-06-05 08:30:00,13.377
2016-06-05 08:40:00,12.944
2016-06-05 08:50:00,12.703
2016-06-05 09:00:00,12.437
2016-06-05 09:10:00,12.292
2016-06-05 09:20:00,12.243
2016-06-05 09:30:00,12.219
2016-06-05 09:40:00,12.219
2016-06-05 09:50:00,12.292
2016-06-05 10:00:00,12.413
2016-06-05 10:10:00,12.534
2016-06-05 10:20:00,12.582
2016-06-05 10:30:00,12.606
2016-06-05 10:40:00,12.654
2016-06-05 10:50:00,12.654
2016-06-05 11:00:00,12.678
2016-06-05 11:10:00,12.678
2016-06-05 11:20:00,12.678
2016-06-05 11:30:00,12.678
2016-06-05 11:40:00,12.678
2016-06-05 11:50:00,12.678
2016-06-05 12:00:00,12.678
2016-06-05 12:10:00,12.678
2016-06-05 12:20:00,12.678
2016-06-05 12:30:00,12.654
2016-06-05 12:40:00,12.678
2016-06-05 12:50:00,12.654
2016-06-05 13:00:00,12.654
2016-06-05 13:10:00,12.654
2016-06-05 13:20:00,12.678
2016-06-05 13:30:00,12.703
2016-06-05 13:40:00,12.799
2016-06-05 13:50:00,12.896
2016-06-05 14:00:00,12.968
2016-06-05 14:10:00,13.137
2016-06-05 14:20:00,13.257
2016-06-05 14:30:00,13.401
2016-06-05 14:40:00,13.594
2016-06-05 14:50:00,13.81
2016-06-05 15:00:00,13.954
2016-06-05 15:10:00,14.074
2016-06-05 15:20:00,14.17
2016-06-05 15:30:00,14.337
2016-06-05 15:40:00,14.577
2016-06-05 15:50:00,14.745
2016-06-05 16:00:00,14.96
2016-06-05 16:10:00,15.031
2016-06-05 16:20:00,15.199
2016-06-05 16:30:00,14.792
2016-06-05 16:40:00,14.361
2016-06-05 16:50:00,14.385
2016-06-05 17:00:00,14.457
2016-06-05 17:10:00,14.385
2016-06-05 17:20:00,14.385
2016-06-05 17:30:00,14.409
2016-06-05 17:40:00,14.361
2016-06-05 17:50:00,14.266
2016-06-05 18:00:00,14.314
2016-06-05 18:10:00,14.481
2016-06-05 18:20:00,14.433
2016-06-05 18:30:00,14.314
2016-06-05 18:40:00,14.385
2016-06-05 18:50:00,14.409
2016-06-05 19:00:00,14.361
2016-06-05 19:10:00,14.385
2016-06-05 19:20:00,14.433
2016-06-05 19:30:00,14.457
2016-06-05 19:40:00,14.457
2016-06-05 19:50:00,14.457
2016-06-05 20:00:00,14.553
2016-06-05 20:10:00,14.577
2016-06-05 20:20:00,14.745
2016-06-05 20:30:00,14.745
2016-06-05 20:40:00,14.673
2016-06-05 20:50:00,14.697
2016-06-05 21:00:00,14.84
2016-06-05 21:10:00,14.912
2016-06-05 21:20:00,15.438
2016-06-05 21:30:00,15.652
2016-06-05 21:40:00,15.796
2016-06-05 21:50:00,16.225
2016-06-05 22:00:00,16.844
2016-06-05 22:10:00,16.773
2016-06-05 22:20:00,17.724
2016-06-05 22:30:00,18.247
2016-06-05 22:40:00,18.509
2016-06-05 22:50:00,18.58
2016-06-05 23:00:00,18.247
2016-06-05 23:10:00,18.2
2016-06-05 23:20:00,18.271
2016-06-05 23:30:00,18.604
2016-06-05 23:40:00,18.961
2016-06-05 23:50:00,19.294
2016-06-06 00:00:00,19.341
2016-06-06 00:10:00,19.389
2016-06-06 00:20:00,19.127
2016-06-06 00:30:00,18.985
2016-06-06 00:40:00,18.176
2016-06-06 00:50:00,17.344
2016-06-06 01:00:00,16.677
2016-06-06 01:10:00,15.986
2016-06-06 01:20:00,15.509
2016-06-06 01:30:00,14.984
2016-06-06 01:40:00,14.601
2016-06-06 01:50:00,14.433
2016-06-06 02:00:00,14.337
2016-06-06 02:10:00,14.266
2016-06-06 02:20:00,14.266
2016-06-06 02:30:00,14.242
2016-06-06 02:40:00,14.242
2016-06-06 02:50:00,14.218
2016-06-06 03:00:00,14.218
2016-06-06 03:10:00,14.218
2016-06-06 03:20:00,14.218
2016-06-06 03:30:00,14.194
2016-06-06 03:40:00,14.194
2016-06-06 03:50:00,14.194
2016-06-06 04:00:00,14.194
2016-06-06 04:10:00,14.17
2016-06-06 04:20:00,14.17
2016-06-06 04:30:00,14.146
2016-06-06 04:40:00,14.098
2016-06-06 04:50:00,14.074
2016-06-06 05:00:00,14.026
2016-06-06 05:10:00,14.002
2016-06-06 05:20:00,13.954
2016-06-06 05:30:00,13.93
2016-06-06 05:40:00,13.906
2016-06-06 05:50:00,13.834
2016-06-06 06:00:00,13.81
2016-06-06 06:10:00,13.786
2016-06-06 06:20:00,13.738
2016-06-06 06:30:00,13.714
2016-06-06 06:40:00,13.714
2016-06-06 06:50:00,13.738
2016-06-06 07:00:00,13.738
2016-06-06 07:10:00,13.738
2016-06-06 07:20:00,13.762
2016-06-06 07:30:00,13.786
2016-06-06 07:40:00,13.81
2016-06-06 07:50:00,13.834
2016-06-06 08:00:00,13.858
2016-06-06 08:10:00,13.858
2016-06-06 08:20:00,13.882
2016-06-06 08:30:00,13.906
2016-06-06 08:40:00,13.882
2016-06-06 08:50:00,13.858
2016-06-06 09:00:00,13.834
2016-06-06 09:10:00,13.786
2016-06-06 09:20:00,13.618
2016-06-06 09:30:00,13.546
2016-06-06 09:40:00,13.449
2016-06-06 09:50:00,13.353
2016-06-06 10:00:00,13.305
2016-06-06 10:10:00,13.257
2016-06-06 10:20:00,13.209
2016-06-06 10:30:00,13.185
2016-06-06 10:40:00,13.137
2016-06-06 10:50:00,13.088
2016-06-06 11:00:00,13.04
2016-06-06 11:10:00,13.04
2016-06-06 11:20:00,13.016
2016-06-06 11:30:00,12.992
2016-06-06 11:40:00,12.992
2016-06-06 11:50:00,12.992
2016-06-06 12:00:00,12.968
2016-06-06 12:10:00,12.992
2016-06-06 12:20:00,12.968
2016-06-06 12:30:00,12.92
2016-06-06 12:40:00,12.871
2016-06-06 12:50:00,12.847
2016-06-06 13:00:00,12.847
2016-06-06 13:10:00,12.871
2016-06-06 13:20:00,12.896
2016-06-06 13:30:00,12.968
2016-06-06 13:40:00,13.064
2016-06-06 13:50:00,13.161
2016-06-06 14:00:00,13.185
2016-06-06 14:10:00,13.233
2016-06-06 14:20:00,13.185
2016-06-06 14:30:00,13.112
2016-06-06 14:40:00,13.305
2016-06-06 14:50:00,13.522
2016-06-06 15:00:00,13.714
2016-06-06 15:10:00,13.858
2016-06-06 15:20:00,14.026
2016-06-06 15:30:00,14.218
2016-06-06 15:40:00,14.433
2016-06-06 15:50:00,14.601
2016-06-06 16:00:00,14.912
2016-06-06 16:10:00,15.247
2016-06-06 16:20:00,15.772
2016-06-06 16:30:00,16.153
2016-06-06 16:40:00,17.867
2016-06-06 16:50:00,19.746
2016-06-06 17:00:00,19.08
2016-06-06 17:10:00,19.579
2016-06-06 17:20:00,17.701
2016-06-06 17:30:00,16.463
2016-06-06 17:40:00,15.652
2016-06-06 17:50:00,14.864
2016-06-06 18:00:00,15.008
2016-06-06 18:10:00,14.433
2016-06-06 18:20:00,14.337
2016-06-06 18:30:00,14.337
2016-06-06 18:40:00,14.745
2016-06-06 18:50:00,14.505
2016-06-06 19:00:00,14.314
2016-06-06 19:10:00,14.29
2016-06-06 19:20:00,14.266
2016-06-06 19:30:00,14.266
2016-06-06 19:40:00,14.218
2016-06-06 19:50:00,14.242
2016-06-06 20:00:00,14.218
2016-06-06 20:10:00,14.242
2016-06-06 20:20:00,14.194
2016-06-06 20:30:00,14.337
2016-06-06 20:40:00,14.314
2016-06-06 20:50:00,14.266
2016-06-06 21:00:00,14.266
2016-06-06 21:10:00,14.337
2016-06-06 21:20:00,14.337
2016-06-06 21:30:00,14.314
2016-06-06 21:40:00,14.361
2016-06-06 21:50:00,14.553
2016-06-06 22:00:00,14.768
2016-06-06 22:10:00,14.601
2016-06-06 22:20:00,14.577
2016-06-06 22:30:00,15.772
2016-06-06 22:40:00,16.129
2016-06-06 22:50:00,16.32
2016-06-06 23:00:00,16.939
2016-06-06 23:10:00,17.249
2016-06-06 23:20:00,17.463
2016-06-06 23:30:00,17.701
2016-06-06 23:40:00,17.986
2016-06-06 23:50:00,17.938
2016-06-07 00:00:00,17.439
2016-06-07 00:10:00,17.058
2016-06-07 00:20:00,16.963
2016-06-07 00:30:00,16.963
2016-06-07 00:40:00,16.796
2016-06-07 00:50:00,16.439
2016-06-07 01:00:00,16.058
2016-06-07 01:10:00,15.891
2016-06-07 01:20:00,15.533
2016-06-07 01:30:00,15.247
2016-06-07 01:40:00,15.055
2016-06-07 01:50:00,14.625
2016-06-07 02:00:00,14.385
2016-06-07 02:10:00,14.194
2016-06-07 02:20:00,13.954
2016-06-07 02:30:00,13.762
2016-06-07 02:40:00,13.666
2016-06-07 02:50:00,13.666
2016-06-07 03:00:00,13.714
2016-06-07 03:10:00,13.786
2016-06-07 03:20:00,13.858
2016-06-07 03:30:00,13.906
2016-06-07 03:40:00,13.978
2016-06-07 03:50:00,13.978
2016-06-07 04:00:00,13.978
2016-06-07 04:10:00,14.002
2016-06-07 04:20:00,14.026
2016-06-07 04:30:00,14.05
2016-06-07 04:40:00,14.05
2016-06-07 04:50:00,14.074
2016-06-07 05:00:00,14.074
2016-06-07 05:10:00,14.074
2016-06-07 05:20:00,14.074
2016-06-07 05:30:00,14.05
2016-06-07 05:40:00,14.026
2016-06-07 05:50:00,14.002
2016-06-07 06:00:00,13.978
2016-06-07 06:10:00,13.954
2016-06-07 06:20:00,13.93
2016-06-07 06:30:00,13.882
2016-06-07 06:40:00,13.858
2016-06-07 06:50:00,13.858
2016-06-07 07:00:00,13.834
2016-06-07 07:10:00,13.81
2016-06-07 07:20:00,13.786
2016-06-07 07:30:00,13.762
2016-06-07 07:40:00,13.738
2016-06-07 07:50:00,13.69
2016-06-07 08:00:00,13.666
2016-06-07 08:10:00,13.642
2016-06-07 08:20:00,13.642
2016-06-07 08:30:00,13.618
2016-06-07 08:40:00,13.594
2016-06-07 08:50:00,13.57
2016-06-07 09:00:00,13.546
2016-06-07 09:10:00,13.522
2016-06-07 09:20:00,13.497
2016-06-07 09:30:00,13.497
2016-06-07 09:40:00,13.497
2016-06-07 09:50:00,13.449
2016-06-07 10:00:00,13.353
2016-06-07 10:10:00,13.257
2016-06-07 10:20:00,13.185
2016-06-07 10:30:00,13.137
2016-06-07 10:40:00,13.088
2016-06-07 10:50:00,13.088
2016-06-07 11:00:00,13.064
2016-06-07 11:10:00,13.04
2016-06-07 11:20:00,13.04
2016-06-07 11:30:00,13.016
2016-06-07 11:40:00,12.968
2016-06-07 11:50:00,12.968
2016-06-07 12:00:00,12.968
2016-06-07 12:10:00,12.968
2016-06-07 12:20:00,12.92
2016-06-07 12:30:00,12.871
2016-06-07 12:40:00,12.823
2016-06-07 12:50:00,12.775
2016-06-07 13:00:00,12.775
2016-06-07 13:10:00,12.727
2016-06-07 13:20:00,12.63
2016-06-07 13:30:00,12.751
2016-06-07 13:40:00,12.944
2016-06-07 13:50:00,13.112
2016-06-07 14:00:00,13.305
2016-06-07 14:10:00,13.594
2016-06-07 14:20:00,13.69
2016-06-07 14:30:00,13.738
2016-06-07 14:40:00,14.05
2016-06-07 14:50:00,14.266
2016-06-07 15:00:00,14.505
2016-06-07 15:10:00,14.792
2016-06-07 15:20:00,15.008
2016-06-07 15:30:00,15.366
2016-06-07 15:40:00,15.843
2016-06-07 15:50:00,16.606
2016-06-07 16:00:00,17.391
2016-06-07 16:10:00,17.819
2016-06-07 16:20:00,19.008
2016-06-07 16:30:00,20.531
2016-06-07 16:40:00,20.317
2016-06-07 16:50:00,20.46
2016-06-07 17:00:00,22.034
2016-06-07 17:10:00,23.208
2016-06-07 17:20:00,23.256
2016-06-07 17:30:00,22.345
2016-06-07 17:40:00,22.465
2016-06-07 17:50:00,20.889
2016-06-07 18:00:00,20.15
2016-06-07 18:10:00,18.675
2016-06-07 18:20:00,16.082
2016-06-07 18:30:00,15.294
2016-06-07 18:40:00,14.697
2016-06-07 18:50:00,14.074
2016-06-07 19:00:00,13.93
2016-06-07 19:10:00,14.314
2016-06-07 19:20:00,13.906
2016-06-07 19:30:00,14.17
2016-06-07 19:40:00,14.17
2016-06-07 19:50:00,13.954
2016-06-07 20:00:00,13.858
2016-06-07 20:10:00,13.882
2016-06-07 20:20:00,13.906
2016-06-07 20:30:00,13.834
2016-06-07 20:40:00,13.81
2016-06-07 20:50:00,13.738
2016-06-07 21:00:00,13.834
2016-06-07 21:10:00,13.954
2016-06-07 21:20:00,13.978
2016-06-07 21:30:00,13.978
2016-06-07 21:40:00,13.978
2016-06-07 21:50:00,13.93
2016-06-07 22:00:00,13.762
2016-06-07 22:10:00,13.834
2016-06-07 22:20:00,13.834
2016-06-07 22:30:00,14.122
2016-06-07 22:40:00,14.026
2016-06-07 22:50:00,14.026
2016-06-07 23:00:00,13.93
2016-06-07 23:10:00,14.505
2016-06-07 23:20:00,14.433
2016-06-07 23:30:00,14.314
2016-06-07 23:40:00,14.529
2016-06-07 23:50:00,14.936
2016-06-08 00:00:00,15.103
2016-06-08 00:10:00,15.151
2016-06-08 00:20:00,15.223
2016-06-08 00:30:00,15.008
2016-06-08 00:40:00,14.936
2016-06-08 00:50:00,14.84
2016-06-08 01:00:00,14.864
2016-06-08 01:10:00,14.816
2016-06-08 01:20:00,14.721
2016-06-08 01:30:00,14.601
2016-06-08 01:40:00,14.433
2016-06-08 01:50:00,14.194
2016-06-08 02:00:00,14.122
2016-06-08 02:10:00,14.122
2016-06-08 02:20:00,14.146
2016-06-08 02:30:00,14.002
2016-06-08 02:40:00,13.858
2016-06-08 02:50:00,13.642
2016-06-08 03:00:00,13.618
2016-06-08 03:10:00,13.473
2016-06-08 03:20:00,13.209
2016-06-08 03:30:00,13.209
2016-06-08 03:40:00,13.04
2016-06-08 03:50:00,12.92
2016-06-08 04:00:00,12.823
2016-06-08 04:10:00,12.775
2016-06-08 04:20:00,12.727
2016-06-08 04:30:00,12.703
2016-06-08 04:40:00,12.703
2016-06-08 04:50:00,12.654
2016-06-08 05:00:00,12.654
2016-06-08 05:10:00,12.63
2016-06-08 05:20:00,12.654
2016-06-08 05:30:00,12.703
2016-06-08 05:40:00,12.703
2016-06-08 05:50:00,12.727
2016-06-08 06:00:00,12.751
2016-06-08 06:10:00,12.775
2016-06-08 06:20:00,12.751
2016-06-08 06:30:00,12.727
2016-06-08 06:40:00,12.727
2016-06-08 06:50:00,12.727
2016-06-08 07:00:00,12.727
2016-06-08 07:10:00,12.703
2016-06-08 07:20:00,12.703
2016-06-08 07:30:00,12.703
2016-06-08 07:40:00,12.703
2016-06-08 07:50:00,12.727
2016-06-08 08:00:00,12.727
2016-06-08 08:10:00,12.727
2016-06-08 08:20:00,12.727
2016-06-08 08:30:00,12.727
2016-06-08 08:40:00,12.703
2016-06-08 08:50:00,12.703
2016-06-08 09:00:00,12.678
2016-06-08 09:10:00,12.703
2016-06-08 09:20:00,12.703
2016-06-08 09:30:00,12.703
2016-06-08 09:40:00,12.703
2016-06-08 09:50:00,12.678
2016-06-08 10:00:00,12.678
2016-06-08 10:10:00,12.678
2016-06-08 10:20:00,12.703
2016-06-08 10:30:00,12.703
2016-06-08 10:40:00,12.751
2016-06-08 10:50:00,12.799
2016-06-08 11:00:00,12.823
2016-06-08 11:10:00,12.823
2016-06-08 11:20:00,12.847
2016-06-08 11:30:00,12.847
2016-06-08 11:40:00,12.847
2016-06-08 11:50:00,12.847
2016-06-08 12:00:00,12.871
2016-06-08 12:10:00,12.871
2016-06-08 12:20:00,12.871
2016-06-08 12:30:00,12.871
2016-06-08 12:40:00,12.871
2016-06-08 12:50:00,12.847
2016-06-08 13:00:00,12.847
2016-06-08 13:10:00,12.871
2016-06-08 13:20:00,12.896
2016-06-08 13:30:00,12.92
2016-06-08 13:40:00,12.968
2016-06-08 13:50:00,13.04
2016-06-08 14:00:00,13.112
2016-06-08 14:10:00,13.185
2016-06-08 14:20:00,13.209
2016-06-08 14:30:00,13.257
2016-06-08 14:40:00,13.377
2016-06-08 14:50:00,13.449
2016-06-08 15:00:00,13.522
2016-06-08 15:10:00,13.618
2016-06-08 15:20:00,13.762
2016-06-08 15:30:00,13.93
2016-06-08 15:40:00,14.074
2016-06-08 15:50:00,14.122
2016-06-08 16:00:00,14.266
2016-06-08 16:10:00,14.601
2016-06-08 16:20:00,14.649
2016-06-08 16:30:00,14.649
2016-06-08 16:40:00,14.768
2016-06-08 16:50:00,14.792
2016-06-08 17:00:00,15.031
2016-06-08 17:10:00,15.199
2016-06-08 17:20:00,15.509
2016-06-08 17:30:00,15.986
2016-06-08 17:40:00,16.368
2016-06-08 17:50:00,16.677
2016-06-08 18:00:00,17.106
2016-06-08 18:10:00,17.368
2016-06-08 18:20:00,17.796
2016-06-08 18:30:00,18.105
2016-06-08 18:40:00,16.939
2016-06-08 18:50:00,16.368
2016-06-08 19:00:00,16.225
2016-06-08 19:10:00,15.103
2016-06-08 19:20:00,14.05
2016-06-08 19:30:00,13.594
2016-06-08 19:40:00,13.353
2016-06-08 19:50:00,13.185
2016-06-08 20:00:00,13.04
2016-06-08 20:10:00,13.04
2016-06-08 20:20:00,12.968
2016-06-08 20:30:00,12.968
2016-06-08 20:40:00,12.944
2016-06-08 20:50:00,12.968
2016-06-08 21:00:00,13.016
2016-06-08 21:10:00,13.112
2016-06-08 21:20:00,13.016
2016-06-08 21:30:00,12.92
2016-06-08 21:40:00,13.161
2016-06-08 21:50:00,13.112
2016-06-08 22:00:00,12.992
2016-06-08 22:10:00,13.185
2016-06-08 22:20:00,13.161
2016-06-08 22:30:00,13.233
2016-06-08 22:40:00,13.209
2016-06-08 22:50:00,13.161
2016-06-08 23:00:00,13.185
2016-06-08 23:10:00,13.233
2016-06-08 23:20:00,13.209
2016-06-08 23:30:00,13.233
2016-06-08 23:40:00,13.281
2016-06-08 23:50:00,13.329
2016-06-09 00:00:00,13.281
2016-06-09 00:10:00,13.112
2016-06-09 00:20:00,13.161
2016-06-09 00:30:00,13.425
2016-06-09 00:40:00,13.834
2016-06-09 00:50:00,14.553
2016-06-09 01:00:00,14.745
2016-06-09 01:10:00,14.649
2016-06-09 01:20:00,15.008
2016-06-09 01:30:00,14.864
2016-06-09 01:40:00,14.385
2016-06-09 01:50:00,14.146
2016-06-09 02:00:00,14.002
2016-06-09 02:10:00,13.834
2016-06-09 02:20:00,13.546
2016-06-09 02:30:00,13.305
2016-06-09 02:40:00,12.944
2016-06-09 02:50:00,12.63
2016-06-09 03:00:00,12.389
2016-06-09 03:10:00,12.195
2016-06-09 03:20:00,11.977
2016-06-09 03:30:00,11.832
2016-06-09 03:40:00,11.783
2016-06-09 03:50:00,11.759
2016-06-09 04:00:00,11.662
2016-06-09 04:10:00,11.613
2016-06-09 04:20:00,11.613
2016-06-09 04:30:00,11.565
2016-06-09 04:40:00,11.516
2016-06-09 04:50:00,11.516
2016-06-09 05:00:00,11.467
2016-06-09 05:10:00,11.467
2016-06-09 05:20:00,11.443
2016-06-09 05:30:00,11.443
2016-06-09 05:40:00,11.467
2016-06-09 05:50:00,11.467
2016-06-09 06:00:00,11.492
2016-06-09 06:10:00,11.492
2016-06-09 06:20:00,11.492
2016-06-09 06:30:00,11.492
2016-06-09 06:40:00,11.492
2016-06-09 06:50:00,11.516
2016-06-09 07:00:00,11.516
2016-06-09 07:10:00,11.54
2016-06-09 07:20:00,11.565
2016-06-09 07:30:00,11.613
2016-06-09 07:40:00,11.613
2016-06-09 07:50:00,11.613
2016-06-09 08:00:00,11.613
2016-06-09 08:10:00,11.613
2016-06-09 08:20:00,11.613
2016-06-09 08:30:00,11.637
2016-06-09 08:40:00,11.613
2016-06-09 08:50:00,11.613
2016-06-09 09:00:00,11.613
2016-06-09 09:10:00,11.613
2016-06-09 09:20:00,11.613
2016-06-09 09:30:00,11.613
2016-06-09 09:40:00,11.613
2016-06-09 09:50:00,11.589
2016-06-09 10:00:00,11.589
2016-06-09 10:10:00,11.589
2016-06-09 10:20:00,11.589
2016-06-09 10:30:00,11.565
2016-06-09 10:40:00,11.565
2016-06-09 10:50:00,11.589
2016-06-09 11:00:00,11.613
2016-06-09 11:10:00,11.613
2016-06-09 11:20:00,11.662
2016-06-09 11:30:00,11.759
2016-06-09 11:40:00,11.832
2016-06-09 11:50:00,11.904
2016-06-09 12:00:00,11.929
2016-06-09 12:10:00,11.88
2016-06-09 12:20:00,11.88
2016-06-09 12:30:00,11.904
2016-06-09 12:40:00,11.904
2016-06-09 12:50:00,11.904
2016-06-09 13:00:00,11.953
2016-06-09 13:10:00,12.001
2016-06-09 13:20:00,12.05
2016-06-09 13:30:00,12.147
2016-06-09 13:40:00,12.268
2016-06-09 13:50:00,12.34
2016-06-09 14:00:00,12.437
2016-06-09 14:10:00,12.558
2016-06-09 14:20:00,12.727
2016-06-09 14:30:00,12.799
2016-06-09 14:40:00,12.871
2016-06-09 14:50:00,13.064
2016-06-09 15:00:00,13.233
2016-06-09 15:10:00,13.497
2016-06-09 15:20:00,13.786
2016-06-09 15:30:00,14.146
2016-06-09 15:40:00,14.385
2016-06-09 15:50:00,14.577
2016-06-09 16:00:00,14.984
2016-06-09 16:10:00,15.581
2016-06-09 16:20:00,16.034
2016-06-09 16:30:00,16.844
2016-06-09 16:40:00,17.439
2016-06-09 16:50:00,17.605
2016-06-09 17:00:00,18.01
2016-06-09 17:10:00,18.461
2016-06-09 17:20:00,19.103
2016-06-09 17:30:00,19.555
2016-06-09 17:40:00,20.841
2016-06-09 17:50:00,21.413
2016-06-09 18:00:00,21.795
2016-06-09 18:10:00,22.393
2016-06-09 18:20:00,22.776
2016-06-09 18:30:00,21.772
2016-06-09 18:40:00,24.074
2016-06-09 18:50:00,26.475
2016-06-09 19:00:00,27.653
2016-06-09 19:10:00,25.113
2016-06-09 19:20:00,24.363
2016-06-09 19:30:00,24.195
2016-06-09 19:40:00,20.46
2016-06-09 19:50:00,19.46
2016-06-09 20:00:00,17.249
2016-06-09 20:10:00,15.199
2016-06-09 20:20:00,13.978
2016-06-09 20:30:00,13.401
2016-06-09 20:40:00,13.137
2016-06-09 20:50:00,12.92
2016-06-09 21:00:00,12.775
2016-06-09 21:10:00,12.582
2016-06-09 21:20:00,12.654
2016-06-09 21:30:00,12.558
2016-06-09 21:40:00,12.606
2016-06-09 21:50:00,12.461
2016-06-09 22:00:00,12.437
2016-06-09 22:10:00,12.485
2016-06-09 22:20:00,12.509
2016-06-09 22:30:00,12.582
2016-06-09 22:40:00,12.654
2016-06-09 22:50:00,12.703
2016-06-09 23:00:00,12.678
2016-06-09 23:10:00,12.678
2016-06-09 23:20:00,12.727
2016-06-09 23:30:00,12.751
2016-06-09 23:40:00,12.751
2016-06-09 23:50:00,12.871
2016-06-10 00:00:00,12.847
2016-06-10 00:10:00,12.871
2016-06-10 00:20:00,12.896
2016-06-10 00:30:00,12.871
2016-06-10 00:40:00,12.871
2016-06-10 00:50:00,12.92
2016-06-10 01:00:00,12.847
2016-06-10 01:10:00,12.799
2016-06-10 01:20:00,13.233
2016-06-10 01:30:00,13.305
2016-06-10 01:40:00,13.353
2016-06-10 01:50:00,13.088
2016-06-10 02:00:00,13.257
2016-06-10 02:10:00,13.257
2016-06-10 02:20:00,13.137
2016-06-10 02:30:00,13.137
2016-06-10 02:40:00,13.064
2016-06-10 02:50:00,12.968
2016-06-10 03:00:00,12.896
2016-06-10 03:10:00,12.823
2016-06-10 03:20:00,12.775
2016-06-10 03:30:00,12.751
2016-06-10 03:40:00,12.703
2016-06-10 03:50:00,12.678
2016-06-10 04:00:00,12.654
2016-06-10 04:10:00,12.678
2016-06-10 04:20:00,12.63
2016-06-10 04:30:00,12.606
2016-06-10 04:40:00,12.509
2016-06-10 04:50:00,12.509
2016-06-10 05:00:00,12.509
2016-06-10 05:10:00,12.437
2016-06-10 05:20:00,12.389
2016-06-10 05:30:00,12.292
2016-06-10 05:40:00,12.292
2016-06-10 05:50:00,12.268
2016-06-10 06:00:00,12.171
2016-06-10 06:10:00,12.122
2016-06-10 06:20:00,12.074
2016-06-10 06:30:00,12.001
2016-06-10 06:40:00,11.953
2016-06-10 06:50:00,11.904
2016-06-10 07:00:00,11.904
2016-06-10 07:10:00,11.88
2016-06-10 07:20:00,11.807
2016-06-10 07:30:00,11.783
2016-06-10 07:40:00,11.759
2016-06-10 07:50:00,11.734
2016-06-10 08:00:00,11.71
2016-06-10 08:10:00,11.686
2016-06-10 08:20:00,11.662
2016-06-10 08:30:00,11.637
2016-06-10 08:40:00,11.686
2016-06-10 08:50:00,11.71
2016-06-10 09:00:00,11.71
2016-06-10 09:10:00,11.71
2016-06-10 09:20:00,11.686
2016-06-10 09:30:00,11.686
2016-06-10 09:40:00,11.662
2016-06-10 09:50:00,11.637
2016-06-10 10:00:00,11.637
2016-06-10 10:10:00,11.637
2016-06-10 10:20:00,11.613
2016-06-10 10:30:00,11.613
2016-06-10 10:40:00,11.637
2016-06-10 10:50:00,11.613
2016-06-10 11:00:00,11.589
2016-06-10 11:10:00,11.613
2016-06-10 11:20:00,11.613
2016-06-10 11:30:00,11.613
2016-06-10 11:40:00,11.613
2016-06-10 11:50:00,11.637
2016-06-10 12:00:00,11.613
2016-06-10 12:10:00,11.71
2016-06-10 12:20:00,11.783
2016-06-10 12:30:00,11.832
2016-06-10 12:40:00,11.88
2016-06-10 12:50:00,11.904
2016-06-10 13:00:00,11.953
2016-06-10 13:10:00,12.001
2016-06-10 13:20:00,12.074
2016-06-10 13:30:00,12.147
2016-06-10 13:40:00,12.292
2016-06-10 13:50:00,12.437
2016-06-10 14:00:00,12.606
2016-06-10 14:10:00,12.775
2016-06-10 14:20:00,12.896
2016-06-10 14:30:00,13.016
2016-06-10 14:40:00,13.449
2016-06-10 14:50:00,13.594
2016-06-10 15:00:00,13.93
2016-06-10 15:10:00,14.218
2016-06-10 15:20:00,13.954
2016-06-10 15:30:00,13.978
2016-06-10 15:40:00,13.978
2016-06-10 15:50:00,13.978
2016-06-10 16:00:00,14.697
2016-06-10 16:10:00,15.318
2016-06-10 16:20:00,15.748
2016-06-10 16:30:00,16.892
2016-06-10 16:40:00,17.249
2016-06-10 16:50:00,19.341
2016-06-10 17:00:00,21.939
2016-06-10 17:10:00,23.617
2016-06-10 17:20:00,23.016
2016-06-10 17:30:00,23.064
2016-06-10 17:40:00,23.954
2016-06-10 17:50:00,23.569
2016-06-10 18:00:00,23.184
2016-06-10 18:10:00,24.677
2016-06-10 18:20:00,25.453
2016-06-10 18:30:00,24.823
2016-06-10 18:40:00,24.315
2016-06-10 18:50:00,25.137
2016-06-10 19:00:00,24.291
2016-06-10 19:10:00,24.823
2016-06-10 19:20:00,23.905
2016-06-10 19:30:00,22.465
2016-06-10 19:40:00,22.729
2016-06-10 19:50:00,22.178
2016-06-10 20:00:00,21.939
2016-06-10 20:10:00,22.034
2016-06-10 20:20:00,20.365
2016-06-10 20:30:00,20.079
2016-06-10 20:40:00,16.153
2016-06-10 20:50:00,14.601
2016-06-10 21:00:00,14.026
2016-06-10 21:10:00,13.834
2016-06-10 21:20:00,13.473
2016-06-10 21:30:00,13.112
2016-06-10 21:40:00,13.112
2016-06-10 21:50:00,12.968
2016-06-10 22:00:00,12.847
2016-06-10 22:10:00,12.896
2016-06-10 22:20:00,12.727
2016-06-10 22:30:00,12.703
2016-06-10 22:40:00,12.823
2016-06-10 22:50:00,12.823
2016-06-10 23:00:00,12.727
2016-06-10 23:10:00,12.751
2016-06-10 23:20:00,12.871
2016-06-10 23:30:00,12.871
2016-06-10 23:40:00,12.92
2016-06-10 23:50:00,12.871
2016-06-11 00:00:00,12.92
2016-06-11 00:10:00,12.92
2016-06-11 00:20:00,12.92
2016-06-11 00:30:00,12.92
2016-06-11 00:40:00,12.944
2016-06-11 00:50:00,12.944
2016-06-11 01:00:00,12.968
2016-06-11 01:10:00,13.016
2016-06-11 01:20:00,13.016
2016-06-11 01:30:00,13.016
2016-06-11 01:40:00,13.016
2016-06-11 01:50:00,12.968
2016-06-11 02:00:00,13.016
2016-06-11 02:10:00,12.968
2016-06-11 02:20:00,12.944
2016-06-11 02:30:00,12.896
2016-06-11 02:40:00,12.871
2016-06-11 02:50:00,12.823
2016-06-11 03:00:00,12.727
2016-06-11 03:10:00,12.606
2016-06-11 03:20:00,12.413
2016-06-11 03:30:00,12.389
2016-06-11 03:40:00,12.219
2016-06-11 03:50:00,12.219
2016-06-11 04:00:00,12.292
2016-06-11 04:10:00,12.074
2016-06-11 04:20:00,11.953
2016-06-11 04:30:00,12.074
2016-06-11 04:40:00,11.953
2016-06-11 04:50:00,11.88
2016-06-11 05:00:00,11.856
2016-06-11 05:10:00,11.832
2016-06-11 05:20:00,12.025
2016-06-11 05:30:00,12.074
2016-06-11 05:40:00,11.953
2016-06-11 05:50:00,12.05
2016-06-11 06:00:00,11.929
2016-06-11 06:10:00,12.098
2016-06-11 06:20:00,12.243
2016-06-11 06:30:00,12.195
2016-06-11 06:40:00,12.195
2016-06-11 06:50:00,12.219
2016-06-11 07:00:00,12.219
2016-06-11 07:10:00,12.195
2016-06-11 07:20:00,12.171
2016-06-11 07:30:00,12.122
2016-06-11 07:40:00,12.098
2016-06-11 07:50:00,12.05
2016-06-11 08:00:00,12.025
2016-06-11 08:10:00,12.001
2016-06-11 08:20:00,11.953
2016-06-11 08:30:00,11.953
2016-06-11 08:40:00,11.929
2016-06-11 08:50:00,11.904
2016-06-11 09:00:00,11.88
2016-06-11 09:10:00,11.856
2016-06-11 09:20:00,11.856
2016-06-11 09:30:00,11.807
2016-06-11 09:40:00,11.783
2016-06-11 09:50:00,11.783
2016-06-11 10:00:00,11.759
2016-06-11 10:10:00,11.734
2016-06-11 10:20:00,11.734
2016-06-11 10:30:00,11.71
2016-06-11 10:40:00,11.71
2016-06-11 10:50:00,11.686
2016-06-11 11:00:00,11.686
2016-06-11 11:10:00,11.662
2016-06-11 11:20:00,11.662
2016-06-11 11:30:00,11.637
2016-06-11 11:40:00,11.637
2016-06-11 11:50:00,11.613
2016-06-11 12:00:00,11.613
2016-06-11 12:10:00,11.589
2016-06-11 12:20:00,11.589
2016-06-11 12:30:00,11.589
2016-06-11 12:40:00,11.613
2016-06-11 12:50:00,11.613
2016-06-11 13:00:00,11.637
2016-06-11 13:10:00,11.662
2016-06-11 13:20:00,11.71
2016-06-11 13:30:00,11.783
2016-06-11 13:40:00,11.88
2016-06-11 13:50:00,11.953
2016-06-11 14:00:00,12.05
2016-06-11 14:10:00,12.122
2016-06-11 14:20:00,12.389
2016-06-11 14:30:00,12.727
2016-06-11 14:40:00,13.137
2016-06-11 14:50:00,13.377
2016-06-11 15:00:00,13.546
2016-06-11 15:10:00,14.074
2016-06-11 15:20:00,14.816
2016-06-11 15:30:00,15.27
2016-06-11 15:40:00,15.461
2016-06-11 15:50:00,15.915
2016-06-11 16:00:00,16.463
2016-06-11 16:10:00,16.82
2016-06-11 16:20:00,17.201
2016-06-11 16:30:00,17.296
2016-06-11 16:40:00,17.51
2016-06-11 16:50:00,17.653
2016-06-11 17:00:00,18.699
2016-06-11 17:10:00,18.366
2016-06-11 17:20:00,18.438
2016-06-11 17:30:00,19.936
2016-06-11 17:40:00,20.531
2016-06-11 17:50:00,20.269
2016-06-11 18:00:00,20.365
2016-06-11 18:10:00,21.318
2016-06-11 18:20:00,21.127
2016-06-11 18:30:00,21.891
2016-06-11 18:40:00,23.785
2016-06-11 18:50:00,25.501
2016-06-11 19:00:00,26.793
2016-06-11 19:10:00,28.097
2016-06-11 19:20:00,28.394
2016-06-11 19:30:00,26.989
2016-06-11 19:40:00,26.231
2016-06-11 19:50:00,24.944
2016-06-11 20:00:00,23.905
2016-06-11 20:10:00,22.657
2016-06-11 20:20:00,18.937
2016-06-11 20:30:00,17.962
2016-06-11 20:40:00,16.892
2016-06-11 20:50:00,15.867
2016-06-11 21:00:00,15.342
2016-06-11 21:10:00,14.074
2016-06-11 21:20:00,13.57
2016-06-11 21:30:00,13.329
2016-06-11 21:40:00,13.209
2016-06-11 21:50:00,13.209
2016-06-11 22:00:00,13.088
2016-06-11 22:10:00,12.944
2016-06-11 22:20:00,13.112
2016-06-11 22:30:00,13.112
2016-06-11 22:40:00,13.112
2016-06-11 22:50:00,13.209
2016-06-11 23:00:00,13.233
2016-06-11 23:10:00,13.209
2016-06-11 23:20:00,13.185
2016-06-11 23:30:00,13.161
2016-06-11 23:40:00,13.112
2016-06-11 23:50:00,13.112
2016-06-12 00:00:00,12.944
2016-06-12 00:10:00,12.92
2016-06-12 00:20:00,12.896
2016-06-12 00:30:00,12.871
2016-06-12 00:40:00,12.847
2016-06-12 00:50:00,12.871
2016-06-12 01:00:00,12.871
2016-06-12 01:10:00,12.871
2016-06-12 01:20:00,12.896
2016-06-12 01:30:00,12.896
2016-06-12 01:40:00,12.92
2016-06-12 01:50:00,12.944
2016-06-12 02:00:00,12.968
2016-06-12 02:10:00,12.968
2016-06-12 02:20:00,12.944
2016-06-12 02:30:00,12.944
2016-06-12 02:40:00,12.92
2016-06-12 02:50:00,12.896
2016-06-12 03:00:00,12.847
2016-06-12 03:10:00,12.823
2016-06-12 03:20:00,12.775
2016-06-12 03:30:00,12.727
2016-06-12 03:40:00,12.727
2016-06-12 03:50:00,12.703
2016-06-12 04:00:00,12.654
2016-06-12 04:10:00,12.63
2016-06-12 04:20:00,12.582
2016-06-12 04:30:00,12.582
2016-06-12 04:40:00,12.558
2016-06-12 04:50:00,12.534
2016-06-12 05:00:00,12.509
2016-06-12 05:10:00,12.509
2016-06-12 05:20:00,12.509
2016-06-12 05:30:00,12.534
2016-06-12 05:40:00,12.558
2016-06-12 05:50:00,12.534
2016-06-12 06:00:00,12.509
2016-06-12 06:10:00,12.485
2016-06-12 06:20:00,12.389
2016-06-12 06:30:00,12.268
2016-06-12 06:40:00,12.219
2016-06-12 06:50:00,12.268
2016-06-12 07:00:00,12.364
2016-06-12 07:10:00,12.364
2016-06-12 07:20:00,12.364
2016-06-12 07:30:00,12.389
2016-06-12 07:40:00,12.34
2016-06-12 07:50:00,12.34
2016-06-12 08:00:00,12.316
2016-06-12 08:10:00,12.292
2016-06-12 08:20:00,12.268
2016-06-12 08:30:00,12.219
2016-06-12 08:40:00,12.171
2016-06-12 08:50:00,12.171
2016-06-12 09:00:00,12.147
2016-06-12 09:10:00,12.147
2016-06-12 09:20:00,12.147
2016-06-12 09:30:00,12.147
2016-06-12 09:40:00,12.122
2016-06-12 09:50:00,12.122
2016-06-12 10:00:00,12.122
2016-06-12 10:10:00,12.147
2016-06-12 10:20:00,12.195
2016-06-12 10:30:00,12.243
2016-06-12 10:40:00,12.243
2016-06-12 10:50:00,12.292
2016-06-12 11:00:00,12.292
2016-06-12 11:10:00,12.316
2016-06-12 11:20:00,12.316
2016-06-12 11:30:00,12.34
2016-06-12 11:40:00,12.34
2016-06-12 11:50:00,12.389
2016-06-12 12:00:00,12.413
2016-06-12 12:10:00,12.437
2016-06-12 12:20:00,12.461
2016-06-12 12:30:00,12.509
2016-06-12 12:40:00,12.534
2016-06-12 12:50:00,12.558
2016-06-12 13:00:00,12.582
2016-06-12 13:10:00,12.63
2016-06-12 13:20:00,12.63
2016-06-12 13:30:00,12.654
2016-06-12 13:40:00,12.654
2016-06-12 13:50:00,12.678
2016-06-12 14:00:00,12.751
2016-06-12 14:10:00,12.92
2016-06-12 14:20:00,12.92
2016-06-12 14:30:00,13.209
2016-06-12 14:40:00,13.69
2016-06-12 14:50:00,14.05
2016-06-12 15:00:00,14.673
2016-06-12 15:10:00,15.748
2016-06-12 15:20:00,16.249
2016-06-12 15:30:00,15.986
2016-06-12 15:40:00,16.915
2016-06-12 15:50:00,17.534
2016-06-12 16:00:00,18.628
2016-06-12 16:10:00,18.889
2016-06-12 16:20:00,18.58
2016-06-12 16:30:00,18.913
2016-06-12 16:40:00,19.127
2016-06-12 16:50:00,20.103
2016-06-12 17:00:00,20.841
2016-06-12 17:10:00,21.628
2016-06-12 17:20:00,22.776
2016-06-12 17:30:00,23.04
2016-06-12 17:40:00,22.537
2016-06-12 17:50:00,22.561
2016-06-12 18:00:00,22.729
2016-06-12 18:10:00,22.633
2016-06-12 18:20:00,22.369
2016-06-12 18:30:00,22.537
2016-06-12 18:40:00,22.202
2016-06-12 18:50:00,21.509
2016-06-12 19:00:00,21.366
2016-06-12 19:10:00,22.513
2016-06-12 19:20:00,24.146
2016-06-12 19:30:00,24.919
2016-06-12 19:40:00,25.793
2016-06-12 19:50:00,26.573
2016-06-12 20:00:00,27.358
2016-06-12 20:10:00,26.5
2016-06-12 20:20:00,25.428
2016-06-12 20:30:00,25.355
2016-06-12 20:40:00,24.798
2016-06-12 20:50:00,23.857
2016-06-12 21:00:00,20.913
2016-06-12 21:10:00,18.913
2016-06-12 21:20:00,18.224
2016-06-12 21:30:00,17.272
2016-06-12 21:40:00,16.296
2016-06-12 21:50:00,15.199
2016-06-12 22:00:00,14.96
2016-06-12 22:10:00,14.649
2016-06-12 22:20:00,14.505
2016-06-12 22:30:00,14.409
2016-06-12 22:40:00,14.29
2016-06-12 22:50:00,14.242
2016-06-12 23:00:00,14.194
2016-06-12 23:10:00,14.122
2016-06-12 23:20:00,14.074
2016-06-12 23:30:00,14.122
2016-06-12 23:40:00,14.074
2016-06-12 23:50:00,14.05
2016-06-13 00:00:00,14.026
2016-06-13 00:10:00,13.978
2016-06-13 00:20:00,14.002
2016-06-13 00:30:00,14.002
2016-06-13 00:40:00,14.002
2016-06-13 00:50:00,14.002
2016-06-13 01:00:00,14.002
2016-06-13 01:10:00,14.002
2016-06-13 01:20:00,14.002
2016-06-13 01:30:00,13.978
2016-06-13 01:40:00,13.978
2016-06-13 01:50:00,13.93
2016-06-13 02:00:00,13.906
2016-06-13 02:10:00,13.954
2016-06-13 02:20:00,13.93
2016-06-13 02:30:00,13.906
2016-06-13 02:40:00,13.882
2016-06-13 02:50:00,13.858
2016-06-13 03:00:00,13.81
2016-06-13 03:10:00,13.762
2016-06-13 03:20:00,13.738
2016-06-13 03:30:00,13.69
2016-06-13 03:40:00,13.69
2016-06-13 03:50:00,13.618
2016-06-13 04:00:00,13.594
2016-06-13 04:10:00,13.546
2016-06-13 04:20:00,13.497
2016-06-13 04:30:00,13.425
2016-06-13 04:40:00,13.353
2016-06-13 04:50:00,13.305
2016-06-13 05:00:00,13.185
2016-06-13 05:10:00,13.112
2016-06-13 05:20:00,12.968
2016-06-13 05:30:00,12.799
2016-06-13 05:40:00,12.751
2016-06-13 05:50:00,12.509
2016-06-13 06:00:00,12.34
2016-06-13 06:10:00,12.243
2016-06-13 06:20:00,11.977
2016-06-13 06:30:00,11.734
2016-06-13 06:40:00,11.662
2016-06-13 06:50:00,11.71
2016-06-13 07:00:00,11.637
2016-06-13 07:10:00,11.589
2016-06-13 07:20:00,11.394
2016-06-13 07:30:00,11.175
2016-06-13 07:40:00,11.127
2016-06-13 07:50:00,11.102
2016-06-13 08:00:00,10.932
2016-06-13 08:10:00,10.834
2016-06-13 08:20:00,10.761
2016-06-13 08:30:00,10.712
2016-06-13 08:40:00,10.687
2016-06-13 08:50:00,10.785
2016-06-13 09:00:00,10.858
2016-06-13 09:10:00,11.029
2016-06-13 09:20:00,11.224
2016-06-13 09:30:00,11.613
2016-06-13 09:40:00,11.807
2016-06-13 09:50:00,11.953
2016-06-13 10:00:00,12.195
2016-06-13 10:10:00,12.437
2016-06-13 10:20:00,12.558
2016-06-13 10:30:00,12.63
2016-06-13 10:40:00,12.678
2016-06-13 10:50:00,12.727
2016-06-13 11:00:00,12.775
2016-06-13 11:10:00,12.823
2016-06-13 11:20:00,12.847
2016-06-13 11:30:00,12.847
2016-06-13 11:40:00,12.871
2016-06-13 11:50:00,12.871
2016-06-13 12:00:00,12.896
2016-06-13 12:10:00,12.896
2016-06-13 12:20:00,12.896
2016-06-13 12:30:00,12.944
2016-06-13 12:40:00,12.944
2016-06-13 12:50:00,12.968
2016-06-13 13:00:00,12.968
2016-06-13 13:10:00,12.968
2016-06-13 13:20:00,12.992
2016-06-13 13:30:00,12.992
2016-06-13 13:40:00,12.992
2016-06-13 13:50:00,13.016
2016-06-13 14:00:00,13.016
2016-06-13 14:10:00,13.064
2016-06-13 14:20:00,13.112
2016-06-13 14:30:00,13.112
2016-06-13 14:40:00,13.137
2016-06-13 14:50:00,13.209
2016-06-13 15:00:00,13.353
2016-06-13 15:10:00,13.281
2016-06-13 15:20:00,13.594
2016-06-13 15:30:00,13.738
2016-06-13 15:40:00,13.978
2016-06-13 15:50:00,14.17
2016-06-13 16:00:00,14.457
2016-06-13 16:10:00,14.697
2016-06-13 16:20:00,14.888
2016-06-13 16:30:00,15.318
2016-06-13 16:40:00,15.843
2016-06-13 16:50:00,16.368
2016-06-13 17:00:00,16.963
2016-06-13 17:10:00,17.629
2016-06-13 17:20:00,18.319
2016-06-13 17:30:00,19.793
2016-06-13 17:40:00,21.748
2016-06-13 17:50:00,22.848
2016-06-13 18:00:00,24.363
2016-06-13 18:10:00,25.331
2016-06-13 18:20:00,26.036
2016-06-13 18:30:00,26.524
2016-06-13 18:40:00,26.916
2016-06-13 18:50:00,27.087
2016-06-13 19:00:00,27.53
2016-06-13 19:10:00,28.147
2016-06-13 19:20:00,28.593
2016-06-13 19:30:00,29.115
2016-06-13 19:40:00,28.147
2016-06-13 19:50:00,28.543
2016-06-13 20:00:00,28.941
2016-06-13 20:10:00,28.147
2016-06-13 20:20:00,27.604
2016-06-13 20:30:00,26.94
2016-06-13 20:40:00,25.21
2016-06-13 20:50:00,25.113
2016-06-13 21:00:00,24.919
2016-06-13 21:10:00,23.93
2016-06-13 21:20:00,23.112
2016-06-13 21:30:00,22.058
2016-06-13 21:40:00,22.011
2016-06-13 21:50:00,18.937
2016-06-13 22:00:00,18.129
2016-06-13 22:10:00,16.487
2016-06-13 22:20:00,16.177
2016-06-13 22:30:00,15.461
2016-06-13 22:40:00,15.151
2016-06-13 22:50:00,14.936
2016-06-13 23:00:00,14.649
2016-06-13 23:10:00,14.529
2016-06-13 23:20:00,14.481
2016-06-13 23:30:00,14.361
2016-06-13 23:40:00,14.314
2016-06-13 23:50:00,14.337
2016-06-14 00:00:00,14.242
2016-06-14 00:10:00,14.194
2016-06-14 00:20:00,14.074
2016-06-14 00:30:00,14.05
2016-06-14 00:40:00,14.002
2016-06-14 00:50:00,13.93
2016-06-14 01:00:00,13.954
2016-06-14 01:10:00,13.93
2016-06-14 01:20:00,13.93
2016-06-14 01:30:00,13.834
2016-06-14 01:40:00,13.858
2016-06-14 01:50:00,13.882
2016-06-14 02:00:00,13.906
2016-06-14 02:10:00,13.906
2016-06-14 02:20:00,13.93
2016-06-14 02:30:00,13.93
2016-06-14 02:40:00,13.93
2016-06-14 02:50:00,13.906
2016-06-14 03:00:00,13.882
2016-06-14 03:10:00,13.834
2016-06-14 03:20:00,13.81
2016-06-14 03:30:00,13.714
2016-06-14 03:40:00,13.666
2016-06-14 03:50:00,13.642
2016-06-14 04:00:00,13.642
2016-06-14 04:10:00,13.642
2016-06-14 04:20:00,13.642
2016-06-14 04:30:00,13.714
2016-06-14 04:40:00,13.714
2016-06-14 04:50:00,13.714
2016-06-14 05:00:00,13.714
2016-06-14 05:10:00,13.714
2016-06-14 05:20:00,13.69
2016-06-14 05:30:00,13.69
2016-06-14 05:40:00,13.618
2016-06-14 05:50:00,13.497
2016-06-14 06:00:00,13.425
2016-06-14 06:10:00,13.401
2016-06-14 06:20:00,13.377
2016-06-14 06:30:00,13.353
2016-06-14 06:40:00,13.329
2016-06-14 06:50:00,13.329
2016-06-14 07:00:00,13.329
2016-06-14 07:10:00,13.305
2016-06-14 07:20:00,13.305
2016-06-14 07:30:00,13.329
2016-06-14 07:40:00,13.329
2016-06-14 07:50:00,13.329
2016-06-14 08:00:00,13.329
2016-06-14 08:10:00,13.305
2016-06-14 08:20:00,13.257
2016-06-14 08:30:00,13.257
2016-06-14 08:40:00,13.185
2016-06-14 08:50:00,13.064
2016-06-14 09:00:00,12.992
2016-06-14 09:10:00,12.968
2016-06-14 09:20:00,12.847
2016-06-14 09:30:00,12.606
2016-06-14 09:40:00,12.485
2016-06-14 09:50:00,12.413
2016-06-14 10:00:00,12.219
2016-06-14 10:10:00,12.122
2016-06-14 10:20:00,12.171
2016-06-14 10:30:00,12.025
2016-06-14 10:40:00,11.88
2016-06-14 10:50:00,11.759
2016-06-14 11:00:00,11.807
2016-06-14 11:10:00,12.074
2016-06-14 11:20:00,12.437
2016-06-14 11:30:00,12.775
2016-06-14 11:40:00,12.968
2016-06-14 11:50:00,13.088
2016-06-14 12:00:00,13.112
2016-06-14 12:10:00,13.112
2016-06-14 12:20:00,13.088
2016-06-14 12:30:00,13.088
2016-06-14 12:40:00,13.088
2016-06-14 12:50:00,13.064
2016-06-14 13:00:00,13.064
2016-06-14 13:10:00,13.04
2016-06-14 13:20:00,13.016
2016-06-14 13:30:00,13.016
2016-06-14 13:40:00,12.968
2016-06-14 13:50:00,12.968
2016-06-14 14:00:00,12.968
2016-06-14 14:10:00,12.92
2016-06-14 14:20:00,12.92
2016-06-14 14:30:00,13.016
2016-06-14 14:40:00,13.016
2016-06-14 14:50:00,13.016
2016-06-14 15:00:00,13.016
2016-06-14 15:10:00,13.016
2016-06-14 15:20:00,12.992
2016-06-14 15:30:00,13.088
2016-06-14 15:40:00,13.185
2016-06-14 15:50:00,13.329
2016-06-14 16:00:00,13.473
2016-06-14 16:10:00,13.738
2016-06-14 16:20:00,13.954
2016-06-14 16:30:00,14.361
2016-06-14 16:40:00,14.266
2016-06-14 16:50:00,15.533
2016-06-14 17:00:00,17.082
2016-06-14 17:10:00,16.725
2016-06-14 17:20:00,16.987
2016-06-14 17:30:00,17.701
2016-06-14 17:40:00,18.319
2016-06-14 17:50:00,18.818
2016-06-14 18:00:00,19.651
2016-06-14 18:10:00,19.936
2016-06-14 18:20:00,20.126
2016-06-14 18:30:00,20.222
2016-06-14 18:40:00,20.913
2016-06-14 18:50:00,20.555
2016-06-14 19:00:00,20.936
2016-06-14 19:10:00,21.867
2016-06-14 19:20:00,22.872
2016-06-14 19:30:00,22.968
2016-06-14 19:40:00,23.497
2016-06-14 19:50:00,24.581
2016-06-14 20:00:00,23.954
2016-06-14 20:10:00,23.232
2016-06-14 20:20:00,22.872
2016-06-14 20:30:00,23.569
2016-06-14 20:40:00,23.521
2016-06-14 20:50:00,22.944
2016-06-14 21:00:00,21.628
2016-06-14 21:10:00,21.056
2016-06-14 21:20:00,20.793
2016-06-14 21:30:00,20.079
2016-06-14 21:40:00,19.365
2016-06-14 21:50:00,18.771
2016-06-14 22:00:00,17.891
2016-06-14 22:10:00,17.082
2016-06-14 22:20:00,16.439
2016-06-14 22:30:00,15.772
2016-06-14 22:40:00,15.151
2016-06-14 22:50:00,15.031
2016-06-14 23:00:00,14.768
2016-06-14 23:10:00,14.649
2016-06-14 23:20:00,14.457
2016-06-14 23:30:00,14.337
2016-06-14 23:40:00,14.314
2016-06-14 23:50:00,14.337
2016-06-15 00:00:00,14.218
2016-06-15 00:10:00,14.17
2016-06-15 00:20:00,14.122
2016-06-15 00:30:00,14.026
2016-06-15 00:40:00,14.026
2016-06-15 00:50:00,13.954
2016-06-15 01:00:00,13.906
2016-06-15 01:10:00,13.93
2016-06-15 01:20:00,13.882
2016-06-15 01:30:00,13.834
2016-06-15 01:40:00,13.762
2016-06-15 01:50:00,13.714
2016-06-15 02:00:00,13.69
2016-06-15 02:10:00,13.666
2016-06-15 02:20:00,13.618
2016-06-15 02:30:00,13.57
2016-06-15 02:40:00,13.473
2016-06-15 02:50:00,13.377
2016-06-15 03:00:00,13.329
2016-06-15 03:10:00,13.305
2016-06-15 03:20:00,13.257
2016-06-15 03:30:00,13.209
2016-06-15 03:40:00,13.112
2016-06-15 03:50:00,13.064
2016-06-15 04:00:00,13.016
2016-06-15 04:10:00,12.992
2016-06-15 04:20:00,12.968
2016-06-15 04:30:00,12.896
2016-06-15 04:40:00,12.871
2016-06-15 04:50:00,12.847
2016-06-15 05:00:00,12.847
2016-06-15 05:10:00,12.823
2016-06-15 05:20:00,12.751
2016-06-15 05:30:00,12.727
2016-06-15 05:40:00,12.678
2016-06-15 05:50:00,12.654
2016-06-15 06:00:00,12.63
2016-06-15 06:10:00,12.509
2016-06-15 06:20:00,12.461
2016-06-15 06:30:00,12.34
2016-06-15 06:40:00,12.219
2016-06-15 06:50:00,11.904
2016-06-15 07:00:00,11.759
2016-06-15 07:10:00,11.516
2016-06-15 07:20:00,11.297
2016-06-15 07:30:00,11.151
2016-06-15 07:40:00,11.005
2016-06-15 07:50:00,10.907
2016-06-15 08:00:00,10.858
2016-06-15 08:10:00,10.858
2016-06-15 08:20:00,10.761
2016-06-15 08:30:00,10.712
2016-06-15 08:40:00,10.638
2016-06-15 08:50:00,10.394
2016-06-15 09:00:00,10.394
2016-06-15 09:10:00,10.492
2016-06-15 09:20:00,10.614
2016-06-15 09:30:00,10.712
2016-06-15 09:40:00,10.712
2016-06-15 09:50:00,10.761
2016-06-15 10:00:00,10.785
2016-06-15 10:10:00,10.81
2016-06-15 10:20:00,10.834
2016-06-15 10:30:00,10.81
2016-06-15 10:40:00,10.736
2016-06-15 10:50:00,10.614
2016-06-15 11:00:00,10.59
2016-06-15 11:10:00,10.541
2016-06-15 11:20:00,10.467
2016-06-15 11:30:00,10.443
2016-06-15 11:40:00,10.492
2016-06-15 11:50:00,10.614
2016-06-15 12:00:00,10.858
2016-06-15 12:10:00,11.273
2016-06-15 12:20:00,11.321
2016-06-15 12:30:00,11.443
2016-06-15 12:40:00,11.54
2016-06-15 12:50:00,11.686
2016-06-15 13:00:00,11.807
2016-06-15 13:10:00,11.929
2016-06-15 13:20:00,11.977
2016-06-15 13:30:00,12.001
2016-06-15 13:40:00,12.001
2016-06-15 13:50:00,12.025
2016-06-15 14:00:00,12.05
2016-06-15 14:10:00,12.074
2016-06-15 14:20:00,12.098
2016-06-15 14:30:00,12.268
2016-06-15 14:40:00,12.268
2016-06-15 14:50:00,12.243
2016-06-15 15:00:00,12.316
2016-06-15 15:10:00,12.34
2016-06-15 15:20:00,12.364
2016-06-15 15:30:00,12.413
2016-06-15 15:40:00,12.461
2016-06-15 15:50:00,12.534
2016-06-15 16:00:00,12.558
2016-06-15 16:10:00,12.678
2016-06-15 16:20:00,12.775
2016-06-15 16:30:00,12.775
2016-06-15 16:40:00,12.896
2016-06-15 16:50:00,12.944
2016-06-15 17:00:00,13.137
2016-06-15 17:10:00,13.449
2016-06-15 17:20:00,13.858
2016-06-15 17:30:00,13.858
2016-06-15 17:40:00,14.457
2016-06-15 17:50:00,15.843
2016-06-15 18:00:00,16.082
2016-06-15 18:10:00,15.151
2016-06-15 18:20:00,16.225
2016-06-15 18:30:00,17.201
2016-06-15 18:40:00,17.962
2016-06-15 18:50:00,19.46
2016-06-15 19:00:00,19.674
2016-06-15 19:10:00,18.937
2016-06-15 19:20:00,19.865
2016-06-15 19:30:00,21.032
2016-06-15 19:40:00,21.819
2016-06-15 19:50:00,22.465
2016-06-15 20:00:00,23.04
2016-06-15 20:10:00,23.785
2016-06-15 20:20:00,24.339
2016-06-15 20:30:00,24.508
2016-06-15 20:40:00,25.21
2016-06-15 20:50:00,24.653
2016-06-15 21:00:00,24.46
2016-06-15 21:10:00,25.016
2016-06-15 21:20:00,24.412
2016-06-15 21:30:00,23.593
2016-06-15 21:40:00,22.561
2016-06-15 21:50:00,22.25
2016-06-15 22:00:00,21.318
2016-06-15 22:10:00,19.175
2016-06-15 22:20:00,18.699
2016-06-15 22:30:00,17.082
2016-06-15 22:40:00,16.892
2016-06-15 22:50:00,16.058
2016-06-15 23:00:00,14.745
2016-06-15 23:10:00,14.146
2016-06-15 23:20:00,13.762
2016-06-15 23:30:00,13.762
2016-06-15 23:40:00,13.522
2016-06-15 23:50:00,13.377
2016-06-16 00:00:00,13.281
2016-06-16 00:10:00,13.209
2016-06-16 00:20:00,13.088
2016-06-16 00:30:00,12.992
2016-06-16 00:40:00,12.896
2016-06-16 00:50:00,12.871
2016-06-16 01:00:00,12.775
2016-06-16 01:10:00,12.727
2016-06-16 01:20:00,12.703
2016-06-16 01:30:00,12.727
2016-06-16 01:40:00,12.727
2016-06-16 01:50:00,12.703
2016-06-16 02:00:00,12.678
2016-06-16 02:10:00,12.582
2016-06-16 02:20:00,12.509
2016-06-16 02:30:00,12.437
2016-06-16 02:40:00,12.34
2016-06-16 02:50:00,12.292
2016-06-16 03:00:00,12.243
2016-06-16 03:10:00,12.195
2016-06-16 03:20:00,12.147
2016-06-16 03:30:00,12.098
2016-06-16 03:40:00,12.098
2016-06-16 03:50:00,12.05
2016-06-16 04:00:00,12.001
2016-06-16 04:10:00,11.977
2016-06-16 04:20:00,11.977
2016-06-16 04:30:00,11.953
2016-06-16 04:40:00,11.953
2016-06-16 04:50:00,11.953
2016-06-16 05:00:00,11.953
2016-06-16 05:10:00,12.001
2016-06-16 05:20:00,12.05
2016-06-16 05:30:00,12.074
2016-06-16 05:40:00,12.098
2016-06-16 05:50:00,12.098
2016-06-16 06:00:00,12.122
2016-06-16 06:10:00,12.122
2016-06-16 06:20:00,12.098
2016-06-16 06:30:00,12.074
2016-06-16 06:40:00,11.807
2016-06-16 06:50:00,11.734
2016-06-16 07:00:00,11.467
2016-06-16 07:10:00,11.151
2016-06-16 07:20:00,10.956
2016-06-16 07:30:00,10.81
2016-06-16 07:40:00,10.761
2016-06-16 07:50:00,10.614
2016-06-16 08:00:00,10.492
2016-06-16 08:10:00,10.394
2016-06-16 08:20:00,10.32
2016-06-16 08:30:00,10.198
2016-06-16 08:40:00,10.1
2016-06-16 08:50:00,10.001
2016-06-16 09:00:00,10.173
2016-06-16 09:10:00,10.394
2016-06-16 09:20:00,10.541
2016-06-16 09:30:00,10.638
2016-06-16 09:40:00,10.638
2016-06-16 09:50:00,10.59
2016-06-16 10:00:00,10.467
2016-06-16 10:10:00,10.369
2016-06-16 10:20:00,10.32
2016-06-16 10:30:00,10.296
2016-06-16 10:40:00,10.247
2016-06-16 10:50:00,10.296
2016-06-16 11:00:00,10.296
2016-06-16 11:10:00,10.271
2016-06-16 11:20:00,10.296
2016-06-16 11:30:00,10.271
2016-06-16 11:40:00,10.443
2016-06-16 11:50:00,10.369
2016-06-16 12:00:00,10.369
2016-06-16 12:10:00,10.394
2016-06-16 12:20:00,10.418
2016-06-16 12:30:00,10.198
2016-06-16 12:40:00,10.173
2016-06-16 12:50:00,10.247
2016-06-16 13:00:00,10.443
2016-06-16 13:10:00,10.663
2016-06-16 13:20:00,11.2
2016-06-16 13:30:00,11.734
2016-06-16 13:40:00,11.662
2016-06-16 13:50:00,11.832
2016-06-16 14:00:00,11.953
2016-06-16 14:10:00,12.074
2016-06-16 14:20:00,12.147
2016-06-16 14:30:00,12.219
2016-06-16 14:40:00,12.243
2016-06-16 14:50:00,12.413
2016-06-16 15:00:00,12.703
2016-06-16 15:10:00,12.799
2016-06-16 15:20:00,12.413
2016-06-16 15:30:00,13.137
2016-06-16 15:40:00,13.233
2016-06-16 15:50:00,13.137
2016-06-16 16:00:00,13.185
2016-06-16 16:10:00,13.449
2016-06-16 16:20:00,13.762
2016-06-16 16:30:00,13.449
2016-06-16 16:40:00,13.786
2016-06-16 16:50:00,13.81
2016-06-16 17:00:00,13.522
2016-06-16 17:10:00,13.666
2016-06-16 17:20:00,13.69
2016-06-16 17:30:00,13.449
2016-06-16 17:40:00,13.57
2016-06-16 17:50:00,13.714
2016-06-16 18:00:00,13.81
2016-06-16 18:10:00,13.954
2016-06-16 18:20:00,14.146
2016-06-16 18:30:00,15.27
2016-06-16 18:40:00,14.84
2016-06-16 18:50:00,15.724
2016-06-16 19:00:00,16.701
2016-06-16 19:10:00,17.677
2016-06-16 19:20:00,18.39
2016-06-16 19:30:00,17.582
2016-06-16 19:40:00,18.176
2016-06-16 19:50:00,19.841
2016-06-16 20:00:00,20.15
2016-06-16 20:10:00,21.246
2016-06-16 20:20:00,20.531
2016-06-16 20:30:00,19.865
2016-06-16 20:40:00,20.984
2016-06-16 20:50:00,21.103
2016-06-16 21:00:00,21.318
2016-06-16 21:10:00,22.369
2016-06-16 21:20:00,22.106
2016-06-16 21:30:00,22.513
2016-06-16 21:40:00,23.545
2016-06-16 21:50:00,23.16
2016-06-16 22:00:00,21.652
2016-06-16 22:10:00,19.888
2016-06-16 22:20:00,18.699
2016-06-16 22:30:00,18.319
2016-06-16 22:40:00,17.653
2016-06-16 22:50:00,16.892
2016-06-16 23:00:00,16.534
2016-06-16 23:10:00,15.509
2016-06-16 23:20:00,14.649
2016-06-16 23:30:00,14.529
2016-06-16 23:40:00,14.122
2016-06-16 23:50:00,13.81
2016-06-17 00:00:00,13.546
2016-06-17 00:10:00,13.522
2016-06-17 00:20:00,13.353
2016-06-17 00:30:00,13.281
2016-06-17 00:40:00,13.185
2016-06-17 00:50:00,13.088
2016-06-17 01:00:00,13.064
2016-06-17 01:10:00,12.968
2016-06-17 01:20:00,12.944
2016-06-17 01:30:00,12.896
2016-06-17 01:40:00,12.823
2016-06-17 01:50:00,12.775
2016-06-17 02:00:00,12.727
2016-06-17 02:10:00,12.678
2016-06-17 02:20:00,12.678
2016-06-17 02:30:00,12.654
2016-06-17 02:40:00,12.654
2016-06-17 02:50:00,12.678
2016-06-17 03:00:00,12.775
2016-06-17 03:10:00,12.847
2016-06-17 03:20:00,12.944
2016-06-17 03:30:00,12.92
2016-06-17 03:40:00,12.92
2016-06-17 03:50:00,12.871
2016-06-17 04:00:00,12.871
2016-06-17 04:10:00,12.847
2016-06-17 04:20:00,12.823
2016-06-17 04:30:00,12.799
2016-06-17 04:40:00,12.775
2016-06-17 04:50:00,12.775
2016-06-17 05:00:00,12.727
2016-06-17 05:10:00,12.727
2016-06-17 05:20:00,12.678
2016-06-17 05:30:00,12.654
2016-06-17 05:40:00,12.606
2016-06-17 05:50:00,12.606
2016-06-17 06:00:00,12.582
2016-06-17 06:10:00,12.606
2016-06-17 06:20:00,12.582
2016-06-17 06:30:00,12.558
2016-06-17 06:40:00,12.509
2016-06-17 06:50:00,12.485
2016-06-17 07:00:00,12.268
2016-06-17 07:10:00,12.292
2016-06-17 07:20:00,12.05
2016-06-17 07:30:00,11.71
2016-06-17 07:40:00,11.589
2016-06-17 07:50:00,11.443
2016-06-17 08:00:00,11.175
2016-06-17 08:10:00,10.956
2016-06-17 08:20:00,10.785
2016-06-17 08:30:00,10.614
2016-06-17 08:40:00,10.467
2016-06-17 08:50:00,10.32
2016-06-17 09:00:00,10.271
2016-06-17 09:10:00,10.173
2016-06-17 09:20:00,10.149
2016-06-17 09:30:00,10.051
2016-06-17 09:40:00,9.952
2016-06-17 09:50:00,9.879
2016-06-17 10:00:00,9.682
2016-06-17 10:10:00,9.509
2016-06-17 10:20:00,9.41
2016-06-17 10:30:00,9.287
2016-06-17 10:40:00,9.213
2016-06-17 10:50:00,9.139
2016-06-17 11:00:00,9.015
2016-06-17 11:10:00,8.916
2016-06-17 11:20:00,8.841
2016-06-17 11:30:00,8.767
2016-06-17 11:40:00,8.817
2016-06-17 11:50:00,8.792
2016-06-17 12:00:00,8.767
2016-06-17 12:10:00,8.891
2016-06-17 12:20:00,9.04
2016-06-17 12:30:00,8.866
2016-06-17 12:40:00,8.742
2016-06-17 12:50:00,8.668
2016-06-17 13:00:00,8.693
2016-06-17 13:10:00,8.792
2016-06-17 13:20:00,8.916
2016-06-17 13:30:00,9.238
2016-06-17 13:40:00,9.558
2016-06-17 13:50:00,10.369
2016-06-17 14:00:00,11.224
2016-06-17 14:10:00,11.783
2016-06-17 14:20:00,12.437
2016-06-17 14:30:00,13.064
2016-06-17 14:40:00,13.281
2016-06-17 14:50:00,13.281
2016-06-17 15:00:00,13.233
2016-06-17 15:10:00,13.377
2016-06-17 15:20:00,13.449
2016-06-17 15:30:00,13.57
2016-06-17 15:40:00,13.594
2016-06-17 15:50:00,13.546
2016-06-17 16:00:00,13.762
2016-06-17 16:10:00,13.497
2016-06-17 16:20:00,13.305
2016-06-17 16:30:00,13.305
2016-06-17 16:40:00,13.257
2016-06-17 16:50:00,13.353
2016-06-17 17:00:00,13.546
2016-06-17 17:10:00,13.858
2016-06-17 17:20:00,13.834
2016-06-17 17:30:00,14.002
2016-06-17 17:40:00,14.026
2016-06-17 17:50:00,14.074
2016-06-17 18:00:00,14.122
2016-06-17 18:10:00,14.122
2016-06-17 18:20:00,14.361
2016-06-17 18:30:00,14.481
2016-06-17 18:40:00,14.553
2016-06-17 18:50:00,14.242
2016-06-17 19:00:00,15.318
2016-06-17 19:10:00,15.629
2016-06-17 19:20:00,15.605
2016-06-17 19:30:00,16.01
2016-06-17 19:40:00,16.773
2016-06-17 19:50:00,16.439
2016-06-17 20:00:00,17.986
2016-06-17 20:10:00,18.557
2016-06-17 20:20:00,19.698
2016-06-17 20:30:00,20.627
2016-06-17 20:40:00,20.936
2016-06-17 20:50:00,20.674
2016-06-17 21:00:00,21.39
2016-06-17 21:10:00,20.793
2016-06-17 21:20:00,21.772
2016-06-17 21:30:00,21.628
2016-06-17 21:40:00,22.13
2016-06-17 21:50:00,21.294
2016-06-17 22:00:00,22.058
2016-06-17 22:10:00,21.342
2016-06-17 22:20:00,20.007
2016-06-17 22:30:00,19.151
2016-06-17 22:40:00,18.129
2016-06-17 22:50:00,17.796
2016-06-17 23:00:00,17.653
2016-06-17 23:10:00,16.749
2016-06-17 23:20:00,16.487
2016-06-17 23:30:00,14.96
2016-06-17 23:40:00,14.577
2016-06-17 23:50:00,14.17
2016-06-18 00:00:00,13.762
2016-06-18 00:10:00,13.473
2016-06-18 00:20:00,13.257
2016-06-18 00:30:00,13.04
2016-06-18 00:40:00,13.04
2016-06-18 00:50:00,12.944
2016-06-18 01:00:00,12.871
2016-06-18 01:10:00,12.799
2016-06-18 01:20:00,12.727
2016-06-18 01:30:00,12.678
2016-06-18 01:40:00,12.63
2016-06-18 01:50:00,12.606
2016-06-18 02:00:00,12.582
2016-06-18 02:10:00,12.582
2016-06-18 02:20:00,12.582
2016-06-18 02:30:00,12.606
2016-06-18 02:40:00,12.654
2016-06-18 02:50:00,12.678
2016-06-18 03:00:00,12.703
2016-06-18 03:10:00,12.727
2016-06-18 03:20:00,12.751
2016-06-18 03:30:00,12.775
2016-06-18 03:40:00,12.799
2016-06-18 03:50:00,12.799
2016-06-18 04:00:00,12.823
2016-06-18 04:10:00,12.799
2016-06-18 04:20:00,12.823
2016-06-18 04:30:00,12.823
2016-06-18 04:40:00,12.823
2016-06-18 04:50:00,12.823
2016-06-18 05:00:00,12.799
2016-06-18 05:10:00,12.799
2016-06-18 05:20:00,12.775
2016-06-18 05:30:00,12.751
2016-06-18 05:40:00,12.703
2016-06-18 05:50:00,12.703
2016-06-18 06:00:00,12.63
2016-06-18 06:10:00,12.534
2016-06-18 06:20:00,12.437
2016-06-18 06:30:00,12.413
2016-06-18 06:40:00,12.413
2016-06-18 06:50:00,12.389
2016-06-18 07:00:00,12.413
2016-06-18 07:10:00,12.437
2016-06-18 07:20:00,12.534
2016-06-18 07:30:00,12.606
2016-06-18 07:40:00,12.775
2016-06-18 07:50:00,12.92
2016-06-18 08:00:00,12.992
2016-06-18 08:10:00,13.064
2016-06-18 08:20:00,13.112
2016-06-18 08:30:00,13.161
2016-06-18 08:40:00,13.209
2016-06-18 08:50:00,13.233
2016-06-18 09:00:00,13.257
2016-06-18 09:10:00,13.305
2016-06-18 09:20:00,13.377
2016-06-18 09:30:00,13.425
2016-06-18 09:40:00,13.449
2016-06-18 09:50:00,13.449
2016-06-18 10:00:00,13.425
2016-06-18 10:10:00,13.425
2016-06-18 10:20:00,13.425
2016-06-18 10:30:00,13.401
2016-06-18 10:40:00,13.353
2016-06-18 10:50:00,13.329
2016-06-18 11:00:00,13.305
2016-06-18 11:10:00,13.281
2016-06-18 11:20:00,13.257
2016-06-18 11:30:00,13.233
2016-06-18 11:40:00,13.209
2016-06-18 11:50:00,13.185
2016-06-18 12:00:00,13.161
2016-06-18 12:10:00,13.112
2016-06-18 12:20:00,13.088
2016-06-18 12:30:00,13.016
2016-06-18 12:40:00,12.992
2016-06-18 12:50:00,12.968
2016-06-18 13:00:00,12.944
2016-06-18 13:10:00,12.92
2016-06-18 13:20:00,12.92
2016-06-18 13:30:00,12.896
2016-06-18 13:40:00,12.944
2016-06-18 13:50:00,13.064
2016-06-18 14:00:00,13.161
2016-06-18 14:10:00,13.233
2016-06-18 14:20:00,13.281
2016-06-18 14:30:00,13.377
2016-06-18 14:40:00,13.449
2016-06-18 14:50:00,13.497
2016-06-18 15:00:00,13.594
2016-06-18 15:10:00,13.594
2016-06-18 15:20:00,13.69
2016-06-18 15:30:00,13.016
2016-06-18 15:40:00,12.847
2016-06-18 15:50:00,12.92
2016-06-18 16:00:00,12.896
2016-06-18 16:10:00,12.823
2016-06-18 16:20:00,12.703
2016-06-18 16:30:00,12.968
2016-06-18 16:40:00,13.738
2016-06-18 16:50:00,13.954
2016-06-18 17:00:00,13.81
2016-06-18 17:10:00,13.882
2016-06-18 17:20:00,13.834
2016-06-18 17:30:00,14.17
2016-06-18 17:40:00,13.81
2016-06-18 17:50:00,14.002
2016-06-18 18:00:00,14.266
2016-06-18 18:10:00,14.026
2016-06-18 18:20:00,14.505
2016-06-18 18:30:00,14.17
2016-06-18 18:40:00,14.098
2016-06-18 18:50:00,14.266
2016-06-18 19:00:00,14.026
2016-06-18 19:10:00,14.745
2016-06-18 19:20:00,14.457
2016-06-18 19:30:00,14.745
2016-06-18 19:40:00,15.151
2016-06-18 19:50:00,16.868
2016-06-18 20:00:00,19.27
2016-06-18 20:10:00,18.961
2016-06-18 20:20:00,20.936
2016-06-18 20:30:00,22.585
2016-06-18 20:40:00,22.681
2016-06-18 20:50:00,23.232
2016-06-18 21:00:00,24.291
2016-06-18 21:10:00,25.38
2016-06-18 21:20:00,26.378
2016-06-18 21:30:00,26.304
2016-06-18 21:40:00,26.426
2016-06-18 21:50:00,27.358
2016-06-18 22:00:00,26.109
2016-06-18 22:10:00,25.866
2016-06-18 22:20:00,26.061
2016-06-18 22:30:00,26.5
2016-06-18 22:40:00,27.136
2016-06-18 22:50:00,26.451
2016-06-18 23:00:00,24.798
2016-06-18 23:10:00,24.726
2016-06-18 23:20:00,22.753
2016-06-18 23:30:00,22.513
2016-06-18 23:40:00,22.729
2016-06-18 23:50:00,21.557
2016-06-19 00:00:00,19.46
2016-06-19 00:10:00,17.439
2016-06-19 00:20:00,15.796
2016-06-19 00:30:00,14.242
2016-06-19 00:40:00,13.714
2016-06-19 00:50:00,13.522
2016-06-19 01:00:00,13.257
2016-06-19 01:10:00,13.064
2016-06-19 01:20:00,12.968
2016-06-19 01:30:00,12.823
2016-06-19 01:40:00,12.775
2016-06-19 01:50:00,12.775
2016-06-19 02:00:00,12.727
2016-06-19 02:10:00,12.703
2016-06-19 02:20:00,12.654
2016-06-19 02:30:00,12.63
2016-06-19 02:40:00,12.582
2016-06-19 02:50:00,12.509
2016-06-19 03:00:00,12.461
2016-06-19 03:10:00,12.437
2016-06-19 03:20:00,12.389
2016-06-19 03:30:00,12.34
2016-06-19 03:40:00,12.316
2016-06-19 03:50:00,12.292
2016-06-19 04:00:00,12.292
2016-06-19 04:10:00,12.34
2016-06-19 04:20:00,12.364
2016-06-19 04:30:00,12.364
2016-06-19 04:40:00,12.389
2016-06-19 04:50:00,12.413
2016-06-19 05:00:00,12.437
2016-06-19 05:10:00,12.389
2016-06-19 05:20:00,12.389
2016-06-19 05:30:00,12.364
2016-06-19 05:40:00,12.389
2016-06-19 05:50:00,12.389
2016-06-19 06:00:00,12.364
2016-06-19 06:10:00,12.389
2016-06-19 06:20:00,12.364
2016-06-19 06:30:00,12.34
2016-06-19 06:40:00,12.316
2016-06-19 06:50:00,12.292
2016-06-19 07:00:00,12.268
2016-06-19 07:10:00,12.364
2016-06-19 07:20:00,12.461
2016-06-19 07:30:00,12.534
2016-06-19 07:40:00,12.147
2016-06-19 07:50:00,12.292
2016-06-19 08:00:00,11.904
2016-06-19 08:10:00,11.71
2016-06-19 08:20:00,11.346
2016-06-19 08:30:00,11.2
2016-06-19 08:40:00,11.053
2016-06-19 08:50:00,10.907
2016-06-19 09:00:00,10.761
2016-06-19 09:10:00,10.663
2016-06-19 09:20:00,10.467
2016-06-19 09:30:00,10.394
2016-06-19 09:40:00,10.394
2016-06-19 09:50:00,10.198
2016-06-19 10:00:00,10.075
2016-06-19 10:10:00,9.977
2016-06-19 10:20:00,9.977
2016-06-19 10:30:00,9.952
2016-06-19 10:40:00,9.977
2016-06-19 10:50:00,9.977
2016-06-19 11:00:00,9.952
2016-06-19 11:10:00,9.879
2016-06-19 11:20:00,9.903
2016-06-19 11:30:00,9.928
2016-06-19 11:40:00,9.903
2016-06-19 11:50:00,9.928
2016-06-19 12:00:00,9.928
2016-06-19 12:10:00,9.78
2016-06-19 12:20:00,9.583
2016-06-19 12:30:00,9.485
2016-06-19 12:40:00,9.336
2016-06-19 12:50:00,9.287
2016-06-19 13:00:00,9.262
2016-06-19 13:10:00,9.262
2016-06-19 13:20:00,9.287
2016-06-19 13:30:00,9.41
2016-06-19 13:40:00,9.534
2016-06-19 13:50:00,9.682
2016-06-19 14:00:00,9.952
2016-06-19 14:10:00,10.198
2016-06-19 14:20:00,11.492
2016-06-19 14:30:00,12.751
2016-06-19 14:40:00,13.954
2016-06-19 14:50:00,15.103
2016-06-19 15:00:00,15.963
2016-06-19 15:10:00,16.487
2016-06-19 15:20:00,17.177
2016-06-19 15:30:00,18.105
2016-06-19 15:40:00,18.771
2016-06-19 15:50:00,18.794
2016-06-19 16:00:00,18.176
2016-06-19 16:10:00,16.058
2016-06-19 16:20:00,14.721
2016-06-19 16:30:00,14.29
2016-06-19 16:40:00,14.361
2016-06-19 16:50:00,14.146
2016-06-19 17:00:00,14.314
2016-06-19 17:10:00,14.218
2016-06-19 17:20:00,14.146
2016-06-19 17:30:00,14.29
2016-06-19 17:40:00,14.146
2016-06-19 17:50:00,14.17
2016-06-19 18:00:00,13.954
2016-06-19 18:10:00,14.026
2016-06-19 18:20:00,14.002
2016-06-19 18:30:00,14.026
2016-06-19 18:40:00,13.93
2016-06-19 18:50:00,14.266
2016-06-19 19:00:00,14.314
2016-06-19 19:10:00,14.146
2016-06-19 19:20:00,14.242
2016-06-19 19:30:00,15.008
2016-06-19 19:40:00,15.294
2016-06-19 19:50:00,15.055
2016-06-19 20:00:00,15.079
2016-06-19 20:10:00,15.485
2016-06-19 20:20:00,17.796
2016-06-19 20:30:00,17.51
2016-06-19 20:40:00,19.294
2016-06-19 20:50:00,18.39
2016-06-19 21:00:00,19.746
2016-06-19 21:10:00,21.103
2016-06-19 21:20:00,21.127
2016-06-19 21:30:00,22.345
2016-06-19 21:40:00,23.328
2016-06-19 21:50:00,23.352
2016-06-19 22:00:00,24.388
2016-06-19 22:10:00,25.016
2016-06-19 22:20:00,25.598
2016-06-19 22:30:00,26.426
2016-06-19 22:40:00,26.304
2016-06-19 22:50:00,26.304
2016-06-19 23:00:00,25.841
2016-06-19 23:10:00,26.182
2016-06-19 23:20:00,23.4
2016-06-19 23:30:00,22.633
2016-06-19 23:40:00,22.321
2016-06-19 23:50:00,22.154
2016-06-20 00:00:00,22.657
2016-06-20 00:10:00,19.365
2016-06-20 00:20:00,17.463
2016-06-20 00:30:00,16.463
2016-06-20 00:40:00,15.581
2016-06-20 00:50:00,14.601
2016-06-20 01:00:00,13.882
2016-06-20 01:10:00,13.69
2016-06-20 01:20:00,13.522
2016-06-20 01:30:00,13.353
2016-06-20 01:40:00,13.257
2016-06-20 01:50:00,13.185
2016-06-20 02:00:00,13.064
2016-06-20 02:10:00,12.944
2016-06-20 02:20:00,12.896
2016-06-20 02:30:00,12.823
2016-06-20 02:40:00,12.775
2016-06-20 02:50:00,12.727
2016-06-20 03:00:00,12.678
2016-06-20 03:10:00,12.654
2016-06-20 03:20:00,12.63
2016-06-20 03:30:00,12.63
2016-06-20 03:40:00,12.606
2016-06-20 03:50:00,12.654
2016-06-20 04:00:00,12.678
2016-06-20 04:10:00,12.654
2016-06-20 04:20:00,12.63
2016-06-20 04:30:00,12.582
2016-06-20 04:40:00,12.582
2016-06-20 04:50:00,12.558
2016-06-20 05:00:00,12.558
2016-06-20 05:10:00,12.534
2016-06-20 05:20:00,12.534
2016-06-20 05:30:00,12.509
2016-06-20 05:40:00,12.558
2016-06-20 05:50:00,12.534
2016-06-20 06:00:00,12.534
2016-06-20 06:10:00,12.509
2016-06-20 06:20:00,12.485
2016-06-20 06:30:00,12.485
2016-06-20 06:40:00,12.485
2016-06-20 06:50:00,12.558
2016-06-20 07:00:00,12.654
2016-06-20 07:10:00,12.775
2016-06-20 07:20:00,12.847
2016-06-20 07:30:00,12.871
2016-06-20 07:40:00,12.847
2016-06-20 07:50:00,12.823
2016-06-20 08:00:00,12.799
2016-06-20 08:10:00,12.727
2016-06-20 08:20:00,12.727
2016-06-20 08:30:00,12.582
2016-06-20 08:40:00,12.243
2016-06-20 08:50:00,12.074
2016-06-20 09:00:00,11.88
2016-06-20 09:10:00,11.637
2016-06-20 09:20:00,11.467
2016-06-20 09:30:00,11.37
2016-06-20 09:40:00,11.248
2016-06-20 09:50:00,11.127
2016-06-20 10:00:00,11.005
2016-06-20 10:10:00,10.883
2016-06-20 10:20:00,10.834
2016-06-20 10:30:00,10.712
2016-06-20 10:40:00,10.516
2016-06-20 10:50:00,10.394
2016-06-20 11:00:00,10.296
2016-06-20 11:10:00,10.198
2016-06-20 11:20:00,10.149
2016-06-20 11:30:00,10.026
2016-06-20 11:40:00,9.952
2016-06-20 11:50:00,9.952
2016-06-20 12:00:00,9.879
2016-06-20 12:10:00,9.829
2016-06-20 12:20:00,9.756
2016-06-20 12:30:00,9.682
2016-06-20 12:40:00,9.657
2016-06-20 12:50:00,9.558
2016-06-20 13:00:00,9.657
2016-06-20 13:10:00,9.78
2016-06-20 13:20:00,9.879
2016-06-20 13:30:00,10.026
2016-06-20 13:40:00,10.173
2016-06-20 13:50:00,10.394
2016-06-20 14:00:00,10.59
2016-06-20 14:10:00,10.834
2016-06-20 14:20:00,11.71
2016-06-20 14:30:00,12.654
2016-06-20 14:40:00,13.473
2016-06-20 14:50:00,14.242
2016-06-20 15:00:00,14.984
2016-06-20 15:10:00,15.581
2016-06-20 15:20:00,16.225
2016-06-20 15:30:00,16.987
2016-06-20 15:40:00,17.486
2016-06-20 15:50:00,17.819
2016-06-20 16:00:00,17.463
2016-06-20 16:10:00,17.772
2016-06-20 16:20:00,16.868
2016-06-20 16:30:00,17.249
2016-06-20 16:40:00,16.272
2016-06-20 16:50:00,15.342
2016-06-20 17:00:00,13.618
2016-06-20 17:10:00,14.314
2016-06-20 17:20:00,14.649
2016-06-20 17:30:00,14.266
2016-06-20 17:40:00,14.026
2016-06-20 17:50:00,13.858
2016-06-20 18:00:00,13.906
2016-06-20 18:10:00,13.714
2016-06-20 18:20:00,13.594
2016-06-20 18:30:00,13.642
2016-06-20 18:40:00,13.69
2016-06-20 18:50:00,13.714
2016-06-20 19:00:00,13.786
2016-06-20 19:10:00,13.93
2016-06-20 19:20:00,13.954
2016-06-20 19:30:00,13.954
2016-06-20 19:40:00,14.074
2016-06-20 19:50:00,14.002
2016-06-20 20:00:00,14.074
2016-06-20 20:10:00,13.978
2016-06-20 20:20:00,14.026
2016-06-20 20:30:00,13.978
2016-06-20 20:40:00,14.002
2016-06-20 20:50:00,14.098
2016-06-20 21:00:00,14.721
2016-06-20 21:10:00,14.673
2016-06-20 21:20:00,15.031
2016-06-20 21:30:00,15.819
2016-06-20 21:40:00,18.081
2016-06-20 21:50:00,15.796
2016-06-20 22:00:00,16.368
2016-06-20 22:10:00,17.177
2016-06-20 22:20:00,17.13
2016-06-20 22:30:00,18.533
2016-06-20 22:40:00,19.08
2016-06-20 22:50:00,18.842
2016-06-20 23:00:00,19.674
2016-06-20 23:10:00,20.198
2016-06-20 23:20:00,20.603
2016-06-20 23:30:00,20.46
2016-06-20 23:40:00,20.031
2016-06-20 23:50:00,18.557
2016-06-21 00:00:00,17.986
2016-06-21 00:10:00,18.343
2016-06-21 00:20:00,18.485
2016-06-21 00:30:00,16.939
2016-06-21 00:40:00,15.533
2016-06-21 00:50:00,14.697
2016-06-21 01:00:00,14.314
2016-06-21 01:10:00,13.834
2016-06-21 01:20:00,13.666
2016-06-21 01:30:00,13.401
2016-06-21 01:40:00,13.209
2016-06-21 01:50:00,13.112
2016-06-21 02:00:00,12.92
2016-06-21 02:10:00,12.775
2016-06-21 02:20:00,12.678
2016-06-21 02:30:00,12.606
2016-06-21 02:40:00,12.534
2016-06-21 02:50:00,12.509
2016-06-21 03:00:00,12.582
2016-06-21 03:10:00,12.534
2016-06-21 03:20:00,12.485
2016-06-21 03:30:00,12.389
2016-06-21 03:40:00,12.364
2016-06-21 03:50:00,12.413
2016-06-21 04:00:00,12.389
2016-06-21 04:10:00,12.485
2016-06-21 04:20:00,12.534
2016-06-21 04:30:00,12.534
2016-06-21 04:40:00,12.558
2016-06-21 04:50:00,12.558
2016-06-21 05:00:00,12.534
2016-06-21 05:10:00,12.509
2016-06-21 05:20:00,12.461
2016-06-21 05:30:00,12.461
2016-06-21 05:40:00,12.413
2016-06-21 05:50:00,12.413
2016-06-21 06:00:00,12.389
2016-06-21 06:10:00,12.364
2016-06-21 06:20:00,12.389
2016-06-21 06:30:00,12.413
2016-06-21 06:40:00,12.437
2016-06-21 06:50:00,12.437
2016-06-21 07:00:00,12.437
2016-06-21 07:10:00,12.437
2016-06-21 07:20:00,12.437
2016-06-21 07:30:00,12.437
2016-06-21 07:40:00,12.437
2016-06-21 07:50:00,12.437
2016-06-21 08:00:00,12.437
2016-06-21 08:10:00,12.461
2016-06-21 08:20:00,12.461
2016-06-21 08:30:00,12.461
2016-06-21 08:40:00,12.437
2016-06-21 08:50:00,12.389
2016-06-21 09:00:00,12.292
2016-06-21 09:10:00,11.977
2016-06-21 09:20:00,11.88
2016-06-21 09:30:00,11.662
2016-06-21 09:40:00,11.467
2016-06-21 09:50:00,11.102
2016-06-21 10:00:00,10.883
2016-06-21 10:10:00,10.834
2016-06-21 10:20:00,10.785
2016-06-21 10:30:00,10.687
2016-06-21 10:40:00,10.492
2016-06-21 10:50:00,10.345
2016-06-21 11:00:00,10.247
2016-06-21 11:10:00,10.198
2016-06-21 11:20:00,10.173
2016-06-21 11:30:00,10.1
2016-06-21 11:40:00,10.051
2016-06-21 11:50:00,9.903
2016-06-21 12:00:00,10.001
2016-06-21 12:10:00,10.1
2016-06-21 12:20:00,10.296
2016-06-21 12:30:00,10.369
2016-06-21 12:40:00,10.394
2016-06-21 12:50:00,10.418
2016-06-21 13:00:00,10.443
2016-06-21 13:10:00,10.467
2016-06-21 13:20:00,10.516
2016-06-21 13:30:00,10.59
2016-06-21 13:40:00,10.785
2016-06-21 13:50:00,11.005
2016-06-21 14:00:00,11.248
2016-06-21 14:10:00,11.492
2016-06-21 14:20:00,12.413
2016-06-21 14:30:00,13.377
2016-06-21 14:40:00,14.194
2016-06-21 14:50:00,15.008
2016-06-21 15:00:00,15.986
2016-06-21 15:10:00,17.034
2016-06-21 15:20:00,18.01
2016-06-21 15:30:00,18.961
2016-06-21 15:40:00,20.126
2016-06-21 15:50:00,21.509
2016-06-21 16:00:00,22.776
2016-06-21 16:10:00,23.472
2016-06-21 16:20:00,23.617
2016-06-21 16:30:00,23.761
2016-06-21 16:40:00,22.872
2016-06-21 16:50:00,21.939
2016-06-21 17:00:00,19.865
2016-06-21 17:10:00,16.773
2016-06-21 17:20:00,15.796
2016-06-21 17:30:00,15.414
2016-06-21 17:40:00,14.84
2016-06-21 17:50:00,14.84
2016-06-21 18:00:00,14.433
2016-06-21 18:10:00,14.17
2016-06-21 18:20:00,14.433
2016-06-21 18:30:00,14.242
2016-06-21 18:40:00,14.29
2016-06-21 18:50:00,14.194
2016-06-21 19:00:00,14.002
2016-06-21 19:10:00,14.002
2016-06-21 19:20:00,14.026
2016-06-21 19:30:00,14.05
2016-06-21 19:40:00,14.074
2016-06-21 19:50:00,14.122
2016-06-21 20:00:00,14.218
2016-06-21 20:10:00,14.29
2016-06-21 20:20:00,14.314
2016-06-21 20:30:00,14.194
2016-06-21 20:40:00,14.17
2016-06-21 20:50:00,14.146
2016-06-21 21:00:00,14.074
2016-06-21 21:10:00,14.218
2016-06-21 21:20:00,14.242
2016-06-21 21:30:00,14.337
2016-06-21 21:40:00,14.505
2016-06-21 21:50:00,14.649
2016-06-21 22:00:00,14.409
2016-06-21 22:10:00,14.529
2016-06-21 22:20:00,15.079
2016-06-21 22:30:00,14.816
2016-06-21 22:40:00,16.487
2016-06-21 22:50:00,17.177
2016-06-21 23:00:00,16.439
2016-06-21 23:10:00,15.748
2016-06-21 23:20:00,15.581
2016-06-21 23:30:00,16.392
2016-06-21 23:40:00,17.011
2016-06-21 23:50:00,15.605
2016-06-22 00:00:00,16.439
2016-06-22 00:10:00,16.487
2016-06-22 00:20:00,16.082
2016-06-22 00:30:00,16.606
2016-06-22 00:40:00,15.438
2016-06-22 00:50:00,15.342
2016-06-22 01:00:00,14.266
2016-06-22 01:10:00,14.242
2016-06-22 01:20:00,13.546
2016-06-22 01:30:00,13.112
2016-06-22 01:40:00,12.871
2016-06-22 01:50:00,12.678
2016-06-22 02:00:00,12.606
2016-06-22 02:10:00,12.534
2016-06-22 02:20:00,12.485
2016-06-22 02:30:00,12.558
2016-06-22 02:40:00,12.703
2016-06-22 02:50:00,12.847
2016-06-22 03:00:00,12.944
2016-06-22 03:10:00,13.04
2016-06-22 03:20:00,13.112
2016-06-22 03:30:00,13.185
2016-06-22 03:40:00,13.281
2016-06-22 03:50:00,13.281
2016-06-22 04:00:00,13.305
2016-06-22 04:10:00,13.401
2016-06-22 04:20:00,13.473
2016-06-22 04:30:00,13.546
2016-06-22 04:40:00,13.618
2016-06-22 04:50:00,13.666
2016-06-22 05:00:00,13.69
2016-06-22 05:10:00,13.714
2016-06-22 05:20:00,13.714
2016-06-22 05:30:00,13.738
2016-06-22 05:40:00,13.714
2016-06-22 05:50:00,13.714
2016-06-22 06:00:00,13.738
2016-06-22 06:10:00,13.738
2016-06-22 06:20:00,13.714
2016-06-22 06:30:00,13.69
2016-06-22 06:40:00,13.642
2016-06-22 06:50:00,13.618
2016-06-22 07:00:00,13.57
2016-06-22 07:10:00,13.546
2016-06-22 07:20:00,13.497
2016-06-22 07:30:00,13.497
2016-06-22 07:40:00,13.497
2016-06-22 07:50:00,13.497
2016-06-22 08:00:00,13.497
2016-06-22 08:10:00,13.522
2016-06-22 08:20:00,13.522
2016-06-22 08:30:00,13.497
2016-06-22 08:40:00,13.473
2016-06-22 08:50:00,13.425
2016-06-22 09:00:00,13.425
2016-06-22 09:10:00,13.353
2016-06-22 09:20:00,13.329
2016-06-22 09:30:00,13.329
2016-06-22 09:40:00,13.281
2016-06-22 09:50:00,13.04
2016-06-22 10:00:00,12.461
2016-06-22 10:10:00,12.171
2016-06-22 10:20:00,11.929
2016-06-22 10:30:00,11.589
2016-06-22 10:40:00,11.467
2016-06-22 10:50:00,11.175
2016-06-22 11:00:00,10.858
2016-06-22 11:10:00,10.614
2016-06-22 11:20:00,10.443
2016-06-22 11:30:00,10.271
2016-06-22 11:40:00,10.271
2016-06-22 11:50:00,10.124
2016-06-22 12:00:00,10.001
2016-06-22 12:10:00,10.001
2016-06-22 12:20:00,9.805
2016-06-22 12:30:00,9.632
2016-06-22 12:40:00,9.78
2016-06-22 12:50:00,9.854
2016-06-22 13:00:00,9.829
2016-06-22 13:10:00,9.854
2016-06-22 13:20:00,10.051
2016-06-22 13:30:00,10.369
2016-06-22 13:40:00,10.687
2016-06-22 13:50:00,11.078
2016-06-22 14:00:00,11.516
2016-06-22 14:10:00,11.977
2016-06-22 14:20:00,12.413
2016-06-22 14:30:00,12.799
2016-06-22 14:40:00,13.497
2016-06-22 14:50:00,14.409
2016-06-22 15:00:00,14.888
2016-06-22 15:10:00,15.342
2016-06-22 15:20:00,15.963
2016-06-22 15:30:00,16.32
2016-06-22 15:40:00,17.748
2016-06-22 15:50:00,18.794
2016-06-22 16:00:00,19.532
2016-06-22 16:10:00,20.079
2016-06-22 16:20:00,19.651
2016-06-22 16:30:00,18.866
2016-06-22 16:40:00,18.438
2016-06-22 16:50:00,17.439
2016-06-22 17:00:00,15.843
2016-06-22 17:10:00,15.986
2016-06-22 17:20:00,15.724
2016-06-22 17:30:00,14.745
2016-06-22 17:40:00,13.834
2016-06-22 17:50:00,13.618
2016-06-22 18:00:00,13.473
2016-06-22 18:10:00,13.497
2016-06-22 18:20:00,13.594
2016-06-22 18:30:00,13.425
2016-06-22 18:40:00,13.353
2016-06-22 18:50:00,13.473
2016-06-22 19:00:00,13.473
2016-06-22 19:10:00,13.618
2016-06-22 19:20:00,13.666
2016-06-22 19:30:00,13.762
2016-06-22 19:40:00,13.786
2016-06-22 19:50:00,13.906
2016-06-22 20:00:00,13.906
2016-06-22 20:10:00,13.978
2016-06-22 20:20:00,14.05
2016-06-22 20:30:00,13.906
2016-06-22 20:40:00,13.882
2016-06-22 20:50:00,13.906
2016-06-22 21:00:00,13.93
2016-06-22 21:10:00,14.002
2016-06-22 21:20:00,14.002
2016-06-22 21:30:00,14.002
2016-06-22 21:40:00,14.026
2016-06-22 21:50:00,14.026
2016-06-22 22:00:00,14.05
2016-06-22 22:10:00,14.05
2016-06-22 22:20:00,14.074
2016-06-22 22:30:00,14.17
2016-06-22 22:40:00,14.122
2016-06-22 22:50:00,14.194
2016-06-22 23:00:00,14.242
2016-06-22 23:10:00,14.385
2016-06-22 23:20:00,14.385
2016-06-22 23:30:00,14.697
2016-06-22 23:40:00,14.457
2016-06-22 23:50:00,14.457
2016-06-23 00:00:00,14.553
2016-06-23 00:10:00,14.385
2016-06-23 00:20:00,14.385
2016-06-23 00:30:00,14.505
2016-06-23 00:40:00,14.745
2016-06-23 00:50:00,14.433
2016-06-23 01:00:00,14.409
2016-06-23 01:10:00,14.098
2016-06-23 01:20:00,14.074
2016-06-23 01:30:00,13.954
2016-06-23 01:40:00,13.714
2016-06-23 01:50:00,13.618
2016-06-23 02:00:00,13.497
2016-06-23 02:10:00,13.377
2016-06-23 02:20:00,13.305
2016-06-23 02:30:00,13.233
2016-06-23 02:40:00,13.185
2016-06-23 02:50:00,13.088
2016-06-23 03:00:00,13.064
2016-06-23 03:10:00,13.016
2016-06-23 03:20:00,12.968
2016-06-23 03:30:00,12.896
2016-06-23 03:40:00,12.847
2016-06-23 03:50:00,12.847
2016-06-23 04:00:00,12.847
2016-06-23 04:10:00,12.799
2016-06-23 04:20:00,12.775
2016-06-23 04:30:00,12.775
2016-06-23 04:40:00,12.775
2016-06-23 04:50:00,12.751
2016-06-23 05:00:00,12.751
2016-06-23 05:10:00,12.775
2016-06-23 05:20:00,12.799
2016-06-23 05:30:00,12.799
2016-06-23 05:40:00,12.799
2016-06-23 05:50:00,12.799
2016-06-23 06:00:00,12.799
2016-06-23 06:10:00,12.823
2016-06-23 06:20:00,12.823
2016-06-23 06:30:00,12.823
2016-06-23 06:40:00,12.799
2016-06-23 06:50:00,12.799
2016-06-23 07:00:00,12.775
2016-06-23 07:10:00,12.727
2016-06-23 07:20:00,12.703
2016-06-23 07:30:00,12.678
2016-06-23 07:40:00,12.654
2016-06-23 07:50:00,12.606
2016-06-23 08:00:00,12.534
2016-06-23 08:10:00,12.485
2016-06-23 08:20:00,12.413
2016-06-23 08:30:00,12.389
2016-06-23 08:40:00,12.34
2016-06-23 08:50:00,12.316
2016-06-23 09:00:00,12.292
2016-06-23 09:10:00,12.243
2016-06-23 09:20:00,12.195
2016-06-23 09:30:00,12.171
2016-06-23 09:40:00,12.147
2016-06-23 09:50:00,12.098
2016-06-23 10:00:00,12.074
2016-06-23 10:10:00,12.05
2016-06-23 10:20:00,12.05
2016-06-23 10:30:00,12.001
2016-06-23 10:40:00,11.929
2016-06-23 10:50:00,11.904
2016-06-23 11:00:00,11.856
2016-06-23 11:10:00,11.807
2016-06-23 11:20:00,11.807
2016-06-23 11:30:00,11.734
2016-06-23 11:40:00,11.613
2016-06-23 11:50:00,11.589
2016-06-23 12:00:00,11.589
2016-06-23 12:10:00,11.589
2016-06-23 12:20:00,11.565
2016-06-23 12:30:00,11.565
2016-06-23 12:40:00,11.565
2016-06-23 12:50:00,11.54
2016-06-23 13:00:00,11.54
2016-06-23 13:10:00,11.565
2016-06-23 13:20:00,11.637
2016-06-23 13:30:00,11.734
2016-06-23 13:40:00,11.832
2016-06-23 13:50:00,11.88
2016-06-23 14:00:00,12.05
2016-06-23 14:10:00,12.268
2016-06-23 14:20:00,12.727
2016-06-23 14:30:00,13.112
2016-06-23 14:40:00,13.666
2016-06-23 14:50:00,15.223
2016-06-23 15:00:00,16.725
2016-06-23 15:10:00,17.582
2016-06-23 15:20:00,18.366
2016-06-23 15:30:00,19.222
2016-06-23 15:40:00,19.817
2016-06-23 15:50:00,20.388
2016-06-23 16:00:00,20.436
2016-06-23 16:10:00,21.318
2016-06-23 16:20:00,22.968
2016-06-23 16:30:00,24.46
2016-06-23 16:40:00,25.234
2016-06-23 16:50:00,25.089
2016-06-23 17:00:00,25.307
2016-06-23 17:10:00,24.532
2016-06-23 17:20:00,22.824
2016-06-23 17:30:00,22.681
2016-06-23 17:40:00,22.753
2016-06-23 17:50:00,18.58
2016-06-23 18:00:00,19.032
2016-06-23 18:10:00,15.342
2016-06-23 18:20:00,15.055
2016-06-23 18:30:00,14.361
2016-06-23 18:40:00,14.361
2016-06-23 18:50:00,14.002
2016-06-23 19:00:00,13.882
2016-06-23 19:10:00,13.714
2016-06-23 19:20:00,13.858
2016-06-23 19:30:00,13.762
2016-06-23 19:40:00,13.69
2016-06-23 19:50:00,13.738
2016-06-23 20:00:00,13.69
2016-06-23 20:10:00,13.642
2016-06-23 20:20:00,13.69
2016-06-23 20:30:00,13.618
2016-06-23 20:40:00,13.642
2016-06-23 20:50:00,13.642
2016-06-23 21:00:00,13.642
2016-06-23 21:10:00,13.618
2016-06-23 21:20:00,13.57
2016-06-23 21:30:00,13.497
2016-06-23 21:40:00,13.449
2016-06-23 21:50:00,13.425
2016-06-23 22:00:00,13.377
2016-06-23 22:10:00,13.401
2016-06-23 22:20:00,13.209
2016-06-23 22:30:00,13.257
2016-06-23 22:40:00,13.209
2016-06-23 22:50:00,13.209
2016-06-23 23:00:00,13.329
2016-06-23 23:10:00,13.522
2016-06-23 23:20:00,13.594
2016-06-23 23:30:00,13.642
2016-06-23 23:40:00,13.618
2016-06-23 23:50:00,13.642
2016-06-24 00:00:00,13.594
2016-06-24 00:10:00,13.69
2016-06-24 00:20:00,13.738
2016-06-24 00:30:00,13.882
2016-06-24 00:40:00,13.834
2016-06-24 00:50:00,14.146
2016-06-24 01:00:00,14.098
2016-06-24 01:10:00,14.05
2016-06-24 01:20:00,13.762
2016-06-24 01:30:00,13.425
2016-06-24 01:40:00,13.401
2016-06-24 01:50:00,13.353
2016-06-24 02:00:00,13.185
2016-06-24 02:10:00,13.064
2016-06-24 02:20:00,13.209
2016-06-24 02:30:00,12.992
2016-06-24 02:40:00,12.92
2016-06-24 02:50:00,12.847
2016-06-24 03:00:00,12.799
2016-06-24 03:10:00,12.751
2016-06-24 03:20:00,12.727
2016-06-24 03:30:00,12.678
2016-06-24 03:40:00,12.654
2016-06-24 03:50:00,12.63
2016-06-24 04:00:00,12.63
2016-06-24 04:10:00,12.63
2016-06-24 04:20:00,12.606
2016-06-24 04:30:00,12.606
2016-06-24 04:40:00,12.654
2016-06-24 04:50:00,12.654
2016-06-24 05:00:00,12.63
2016-06-24 05:10:00,12.63
2016-06-24 05:20:00,12.63
2016-06-24 05:30:00,12.654
2016-06-24 05:40:00,12.678
2016-06-24 05:50:00,12.703
2016-06-24 06:00:00,12.727
2016-06-24 06:10:00,12.727
2016-06-24 06:20:00,12.751
2016-06-24 06:30:00,12.751
2016-06-24 06:40:00,12.751
2016-06-24 06:50:00,12.751
2016-06-24 07:00:00,12.751
2016-06-24 07:10:00,12.727
2016-06-24 07:20:00,12.727
2016-06-24 07:30:00,12.727
2016-06-24 07:40:00,12.727
2016-06-24 07:50:00,12.727
2016-06-24 08:00:00,12.727
2016-06-24 08:10:00,12.727
2016-06-24 08:20:00,12.727
2016-06-24 08:30:00,12.727
2016-06-24 08:40:00,12.727
2016-06-24 08:50:00,12.727
2016-06-24 09:00:00,12.727
2016-06-24 09:10:00,12.703
2016-06-24 09:20:00,12.654
2016-06-24 09:30:00,12.63
2016-06-24 09:40:00,12.582
2016-06-24 09:50:00,12.534
2016-06-24 10:00:00,12.534
2016-06-24 10:10:00,12.534
2016-06-24 10:20:00,12.509
2016-06-24 10:30:00,12.461
2016-06-24 10:40:00,12.437
2016-06-24 10:50:00,12.389
2016-06-24 11:00:00,12.34
2016-06-24 11:10:00,12.219
2016-06-24 11:20:00,12.122
2016-06-24 11:30:00,11.904
2016-06-24 11:40:00,11.807
2016-06-24 11:50:00,11.759
2016-06-24 12:00:00,11.759
2016-06-24 12:10:00,11.686
2016-06-24 12:20:00,11.565
2016-06-24 12:30:00,11.419
2016-06-24 12:40:00,11.273
2016-06-24 12:50:00,10.98
2016-06-24 13:00:00,10.858
2016-06-24 13:10:00,11.029
2016-06-24 13:20:00,11.346
2016-06-24 13:30:00,11.589
2016-06-24 13:40:00,11.686
2016-06-24 13:50:00,11.807
2016-06-24 14:00:00,11.929
2016-06-24 14:10:00,12.098
2016-06-24 14:20:00,12.195
2016-06-24 14:30:00,12.316
2016-06-24 14:40:00,12.606
2016-06-24 14:50:00,12.847
2016-06-24 15:00:00,13.04
2016-06-24 15:10:00,13.329
2016-06-24 15:20:00,13.497
2016-06-24 15:30:00,14.146
2016-06-24 15:40:00,14.984
2016-06-24 15:50:00,14.936
2016-06-24 16:00:00,15.175
2016-06-24 16:10:00,16.249
2016-06-24 16:20:00,17.534
2016-06-24 16:30:00,17.843
2016-06-24 16:40:00,18.699
2016-06-24 16:50:00,19.341
2016-06-24 17:00:00,19.365
2016-06-24 17:10:00,19.103
2016-06-24 17:20:00,19.579
2016-06-24 17:30:00,20.674
2016-06-24 17:40:00,20.984
2016-06-24 17:50:00,20.031
2016-06-24 18:00:00,19.127
2016-06-24 18:10:00,18.057
2016-06-24 18:20:00,18.366
2016-06-24 18:30:00,16.868
2016-06-24 18:40:00,16.63
2016-06-24 18:50:00,14.553
2016-06-24 19:00:00,14.218
2016-06-24 19:10:00,13.642
2016-06-24 19:20:00,13.618
2016-06-24 19:30:00,13.425
2016-06-24 19:40:00,13.425
2016-06-24 19:50:00,13.329
2016-06-24 20:00:00,13.353
2016-06-24 20:10:00,13.209
2016-06-24 20:20:00,13.209
2016-06-24 20:30:00,13.233
2016-06-24 20:40:00,13.257
2016-06-24 20:50:00,13.257
2016-06-24 21:00:00,13.281
2016-06-24 21:10:00,13.209
2016-06-24 21:20:00,13.209
2016-06-24 21:30:00,13.257
2016-06-24 21:40:00,13.233
2016-06-24 21:50:00,13.257
2016-06-24 22:00:00,13.281
2016-06-24 22:10:00,13.281
2016-06-24 22:20:00,13.281
2016-06-24 22:30:00,13.257
2016-06-24 22:40:00,13.257
2016-06-24 22:50:00,13.185
2016-06-24 23:00:00,13.233
2016-06-24 23:10:00,13.257
2016-06-24 23:20:00,13.257
2016-06-24 23:30:00,13.112
2016-06-24 23:40:00,13.112
2016-06-24 23:50:00,13.112
2016-06-25 00:00:00,13.137
2016-06-25 00:10:00,13.112
2016-06-25 00:20:00,13.088
2016-06-25 00:30:00,13.185
2016-06-25 00:40:00,13.088
2016-06-25 00:50:00,13.137
2016-06-25 01:00:00,13.161
2016-06-25 01:10:00,13.209
2016-06-25 01:20:00,13.257
2016-06-25 01:30:00,13.401
2016-06-25 01:40:00,13.401
2016-06-25 01:50:00,13.449
2016-06-25 02:00:00,13.618
2016-06-25 02:10:00,13.281
2016-06-25 02:20:00,13.257
2016-06-25 02:30:00,13.016
2016-06-25 02:40:00,12.92
2016-06-25 02:50:00,12.799
2016-06-25 03:00:00,12.727
2016-06-25 03:10:00,12.678
2016-06-25 03:20:00,12.654
2016-06-25 03:30:00,12.606
2016-06-25 03:40:00,12.582
2016-06-25 03:50:00,12.534
2016-06-25 04:00:00,12.509
2016-06-25 04:10:00,12.485
2016-06-25 04:20:00,12.461
2016-06-25 04:30:00,12.437
2016-06-25 04:40:00,12.413
2016-06-25 04:50:00,12.413
2016-06-25 05:00:00,12.413
2016-06-25 05:10:00,12.364
2016-06-25 05:20:00,12.34
2016-06-25 05:30:00,12.292
2016-06-25 05:40:00,12.268
2016-06-25 05:50:00,12.243
2016-06-25 06:00:00,12.219
2016-06-25 06:10:00,12.195
2016-06-25 06:20:00,12.171
2016-06-25 06:30:00,12.171
2016-06-25 06:40:00,12.147
2016-06-25 06:50:00,12.147
2016-06-25 07:00:00,12.122
2016-06-25 07:10:00,12.098
2016-06-25 07:20:00,12.098
2016-06-25 07:30:00,12.05
2016-06-25 07:40:00,12.05
2016-06-25 07:50:00,12.025
2016-06-25 08:00:00,12.001
2016-06-25 08:10:00,11.953
2016-06-25 08:20:00,11.929
2016-06-25 08:30:00,11.904
2016-06-25 08:40:00,11.856
2016-06-25 08:50:00,11.807
2016-06-25 09:00:00,11.807
2016-06-25 09:10:00,11.807
2016-06-25 09:20:00,11.759
2016-06-25 09:30:00,11.759
2016-06-25 09:40:00,11.71
2016-06-25 09:50:00,11.71
2016-06-25 10:00:00,11.686
2016-06-25 10:10:00,11.662
2016-06-25 10:20:00,11.662
2016-06-25 10:30:00,11.637
2016-06-25 10:40:00,11.637
2016-06-25 10:50:00,11.637
2016-06-25 11:00:00,11.613
2016-06-25 11:10:00,11.613
2016-06-25 11:20:00,11.589
2016-06-25 11:30:00,11.565
2016-06-25 11:40:00,11.516
2016-06-25 11:50:00,11.467
2016-06-25 12:00:00,11.419
2016-06-25 12:10:00,11.053
2016-06-25 12:20:00,10.785
2016-06-25 12:30:00,10.59
2016-06-25 12:40:00,10.271
2016-06-25 12:50:00,10.051
2016-06-25 13:00:00,9.854
2016-06-25 13:10:00,9.756
2016-06-25 13:20:00,9.534
2016-06-25 13:30:00,9.534
2016-06-25 13:40:00,9.608
2016-06-25 13:50:00,9.706
2016-06-25 14:00:00,9.829
2016-06-25 14:10:00,10.1
2016-06-25 14:20:00,11.151
2016-06-25 14:30:00,12.316
2016-06-25 14:40:00,13.401
2016-06-25 14:50:00,14.242
2016-06-25 15:00:00,14.84
2016-06-25 15:10:00,15.652
2016-06-25 15:20:00,16.32
2016-06-25 15:30:00,17.249
2016-06-25 15:40:00,18.129
2016-06-25 15:50:00,18.866
2016-06-25 16:00:00,19.508
2016-06-25 16:10:00,20.246
2016-06-25 16:20:00,20.722
2016-06-25 16:30:00,21.342
2016-06-25 16:40:00,21.987
2016-06-25 16:50:00,22.417
2016-06-25 17:00:00,22.848
2016-06-25 17:10:00,23.304
2016-06-25 17:20:00,23.857
2016-06-25 17:30:00,24.412
2016-06-25 17:40:00,24.847
2016-06-25 17:50:00,24.363
2016-06-25 18:00:00,24.267
2016-06-25 18:10:00,23.978
2016-06-25 18:20:00,22.848
2016-06-25 18:30:00,21.939
2016-06-25 18:40:00,21.151
2016-06-25 18:50:00,20.174
2016-06-25 19:00:00,18.652
2016-06-25 19:10:00,16.511
2016-06-25 19:20:00,14.745
2016-06-25 19:30:00,14.122
2016-06-25 19:40:00,13.786
2016-06-25 19:50:00,13.281
2016-06-25 20:00:00,13.233
2016-06-25 20:10:00,13.112
2016-06-25 20:20:00,13.112
2016-06-25 20:30:00,13.04
2016-06-25 20:40:00,13.04
2016-06-25 20:50:00,13.016
2016-06-25 21:00:00,13.016
2016-06-25 21:10:00,12.992
2016-06-25 21:20:00,13.016
2016-06-25 21:30:00,13.016
2016-06-25 21:40:00,13.016
2016-06-25 21:50:00,13.04
2016-06-25 22:00:00,13.088
2016-06-25 22:10:00,13.112
2016-06-25 22:20:00,13.112
2016-06-25 22:30:00,13.112
2016-06-25 22:40:00,13.112
2016-06-25 22:50:00,13.137
2016-06-25 23:00:00,13.161
2016-06-25 23:10:00,13.112
2016-06-25 23:20:00,13.137
2016-06-25 23:30:00,13.112
2016-06-25 23:40:00,13.137
2016-06-25 23:50:00,13.185
2016-06-26 00:00:00,13.185
2016-06-26 00:10:00,13.161
2016-06-26 00:20:00,13.161
2016-06-26 00:30:00,13.185
2016-06-26 00:40:00,13.137
2016-06-26 00:50:00,13.137
2016-06-26 01:00:00,13.137
2016-06-26 01:10:00,13.137
2016-06-26 01:20:00,13.161
2016-06-26 01:30:00,13.137
2016-06-26 01:40:00,13.185
2016-06-26 01:50:00,13.112
2016-06-26 02:00:00,13.112
2016-06-26 02:10:00,13.088
2016-06-26 02:20:00,13.064
2016-06-26 02:30:00,13.016
2016-06-26 02:40:00,13.016
2016-06-26 02:50:00,12.992
2016-06-26 03:00:00,12.944
2016-06-26 03:10:00,12.896
2016-06-26 03:20:00,12.896
2016-06-26 03:30:00,12.727
2016-06-26 03:40:00,12.799
2016-06-26 03:50:00,12.823
2016-06-26 04:00:00,12.823
2016-06-26 04:10:00,12.775
2016-06-26 04:20:00,12.775
2016-06-26 04:30:00,12.775
2016-06-26 04:40:00,12.751
2016-06-26 04:50:00,12.727
2016-06-26 05:00:00,12.727
2016-06-26 05:10:00,12.727
2016-06-26 05:20:00,12.727
2016-06-26 05:30:00,12.727
2016-06-26 05:40:00,12.703
2016-06-26 05:50:00,12.703
2016-06-26 06:00:00,12.703
2016-06-26 06:10:00,12.678
2016-06-26 06:20:00,12.678
2016-06-26 06:30:00,12.654
2016-06-26 06:40:00,12.63
2016-06-26 06:50:00,12.63
2016-06-26 07:00:00,12.606
2016-06-26 07:10:00,12.582
2016-06-26 07:20:00,12.582
2016-06-26 07:30:00,12.582
2016-06-26 07:40:00,12.558
2016-06-26 07:50:00,12.534
2016-06-26 08:00:00,12.534
2016-06-26 08:10:00,12.534
2016-06-26 08:20:00,12.485
2016-06-26 08:30:00,12.437
2016-06-26 08:40:00,12.413
2016-06-26 08:50:00,12.389
2016-06-26 09:00:00,12.364
2016-06-26 09:10:00,12.34
2016-06-26 09:20:00,12.316
2016-06-26 09:30:00,12.292
2016-06-26 09:40:00,12.292
2016-06-26 09:50:00,12.268
2016-06-26 10:00:00,12.243
2016-06-26 10:10:00,12.243
2016-06-26 10:20:00,12.219
2016-06-26 10:30:00,12.219
2016-06-26 10:40:00,12.243
2016-06-26 10:50:00,12.219
2016-06-26 11:00:00,12.195
2016-06-26 11:10:00,12.147
2016-06-26 11:20:00,12.122
2016-06-26 11:30:00,12.098
2016-06-26 11:40:00,12.122
2016-06-26 11:50:00,12.098
2016-06-26 12:00:00,12.098
2016-06-26 12:10:00,12.098
2016-06-26 12:20:00,12.05
2016-06-26 12:30:00,12.001
2016-06-26 12:40:00,11.904
2016-06-26 12:50:00,11.832
2016-06-26 13:00:00,11.637
2016-06-26 13:10:00,11.297
2016-06-26 13:20:00,11.005
2016-06-26 13:30:00,11.005
2016-06-26 13:40:00,10.956
2016-06-26 13:50:00,11.127
2016-06-26 14:00:00,11.637
2016-06-26 14:10:00,11.953
2016-06-26 14:20:00,12.219
2016-06-26 14:30:00,12.606
2016-06-26 14:40:00,13.185
2016-06-26 14:50:00,13.69
2016-06-26 15:00:00,14.409
2016-06-26 15:10:00,15.366
2016-06-26 15:20:00,16.296
2016-06-26 15:30:00,17.153
2016-06-26 15:40:00,18.081
2016-06-26 15:50:00,19.151
2016-06-26 16:00:00,19.96
2016-06-26 16:10:00,20.555
2016-06-26 16:20:00,21.151
2016-06-26 16:30:00,21.819
2016-06-26 16:40:00,22.8
2016-06-26 16:50:00,23.424
2016-06-26 17:00:00,23.978
2016-06-26 17:10:00,24.605
2016-06-26 17:20:00,24.944
2016-06-26 17:30:00,25.38
2016-06-26 17:40:00,25.939
2016-06-26 17:50:00,26.451
2016-06-26 18:00:00,27.161
2016-06-26 18:10:00,28.171
2016-06-26 18:20:00,28.891
2016-06-26 18:30:00,28.891
2016-06-26 18:40:00,26.573
2016-06-26 18:50:00,26.182
2016-06-26 19:00:00,26.304
2016-06-26 19:10:00,25.647
2016-06-26 19:20:00,22.393
2016-06-26 19:30:00,16.892
2016-06-26 19:40:00,17.463
2016-06-26 19:50:00,15.843
2016-06-26 20:00:00,14.673
2016-06-26 20:10:00,13.81
2016-06-26 20:20:00,13.738
2016-06-26 20:30:00,13.714
2016-06-26 20:40:00,13.377
2016-06-26 20:50:00,13.257
2016-06-26 21:00:00,13.161
2016-06-26 21:10:00,13.064
2016-06-26 21:20:00,12.944
2016-06-26 21:30:00,12.871
2016-06-26 21:40:00,12.896
2016-06-26 21:50:00,12.799
2016-06-26 22:00:00,12.847
2016-06-26 22:10:00,12.775
2016-06-26 22:20:00,12.727
2016-06-26 22:30:00,12.799
2016-06-26 22:40:00,12.751
2016-06-26 22:50:00,12.703
2016-06-26 23:00:00,12.678
2016-06-26 23:10:00,12.703
2016-06-26 23:20:00,12.799
2016-06-26 23:30:00,12.823
2016-06-26 23:40:00,13.04
2016-06-26 23:50:00,13.064
2016-06-27 00:00:00,13.112
2016-06-27 00:10:00,13.161
2016-06-27 00:20:00,13.185
2016-06-27 00:30:00,13.185
2016-06-27 00:40:00,13.209
2016-06-27 00:50:00,13.233
2016-06-27 01:00:00,13.233
2016-06-27 01:10:00,13.209
2016-06-27 01:20:00,13.185
2016-06-27 01:30:00,13.088
2016-06-27 01:40:00,13.04
2016-06-27 01:50:00,12.992
2016-06-27 02:00:00,12.944
2016-06-27 02:10:00,12.847
2016-06-27 02:20:00,12.775
2016-06-27 02:30:00,12.727
2016-06-27 02:40:00,12.727
2016-06-27 02:50:00,12.678
2016-06-27 03:00:00,12.654
2016-06-27 03:10:00,12.582
2016-06-27 03:20:00,12.534
2016-06-27 03:30:00,12.485
2016-06-27 03:40:00,12.485
2016-06-27 03:50:00,12.389
2016-06-27 04:00:00,12.316
2016-06-27 04:10:00,12.025
2016-06-27 04:20:00,11.71
2016-06-27 04:30:00,11.856
2016-06-27 04:40:00,11.807
2016-06-27 04:50:00,11.734
2016-06-27 05:00:00,11.613
2016-06-27 05:10:00,11.856
2016-06-27 05:20:00,11.953
2016-06-27 05:30:00,11.734
2016-06-27 05:40:00,11.759
2016-06-27 05:50:00,11.589
2016-06-27 06:00:00,11.807
2016-06-27 06:10:00,11.443
2016-06-27 06:20:00,11.565
2016-06-27 06:30:00,11.734
2016-06-27 06:40:00,11.783
2016-06-27 06:50:00,11.734
2016-06-27 07:00:00,11.71
2016-06-27 07:10:00,11.686
2016-06-27 07:20:00,11.662
2016-06-27 07:30:00,11.637
2016-06-27 07:40:00,11.637
2016-06-27 07:50:00,11.637
2016-06-27 08:00:00,11.662
2016-06-27 08:10:00,11.662
2016-06-27 08:20:00,11.662
2016-06-27 08:30:00,11.686
2016-06-27 08:40:00,11.686
2016-06-27 08:50:00,11.71
2016-06-27 09:00:00,11.71
2016-06-27 09:10:00,11.734
2016-06-27 09:20:00,11.734
2016-06-27 09:30:00,11.759
2016-06-27 09:40:00,11.759
2016-06-27 09:50:00,11.759
2016-06-27 10:00:00,11.759
2016-06-27 10:10:00,11.734
2016-06-27 10:20:00,11.734
2016-06-27 10:30:00,11.734
2016-06-27 10:40:00,11.734
2016-06-27 10:50:00,11.734
2016-06-27 11:00:00,11.759
2016-06-27 11:10:00,11.759
2016-06-27 11:20:00,11.783
2016-06-27 11:30:00,11.783
2016-06-27 11:40:00,11.783
2016-06-27 11:50:00,11.783
2016-06-27 12:00:00,11.807
2016-06-27 12:10:00,11.807
2016-06-27 12:20:00,11.832
2016-06-27 12:30:00,11.832
2016-06-27 12:40:00,11.832
2016-06-27 12:50:00,11.832
2016-06-27 13:00:00,11.832
2016-06-27 13:10:00,11.832
2016-06-27 13:20:00,11.832
2016-06-27 13:30:00,11.856
2016-06-27 13:40:00,11.783
2016-06-27 13:50:00,11.686
2016-06-27 14:00:00,11.71
2016-06-27 14:10:00,11.783
2016-06-27 14:20:00,12.413
2016-06-27 14:30:00,12.992
2016-06-27 14:40:00,13.714
2016-06-27 14:50:00,14.433
2016-06-27 15:00:00,15.438
2016-06-27 15:10:00,16.01
2016-06-27 15:20:00,17.296
2016-06-27 15:30:00,18.485
2016-06-27 15:40:00,19.436
2016-06-27 15:50:00,20.579
2016-06-27 16:00:00,21.628
2016-06-27 16:10:00,22.753
2016-06-27 16:20:00,23.954
2016-06-27 16:30:00,25.065
2016-06-27 16:40:00,25.963
2016-06-27 16:50:00,26.598
2016-06-27 17:00:00,27.112
2016-06-27 17:10:00,27.53
2016-06-27 17:20:00,27.875
2016-06-27 17:30:00,28.369
2016-06-27 17:40:00,28.941
2016-06-27 17:50:00,29.29
2016-06-27 18:00:00,28.345
2016-06-27 18:10:00,29.09
2016-06-27 18:20:00,30.041
2016-06-27 18:30:00,30.243
2016-06-27 18:40:00,30.697
2016-06-27 18:50:00,31.357
2016-06-27 19:00:00,31.306
2016-06-27 19:10:00,31.153
2016-06-27 19:20:00,29.991
2016-06-27 19:30:00,28.543
2016-06-27 19:40:00,26.622
2016-06-27 19:50:00,24.171
2016-06-27 20:00:00,22.25
2016-06-27 20:10:00,19.603
2016-06-27 20:20:00,16.201
2016-06-27 20:30:00,14.697
2016-06-27 20:40:00,14.577
2016-06-27 20:50:00,13.882
2016-06-27 21:00:00,13.594
2016-06-27 21:10:00,13.257
2016-06-27 21:20:00,13.161
2016-06-27 21:30:00,13.137
2016-06-27 21:40:00,13.04
2016-06-27 21:50:00,13.04
2016-06-27 22:00:00,13.064
2016-06-27 22:10:00,13.137
2016-06-27 22:20:00,13.209
2016-06-27 22:30:00,13.257
2016-06-27 22:40:00,13.305
2016-06-27 22:50:00,13.305
2016-06-27 23:00:00,13.329
2016-06-27 23:10:00,13.329
2016-06-27 23:20:00,13.305
2016-06-27 23:30:00,13.305
2016-06-27 23:40:00,13.329
2016-06-27 23:50:00,13.329
2016-06-28 00:00:00,13.353
2016-06-28 00:10:00,13.377
2016-06-28 00:20:00,13.401
2016-06-28 00:30:00,13.425
2016-06-28 00:40:00,13.449
2016-06-28 00:50:00,13.449
2016-06-28 01:00:00,13.449
2016-06-28 01:10:00,13.473
2016-06-28 01:20:00,13.449
2016-06-28 01:30:00,13.401
2016-06-28 01:40:00,13.377
2016-06-28 01:50:00,13.377
2016-06-28 02:00:00,13.305
2016-06-28 02:10:00,13.112
2016-06-28 02:20:00,13.088
2016-06-28 02:30:00,13.088
2016-06-28 02:40:00,12.944
2016-06-28 02:50:00,12.896
2016-06-28 03:00:00,12.799
2016-06-28 03:10:00,12.727
2016-06-28 03:20:00,12.678
2016-06-28 03:30:00,12.582
2016-06-28 03:40:00,12.534
2016-06-28 03:50:00,12.485
2016-06-28 04:00:00,12.437
2016-06-28 04:10:00,12.413
2016-06-28 04:20:00,12.292
2016-06-28 04:30:00,12.316
2016-06-28 04:40:00,12.243
2016-06-28 04:50:00,12.122
2016-06-28 05:00:00,11.977
2016-06-28 05:10:00,11.832
2016-06-28 05:20:00,11.759
2016-06-28 05:30:00,11.71
2016-06-28 05:40:00,11.662
2016-06-28 05:50:00,11.565
2016-06-28 06:00:00,11.54
2016-06-28 06:10:00,11.54
2016-06-28 06:20:00,11.54
2016-06-28 06:30:00,11.467
2016-06-28 06:40:00,11.443
2016-06-28 06:50:00,11.516
2016-06-28 07:00:00,11.54
2016-06-28 07:10:00,11.516
2016-06-28 07:20:00,11.467
2016-06-28 07:30:00,11.492
2016-06-28 07:40:00,11.419
2016-06-28 07:50:00,11.394
2016-06-28 08:00:00,11.613
2016-06-28 08:10:00,11.637
2016-06-28 08:20:00,11.662
2016-06-28 08:30:00,11.783
2016-06-28 08:40:00,12.001
2016-06-28 08:50:00,12.461
2016-06-28 09:00:00,12.678
2016-06-28 09:10:00,12.92
2016-06-28 09:20:00,13.064
2016-06-28 09:30:00,13.137
2016-06-28 09:40:00,13.185
2016-06-28 09:50:00,13.209
2016-06-28 10:00:00,13.257
2016-06-28 10:10:00,13.281
2016-06-28 10:20:00,13.281
2016-06-28 10:30:00,13.281
2016-06-28 10:40:00,13.257
2016-06-28 10:50:00,13.233
2016-06-28 11:00:00,13.209
2016-06-28 11:10:00,13.161
2016-06-28 11:20:00,13.112
2016-06-28 11:30:00,13.088
2016-06-28 11:40:00,13.04
2016-06-28 11:50:00,12.992
2016-06-28 12:00:00,12.968
2016-06-28 12:10:00,12.944
2016-06-28 12:20:00,12.92
2016-06-28 12:30:00,12.871
2016-06-28 12:40:00,12.871
2016-06-28 12:50:00,12.847
2016-06-28 13:00:00,12.847
2016-06-28 13:10:00,12.823
2016-06-28 13:20:00,12.823
2016-06-28 13:30:00,12.823
2016-06-28 13:40:00,12.823
2016-06-28 13:50:00,12.823
2016-06-28 14:00:00,12.823
2016-06-28 14:10:00,12.871
2016-06-28 14:20:00,12.92
2016-06-28 14:30:00,13.209
2016-06-28 14:40:00,13.449
2016-06-28 14:50:00,13.882
2016-06-28 15:00:00,13.93
2016-06-28 15:10:00,14.768
2016-06-28 15:20:00,15.652
2016-06-28 15:30:00,16.129
2016-06-28 15:40:00,17.51
2016-06-28 15:50:00,17.13
2016-06-28 16:00:00,17.082
2016-06-28 16:10:00,17.558
2016-06-28 16:20:00,18.937
2016-06-28 16:30:00,19.436
2016-06-28 16:40:00,20.007
2016-06-28 16:50:00,21.509
2016-06-28 17:00:00,23.569
2016-06-28 17:10:00,24.484
2016-06-28 17:20:00,24.098
2016-06-28 17:30:00,24.944
2016-06-28 17:40:00,24.46
2016-06-28 17:50:00,24.581
2016-06-28 18:00:00,26.061
2016-06-28 18:10:00,26.402
2016-06-28 18:20:00,26.965
2016-06-28 18:30:00,27.407
2016-06-28 18:40:00,27.875
2016-06-28 18:50:00,28.543
2016-06-28 19:00:00,29.14
2016-06-28 19:10:00,29.389
2016-06-28 19:20:00,29.54
2016-06-28 19:30:00,29.865
2016-06-28 19:40:00,29.991
2016-06-28 19:50:00,30.343
2016-06-28 20:00:00,28.742
2016-06-28 20:10:00,26.573
2016-06-28 20:20:00,25.574
2016-06-28 20:30:00,22.8
2016-06-28 20:40:00,21.127
2016-06-28 20:50:00,18.509
2016-06-28 21:00:00,17.249
2016-06-28 21:10:00,16.558
2016-06-28 21:20:00,16.249
2016-06-28 21:30:00,15.963
2016-06-28 21:40:00,15.7
2016-06-28 21:50:00,15.533
2016-06-28 22:00:00,15.438
2016-06-28 22:10:00,15.366
2016-06-28 22:20:00,15.342
2016-06-28 22:30:00,15.366
2016-06-28 22:40:00,15.39
2016-06-28 22:50:00,15.39
2016-06-28 23:00:00,15.414
2016-06-28 23:10:00,15.414
2016-06-28 23:20:00,15.485
2016-06-28 23:30:00,15.485
2016-06-28 23:40:00,15.461
2016-06-28 23:50:00,15.461
2016-06-29 00:00:00,15.485
2016-06-29 00:10:00,15.485
2016-06-29 00:20:00,15.485
2016-06-29 00:30:00,15.485
2016-06-29 00:40:00,15.485
2016-06-29 00:50:00,15.485
2016-06-29 01:00:00,15.485
2016-06-29 01:10:00,15.485
2016-06-29 01:20:00,15.485
2016-06-29 01:30:00,15.485
2016-06-29 01:40:00,15.485
2016-06-29 01:50:00,15.485
2016-06-29 02:00:00,15.461
2016-06-29 02:10:00,15.461
2016-06-29 02:20:00,15.438
2016-06-29 02:30:00,15.414
2016-06-29 02:40:00,15.39
2016-06-29 02:50:00,15.366
2016-06-29 03:00:00,15.318
2016-06-29 03:10:00,15.318
2016-06-29 03:20:00,15.27
2016-06-29 03:30:00,15.247
2016-06-29 03:40:00,15.223
2016-06-29 03:50:00,15.223
2016-06-29 04:00:00,15.199
2016-06-29 04:10:00,15.199
2016-06-29 04:20:00,15.175
2016-06-29 04:30:00,15.127
2016-06-29 04:40:00,15.127
2016-06-29 04:50:00,15.103
2016-06-29 05:00:00,15.079
2016-06-29 05:10:00,14.816
2016-06-29 05:20:00,14.888
2016-06-29 05:30:00,14.697
2016-06-29 05:40:00,14.577
2016-06-29 05:50:00,14.337
2016-06-29 06:00:00,14.194
2016-06-29 06:10:00,14.098
2016-06-29 06:20:00,14.002
2016-06-29 06:30:00,13.954
2016-06-29 06:40:00,13.834
2016-06-29 06:50:00,13.81
2016-06-29 07:00:00,13.714
2016-06-29 07:10:00,13.69
2016-06-29 07:20:00,13.618
2016-06-29 07:30:00,13.546
2016-06-29 07:40:00,13.522
2016-06-29 07:50:00,13.449
2016-06-29 08:00:00,13.401
2016-06-29 08:10:00,13.377
2016-06-29 08:20:00,13.425
2016-06-29 08:30:00,13.377
2016-06-29 08:40:00,13.353
2016-06-29 08:50:00,13.377
2016-06-29 09:00:00,13.353
2016-06-29 09:10:00,13.281
2016-06-29 09:20:00,13.305
2016-06-29 09:30:00,13.257
2016-06-29 09:40:00,13.281
2016-06-29 09:50:00,13.257
2016-06-29 10:00:00,13.497
2016-06-29 10:10:00,13.618
2016-06-29 10:20:00,13.594
2016-06-29 10:30:00,13.642
2016-06-29 10:40:00,13.882
2016-06-29 10:50:00,14.242
2016-06-29 11:00:00,14.409
2016-06-29 11:10:00,14.529
2016-06-29 11:20:00,14.553
2016-06-29 11:30:00,14.577
2016-06-29 11:40:00,14.553
2016-06-29 11:50:00,14.601
2016-06-29 12:00:00,14.577
2016-06-29 12:10:00,14.553
2016-06-29 12:20:00,14.529
2016-06-29 12:30:00,14.481
2016-06-29 12:40:00,14.457
2016-06-29 12:50:00,14.433
2016-06-29 13:00:00,14.409
2016-06-29 13:10:00,14.409
2016-06-29 13:20:00,14.409
2016-06-29 13:30:00,14.409
2016-06-29 13:40:00,14.385
2016-06-29 13:50:00,14.385
2016-06-29 14:00:00,14.361
2016-06-29 14:10:00,14.361
2016-06-29 14:20:00,14.361
2016-06-29 14:30:00,14.361
2016-06-29 14:40:00,14.361
2016-06-29 14:50:00,14.361
2016-06-29 15:00:00,14.361
2016-06-29 15:10:00,14.361
2016-06-29 15:20:00,14.385
2016-06-29 15:30:00,14.457
2016-06-29 15:40:00,14.433
2016-06-29 15:50:00,14.433
2016-06-29 16:00:00,14.553
2016-06-29 16:10:00,14.649
2016-06-29 16:20:00,14.673
2016-06-29 16:30:00,15.151
2016-06-29 16:40:00,15.986
2016-06-29 16:50:00,16.272
2016-06-29 17:00:00,16.463
2016-06-29 17:10:00,16.749
2016-06-29 17:20:00,16.987
2016-06-29 17:30:00,17.272
2016-06-29 17:40:00,17.558
2016-06-29 17:50:00,18.081
2016-06-29 18:00:00,19.032
2016-06-29 18:10:00,19.508
2016-06-29 18:20:00,20.412
2016-06-29 18:30:00,20.984
2016-06-29 18:40:00,21.342
2016-06-29 18:50:00,20.674
2016-06-29 19:00:00,20.341
2016-06-29 19:10:00,20.841
2016-06-29 19:20:00,21.676
2016-06-29 19:30:00,21.485
2016-06-29 19:40:00,21.652
2016-06-29 19:50:00,21.795
2016-06-29 20:00:00,21.032
2016-06-29 20:10:00,19.817
2016-06-29 20:20:00,19.651
2016-06-29 20:30:00,19.056
2016-06-29 20:40:00,18.818
2016-06-29 20:50:00,18.604
2016-06-29 21:00:00,18.438
2016-06-29 21:10:00,16.963
2016-06-29 21:20:00,16.487
2016-06-29 21:30:00,16.701
2016-06-29 21:40:00,15.843
2016-06-29 21:50:00,15.438
2016-06-29 22:00:00,15.318
2016-06-29 22:10:00,15.223
2016-06-29 22:20:00,15.079
2016-06-29 22:30:00,15.055
2016-06-29 22:40:00,15.079
2016-06-29 22:50:00,15.008
2016-06-29 23:00:00,15.008
2016-06-29 23:10:00,14.984
2016-06-29 23:20:00,14.984
2016-06-29 23:30:00,14.936
2016-06-29 23:40:00,14.912
2016-06-29 23:50:00,14.912
2016-06-30 00:00:00,14.888
2016-06-30 00:10:00,14.888
2016-06-30 00:20:00,14.864
2016-06-30 00:30:00,14.816
2016-06-30 00:40:00,14.792
2016-06-30 00:50:00,14.745
2016-06-30 01:00:00,14.649
2016-06-30 01:10:00,14.625
2016-06-30 01:20:00,14.577
2016-06-30 01:30:00,14.505
2016-06-30 01:40:00,14.361
2016-06-30 01:50:00,14.361
2016-06-30 02:00:00,14.314
2016-06-30 02:10:00,14.242
2016-06-30 02:20:00,14.146
2016-06-30 02:30:00,14.098
2016-06-30 02:40:00,14.026
2016-06-30 02:50:00,14.002
2016-06-30 03:00:00,13.978
2016-06-30 03:10:00,13.954
2016-06-30 03:20:00,13.93
2016-06-30 03:30:00,13.906
2016-06-30 03:40:00,13.882
2016-06-30 03:50:00,13.882
2016-06-30 04:00:00,13.858
2016-06-30 04:10:00,13.834
2016-06-30 04:20:00,13.81
2016-06-30 04:30:00,13.81
2016-06-30 04:40:00,13.786
2016-06-30 04:50:00,13.786
2016-06-30 05:00:00,13.762
2016-06-30 05:10:00,13.738
2016-06-30 05:20:00,13.714
2016-06-30 05:30:00,13.642
2016-06-30 05:40:00,13.642
2016-06-30 05:50:00,13.473
2016-06-30 06:00:00,13.353
2016-06-30 06:10:00,13.161
2016-06-30 06:20:00,13.088
2016-06-30 06:30:00,13.016
2016-06-30 06:40:00,12.944
2016-06-30 06:50:00,12.871
2016-06-30 07:00:00,12.823
2016-06-30 07:10:00,12.775
2016-06-30 07:20:00,12.727
2016-06-30 07:30:00,12.678
2016-06-30 07:40:00,12.63
2016-06-30 07:50:00,12.606
2016-06-30 08:00:00,12.582
2016-06-30 08:10:00,12.534
2016-06-30 08:20:00,12.485
2016-06-30 08:30:00,12.461
2016-06-30 08:40:00,12.413
2016-06-30 08:50:00,12.389
2016-06-30 09:00:00,12.389
2016-06-30 09:10:00,12.389
2016-06-30 09:20:00,12.34
2016-06-30 09:30:00,12.316
2016-06-30 09:40:00,12.292
2016-06-30 09:50:00,12.243
2016-06-30 10:00:00,12.195
2016-06-30 10:10:00,12.171
2016-06-30 10:20:00,12.147
2016-06-30 10:30:00,12.122
2016-06-30 10:40:00,12.098
2016-06-30 10:50:00,12.098
2016-06-30 11:00:00,12.122
2016-06-30 11:10:00,12.098
2016-06-30 11:20:00,12.122
2016-06-30 11:30:00,12.098
2016-06-30 11:40:00,12.171
2016-06-30 11:50:00,12.147
2016-06-30 12:00:00,12.243
2016-06-30 12:10:00,12.437
2016-06-30 12:20:00,12.678
2016-06-30 12:30:00,12.871
2016-06-30 12:40:00,12.992
2016-06-30 12:50:00,13.016
2016-06-30 13:00:00,13.064
2016-06-30 13:10:00,13.064
2016-06-30 13:20:00,13.088
2016-06-30 13:30:00,13.088
2016-06-30 13:40:00,13.088
2016-06-30 13:50:00,13.112
2016-06-30 14:00:00,13.088
2016-06-30 14:10:00,13.088
2016-06-30 14:20:00,13.088
2016-06-30 14:30:00,13.088
2016-06-30 14:40:00,13.064
2016-06-30 14:50:00,13.064
2016-06-30 15:00:00,13.064
2016-06-30 15:10:00,13.064
2016-06-30 15:20:00,13.088
2016-06-30 15:30:00,13.064
2016-06-30 15:40:00,13.064
2016-06-30 15:50:00,13.064
2016-06-30 16:00:00,13.088
2016-06-30 16:10:00,13.088
2016-06-30 16:20:00,13.088
2016-06-30 16:30:00,13.088
2016-06-30 16:40:00,13.112
2016-06-30 16:50:00,13.112
2016-06-30 17:00:00,13.137
2016-06-30 17:10:00,13.112
2016-06-30 17:20:00,13.209
2016-06-30 17:30:00,13.185
2016-06-30 17:40:00,13.329
2016-06-30 17:50:00,13.522
2016-06-30 18:00:00,13.786
2016-06-30 18:10:00,13.954
2016-06-30 18:20:00,14.457
2016-06-30 18:30:00,14.936
2016-06-30 18:40:00,15.27
2016-06-30 18:50:00,15.533
2016-06-30 19:00:00,16.129
2016-06-30 19:10:00,16.844
2016-06-30 19:20:00,17.534
2016-06-30 19:30:00,18.485
2016-06-30 19:40:00,19.341
2016-06-30 19:50:00,19.888
2016-06-30 20:00:00,19.936
2016-06-30 20:10:00,20.603
2016-06-30 20:20:00,21.939
2016-06-30 20:30:00,21.963
2016-06-30 20:40:00,22.393
2016-06-30 20:50:00,22.274
2016-06-30 21:00:00,21.628
2016-06-30 21:10:00,21.127
2016-06-30 21:20:00,19.508
2016-06-30 21:30:00,19.484
2016-06-30 21:40:00,18.081
2016-06-30 21:50:00,17.201
2016-06-30 22:00:00,15.7
2016-06-30 22:10:00,15.055
2016-06-30 22:20:00,14.433
2016-06-30 22:30:00,13.882
2016-06-30 22:40:00,13.618
2016-06-30 22:50:00,13.497
2016-06-30 23:00:00,13.353
2016-06-30 23:10:00,13.257
2016-06-30 23:20:00,13.185
2016-06-30 23:30:00,13.112
2016-06-30 23:40:00,13.064
2016-06-30 23:50:00,13.04
2016-07-01 00:00:00,12.992
2016-07-01 00:10:00,12.944
2016-07-01 00:20:00,12.896
2016-07-01 00:30:00,12.871
2016-07-01 00:40:00,12.847
2016-07-01 00:50:00,12.823
2016-07-01 01:00:00,12.823
2016-07-01 01:10:00,12.823
2016-07-01 01:20:00,12.823
2016-07-01 01:30:00,12.847
2016-07-01 01:40:00,12.847
2016-07-01 01:50:00,12.847
2016-07-01 02:00:00,12.847
2016-07-01 02:10:00,12.871
2016-07-01 02:20:00,12.871
2016-07-01 02:30:00,12.871
2016-07-01 02:40:00,12.847
2016-07-01 02:50:00,12.847
2016-07-01 03:00:00,12.847
2016-07-01 03:10:00,12.823
2016-07-01 03:20:00,12.823
2016-07-01 03:30:00,12.799
2016-07-01 03:40:00,12.799
2016-07-01 03:50:00,12.799
2016-07-01 04:00:00,12.799
2016-07-01 04:10:00,12.775
2016-07-01 04:20:00,12.775
2016-07-01 04:30:00,12.775
2016-07-01 04:40:00,12.775
2016-07-01 04:50:00,12.775
2016-07-01 05:00:00,12.775
2016-07-01 05:10:00,12.751
2016-07-01 05:20:00,12.751
2016-07-01 05:30:00,12.751
2016-07-01 05:40:00,12.727
2016-07-01 05:50:00,12.727
2016-07-01 06:00:00,12.727
2016-07-01 06:10:00,12.727
2016-07-01 06:20:00,12.678
2016-07-01 06:30:00,12.63
2016-07-01 06:40:00,12.558
2016-07-01 06:50:00,12.534
2016-07-01 07:00:00,12.509
2016-07-01 07:10:00,12.485
2016-07-01 07:20:00,12.485
2016-07-01 07:30:00,12.461
2016-07-01 07:40:00,12.437
2016-07-01 07:50:00,12.413
2016-07-01 08:00:00,12.389
2016-07-01 08:10:00,12.364
2016-07-01 08:20:00,12.364
2016-07-01 08:30:00,12.34
2016-07-01 08:40:00,12.316
2016-07-01 08:50:00,12.292
2016-07-01 09:00:00,12.292
2016-07-01 09:10:00,12.292
2016-07-01 09:20:00,12.268
2016-07-01 09:30:00,12.268
2016-07-01 09:40:00,12.268
2016-07-01 09:50:00,12.243
2016-07-01 10:00:00,12.219
2016-07-01 10:10:00,12.219
2016-07-01 10:20:00,12.195
2016-07-01 10:30:00,12.171
2016-07-01 10:40:00,12.147
2016-07-01 10:50:00,12.147
2016-07-01 11:00:00,12.147
2016-07-01 11:10:00,12.147
2016-07-01 11:20:00,12.147
2016-07-01 11:30:00,12.147
2016-07-01 11:40:00,12.147
2016-07-01 11:50:00,12.122
2016-07-01 12:00:00,12.122
2016-07-01 12:10:00,12.122
2016-07-01 12:20:00,12.098
2016-07-01 12:30:00,12.098
2016-07-01 12:40:00,12.098
2016-07-01 12:50:00,12.098
2016-07-01 13:00:00,12.098
2016-07-01 13:10:00,12.074
2016-07-01 13:20:00,12.074
2016-07-01 13:30:00,12.098
2016-07-01 13:40:00,12.098
2016-07-01 13:50:00,12.098
2016-07-01 14:00:00,12.05
2016-07-01 14:10:00,12.05
2016-07-01 14:20:00,12.05
2016-07-01 14:30:00,12.05
2016-07-01 14:40:00,12.074
2016-07-01 14:50:00,12.074
2016-07-01 15:00:00,12.098
2016-07-01 15:10:00,12.147
2016-07-01 15:20:00,12.219
2016-07-01 15:30:00,12.268
2016-07-01 15:40:00,12.292
2016-07-01 15:50:00,12.316
2016-07-01 16:00:00,12.34
2016-07-01 16:10:00,12.34
2016-07-01 16:20:00,12.364
2016-07-01 16:30:00,12.364
2016-07-01 16:40:00,12.389
2016-07-01 16:50:00,12.389
2016-07-01 17:00:00,12.413
2016-07-01 17:10:00,12.413
2016-07-01 17:20:00,12.437
2016-07-01 17:30:00,12.485
2016-07-01 17:40:00,12.509
2016-07-01 17:50:00,12.558
2016-07-01 18:00:00,12.654
2016-07-01 18:10:00,12.678
2016-07-01 18:20:00,12.799
2016-07-01 18:30:00,12.92
2016-07-01 18:40:00,13.401
2016-07-01 18:50:00,13.882
2016-07-01 19:00:00,13.714
2016-07-01 19:10:00,14.84
2016-07-01 19:20:00,15.438
2016-07-01 19:30:00,17.463
2016-07-01 19:40:00,17.915
2016-07-01 19:50:00,18.771
2016-07-01 20:00:00,20.055
2016-07-01 20:10:00,20.96
2016-07-01 20:20:00,21.557
2016-07-01 20:30:00,21.175
2016-07-01 20:40:00,20.627
2016-07-01 20:50:00,20.579
2016-07-01 21:00:00,18.985
2016-07-01 21:10:00,19.056
2016-07-01 21:20:00,19.199
2016-07-01 21:30:00,18.319
2016-07-01 21:40:00,17.938
2016-07-01 21:50:00,17.225
2016-07-01 22:00:00,17.748
2016-07-01 22:10:00,17.153
2016-07-01 22:20:00,16.511
2016-07-01 22:30:00,15.461
2016-07-01 22:40:00,14.601
2016-07-01 22:50:00,14.385
2016-07-01 23:00:00,14.17
2016-07-01 23:10:00,13.858
2016-07-01 23:20:00,13.594
2016-07-01 23:30:00,13.546
2016-07-01 23:40:00,13.425
2016-07-01 23:50:00,13.233
2016-07-02 00:00:00,13.209
2016-07-02 00:10:00,13.161
2016-07-02 00:20:00,13.137
2016-07-02 00:30:00,13.112
2016-07-02 00:40:00,13.088
2016-07-02 00:50:00,13.04
2016-07-02 01:00:00,12.992
2016-07-02 01:10:00,12.92
2016-07-02 01:20:00,12.871
2016-07-02 01:30:00,12.823
2016-07-02 01:40:00,12.751
2016-07-02 01:50:00,12.703
2016-07-02 02:00:00,12.654
2016-07-02 02:10:00,12.63
2016-07-02 02:20:00,12.582
2016-07-02 02:30:00,12.534
2016-07-02 02:40:00,12.485
2016-07-02 02:50:00,12.461
2016-07-02 03:00:00,12.485
2016-07-02 03:10:00,12.413
2016-07-02 03:20:00,12.34
2016-07-02 03:30:00,12.34
2016-07-02 03:40:00,12.34
2016-07-02 03:50:00,12.316
2016-07-02 04:00:00,12.316
2016-07-02 04:10:00,12.292
2016-07-02 04:20:00,12.292
2016-07-02 04:30:00,12.243
2016-07-02 04:40:00,12.219
2016-07-02 04:50:00,12.195
2016-07-02 05:00:00,12.219
2016-07-02 05:10:00,12.171
2016-07-02 05:20:00,12.147
2016-07-02 05:30:00,12.147
2016-07-02 05:40:00,12.122
2016-07-02 05:50:00,12.098
2016-07-02 06:00:00,12.098
2016-07-02 06:10:00,12.05
2016-07-02 06:20:00,12.025
2016-07-02 06:30:00,12.025
2016-07-02 06:40:00,12.025
2016-07-02 06:50:00,12.05
2016-07-02 07:00:00,12.098
2016-07-02 07:10:00,12.147
2016-07-02 07:20:00,12.171
2016-07-02 07:30:00,12.219
2016-07-02 07:40:00,12.219
2016-07-02 07:50:00,12.243
2016-07-02 08:00:00,12.243
2016-07-02 08:10:00,12.243
2016-07-02 08:20:00,12.268
2016-07-02 08:30:00,12.268
2016-07-02 08:40:00,12.292
2016-07-02 08:50:00,12.292
2016-07-02 09:00:00,12.292
2016-07-02 09:10:00,12.316
2016-07-02 09:20:00,12.316
2016-07-02 09:30:00,12.316
2016-07-02 09:40:00,12.34
2016-07-02 09:50:00,12.34
2016-07-02 10:00:00,12.34
2016-07-02 10:10:00,12.34
2016-07-02 10:20:00,12.34
2016-07-02 10:30:00,12.364
2016-07-02 10:40:00,12.364
2016-07-02 10:50:00,12.389
2016-07-02 11:00:00,12.389
2016-07-02 11:10:00,12.389
2016-07-02 11:20:00,12.389
2016-07-02 11:30:00,12.389
2016-07-02 11:40:00,12.389
2016-07-02 11:50:00,12.389
2016-07-02 12:00:00,12.389
2016-07-02 12:10:00,12.413
2016-07-02 12:20:00,12.413
2016-07-02 12:30:00,12.413
2016-07-02 12:40:00,12.437
2016-07-02 12:50:00,12.437
2016-07-02 13:00:00,12.461
2016-07-02 13:10:00,12.485
2016-07-02 13:20:00,12.509
2016-07-02 13:30:00,12.558
2016-07-02 13:40:00,12.63
2016-07-02 13:50:00,12.703
2016-07-02 14:00:00,12.775
2016-07-02 14:10:00,12.799
2016-07-02 14:20:00,12.871
2016-07-02 14:30:00,12.727
2016-07-02 14:40:00,12.558
2016-07-02 14:50:00,12.413
2016-07-02 15:00:00,12.389
2016-07-02 15:10:00,12.364
2016-07-02 15:20:00,12.364
2016-07-02 15:30:00,12.364
2016-07-02 15:40:00,12.34
2016-07-02 15:50:00,12.34
2016-07-02 16:00:00,12.34
2016-07-02 16:10:00,12.389
2016-07-02 16:20:00,12.413
2016-07-02 16:30:00,12.437
2016-07-02 16:40:00,12.292
2016-07-02 16:50:00,12.268
2016-07-02 17:00:00,12.34
2016-07-02 17:10:00,12.389
2016-07-02 17:20:00,12.485
2016-07-02 17:30:00,12.509
2016-07-02 17:40:00,12.485
2016-07-02 17:50:00,12.606
2016-07-02 18:00:00,12.678
2016-07-02 18:10:00,12.727
2016-07-02 18:20:00,12.727
2016-07-02 18:30:00,12.775
2016-07-02 18:40:00,12.799
2016-07-02 18:50:00,12.871
2016-07-02 19:00:00,13.04
2016-07-02 19:10:00,13.209
2016-07-02 19:20:00,13.257
2016-07-02 19:30:00,13.425
2016-07-02 19:40:00,14.337
2016-07-02 19:50:00,14.314
2016-07-02 20:00:00,16.892
2016-07-02 20:10:00,17.867
2016-07-02 20:20:00,19.318
2016-07-02 20:30:00,20.913
2016-07-02 20:40:00,19.96
2016-07-02 20:50:00,21.056
2016-07-02 21:00:00,22.489
2016-07-02 21:10:00,23.569
2016-07-02 21:20:00,24.05
2016-07-02 21:30:00,24.146
2016-07-02 21:40:00,24.702
2016-07-02 21:50:00,24.944
2016-07-02 22:00:00,25.477
2016-07-02 22:10:00,25.21
2016-07-02 22:20:00,25.428
2016-07-02 22:30:00,25.258
2016-07-02 22:40:00,24.629
2016-07-02 22:50:00,23.93
2016-07-02 23:00:00,22.178
2016-07-02 23:10:00,21.819
2016-07-02 23:20:00,17.701
2016-07-02 23:30:00,17.296
2016-07-02 23:40:00,15.414
2016-07-02 23:50:00,14.673
2016-07-03 00:00:00,14.194
2016-07-03 00:10:00,13.858
2016-07-03 00:20:00,13.594
2016-07-03 00:30:00,13.473
2016-07-03 00:40:00,13.377
2016-07-03 00:50:00,13.281
2016-07-03 01:00:00,13.233
2016-07-03 01:10:00,13.161
2016-07-03 01:20:00,13.112
2016-07-03 01:30:00,13.04
2016-07-03 01:40:00,13.016
2016-07-03 01:50:00,13.016
2016-07-03 02:00:00,13.016
2016-07-03 02:10:00,13.04
2016-07-03 02:20:00,13.064
2016-07-03 02:30:00,13.064
2016-07-03 02:40:00,13.088
2016-07-03 02:50:00,13.088
2016-07-03 03:00:00,13.088
2016-07-03 03:10:00,13.088
2016-07-03 03:20:00,13.088
2016-07-03 03:30:00,13.064
2016-07-03 03:40:00,13.064
2016-07-03 03:50:00,13.064
2016-07-03 04:00:00,13.064
2016-07-03 04:10:00,13.04
2016-07-03 04:20:00,13.04
2016-07-03 04:30:00,13.064
2016-07-03 04:40:00,13.088
2016-07-03 04:50:00,13.088
2016-07-03 05:00:00,13.112
2016-07-03 05:10:00,13.112
2016-07-03 05:20:00,13.112
2016-07-03 05:30:00,13.112
2016-07-03 05:40:00,13.088
2016-07-03 05:50:00,13.04
2016-07-03 06:00:00,13.016
2016-07-03 06:10:00,12.968
2016-07-03 06:20:00,12.92
2016-07-03 06:30:00,12.871
2016-07-03 06:40:00,12.847
2016-07-03 06:50:00,12.799
2016-07-03 07:00:00,12.751
2016-07-03 07:10:00,12.727
2016-07-03 07:20:00,12.727
2016-07-03 07:30:00,12.751
2016-07-03 07:40:00,12.775
2016-07-03 07:50:00,12.823
2016-07-03 08:00:00,12.896
2016-07-03 08:10:00,12.968
2016-07-03 08:20:00,13.016
2016-07-03 08:30:00,13.04
2016-07-03 08:40:00,13.064
2016-07-03 08:50:00,13.088
2016-07-03 09:00:00,13.112
2016-07-03 09:10:00,13.112
2016-07-03 09:20:00,13.112
2016-07-03 09:30:00,13.137
2016-07-03 09:40:00,13.185
2016-07-03 09:50:00,13.185
2016-07-03 10:00:00,13.161
2016-07-03 10:10:00,13.161
2016-07-03 10:20:00,13.137
2016-07-03 10:30:00,13.112
2016-07-03 10:40:00,13.088
2016-07-03 10:50:00,13.088
2016-07-03 11:00:00,13.064
2016-07-03 11:10:00,13.064
2016-07-03 11:20:00,13.04
2016-07-03 11:30:00,13.04
2016-07-03 11:40:00,13.064
2016-07-03 11:50:00,13.064
2016-07-03 12:00:00,13.064
2016-07-03 12:10:00,13.088
2016-07-03 12:20:00,13.088
2016-07-03 12:30:00,13.064
2016-07-03 12:40:00,13.04
2016-07-03 12:50:00,13.016
2016-07-03 13:00:00,13.016
2016-07-03 13:10:00,13.016
2016-07-03 13:20:00,13.088
2016-07-03 13:30:00,13.185
2016-07-03 13:40:00,13.281
2016-07-03 13:50:00,13.425
2016-07-03 14:00:00,13.57
2016-07-03 14:10:00,13.762
2016-07-03 14:20:00,14.026
2016-07-03 14:30:00,14.218
2016-07-03 14:40:00,14.481
2016-07-03 14:50:00,14.697
2016-07-03 15:00:00,14.745
2016-07-03 15:10:00,15.008
2016-07-03 15:20:00,15.366
2016-07-03 15:30:00,14.936
2016-07-03 15:40:00,14.481
2016-07-03 15:50:00,13.81
2016-07-03 16:00:00,13.642
2016-07-03 16:10:00,13.762
2016-07-03 16:20:00,14.361
2016-07-03 16:30:00,14.242
2016-07-03 16:40:00,13.786
2016-07-03 16:50:00,14.625
2016-07-03 17:00:00,14.697
2016-07-03 17:10:00,13.666
2016-07-03 17:20:00,13.666
2016-07-03 17:30:00,13.57
2016-07-03 17:40:00,13.497
2016-07-03 17:50:00,13.618
2016-07-03 18:00:00,13.69
2016-07-03 18:10:00,13.762
2016-07-03 18:20:00,13.834
2016-07-03 18:30:00,14.409
2016-07-03 18:40:00,14.768
2016-07-03 18:50:00,14.146
2016-07-03 19:00:00,14.721
2016-07-03 19:10:00,14.912
2016-07-03 19:20:00,14.984
2016-07-03 19:30:00,15.103
2016-07-03 19:40:00,15.031
2016-07-03 19:50:00,15.366
2016-07-03 20:00:00,15.438
2016-07-03 20:10:00,15.867
2016-07-03 20:20:00,17.272
2016-07-03 20:30:00,19.365
2016-07-03 20:40:00,20.77
2016-07-03 20:50:00,22.609
2016-07-03 21:00:00,23.232
2016-07-03 21:10:00,24.436
2016-07-03 21:20:00,25.525
2016-07-03 21:30:00,26.867
2016-07-03 21:40:00,27.751
2016-07-03 21:50:00,27.899
2016-07-03 22:00:00,28.369
2016-07-03 22:10:00,28.965
2016-07-03 22:20:00,29.59
2016-07-03 22:30:00,29.14
2016-07-03 22:40:00,29.49
2016-07-03 22:50:00,29.79
2016-07-03 23:00:00,29.615
2016-07-03 23:10:00,28.916
2016-07-03 23:20:00,28.048
2016-07-03 23:30:00,25.841
2016-07-03 23:40:00,25.914
2016-07-03 23:50:00,24.944
2016-07-04 00:00:00,23.978
2016-07-04 00:10:00,22.561
2016-07-04 00:20:00,21.652
2016-07-04 00:30:00,19.508
2016-07-04 00:40:00,16.701
2016-07-04 00:50:00,15.485
2016-07-04 01:00:00,15.103
2016-07-04 01:10:00,14.649
2016-07-04 01:20:00,14.337
2016-07-04 01:30:00,14.17
2016-07-04 01:40:00,14.05
2016-07-04 01:50:00,14.002
2016-07-04 02:00:00,13.954
2016-07-04 02:10:00,13.906
2016-07-04 02:20:00,13.858
2016-07-04 02:30:00,13.858
2016-07-04 02:40:00,13.81
2016-07-04 02:50:00,13.786
2016-07-04 03:00:00,13.762
2016-07-04 03:10:00,13.762
2016-07-04 03:20:00,13.738
2016-07-04 03:30:00,13.714
2016-07-04 03:40:00,13.714
2016-07-04 03:50:00,13.69
2016-07-04 04:00:00,13.666
2016-07-04 04:10:00,13.666
2016-07-04 04:20:00,13.642
2016-07-04 04:30:00,13.594
2016-07-04 04:40:00,13.57
2016-07-04 04:50:00,13.546
2016-07-04 05:00:00,13.546
2016-07-04 05:10:00,13.57
2016-07-04 05:20:00,13.618
2016-07-04 05:30:00,13.642
2016-07-04 05:40:00,13.666
2016-07-04 05:50:00,13.69
2016-07-04 06:00:00,13.69
2016-07-04 06:10:00,13.69
2016-07-04 06:20:00,13.666
2016-07-04 06:30:00,13.642
2016-07-04 06:40:00,13.618
2016-07-04 06:50:00,13.594
2016-07-04 07:00:00,13.546
2016-07-04 07:10:00,13.522
2016-07-04 07:20:00,13.497
2016-07-04 07:30:00,13.449
2016-07-04 07:40:00,13.401
2016-07-04 07:50:00,13.353
2016-07-04 08:00:00,13.305
2016-07-04 08:10:00,13.233
2016-07-04 08:20:00,12.968
2016-07-04 08:30:00,12.485
2016-07-04 08:40:00,11.953
2016-07-04 08:50:00,11.565
2016-07-04 09:00:00,11.321
2016-07-04 09:10:00,11.151
2016-07-04 09:20:00,11.053
2016-07-04 09:30:00,11.005
2016-07-04 09:40:00,10.858
2016-07-04 09:50:00,10.736
2016-07-04 10:00:00,10.736
2016-07-04 10:10:00,10.712
2016-07-04 10:20:00,10.59
2016-07-04 10:30:00,10.516
2016-07-04 10:40:00,10.394
2016-07-04 10:50:00,10.345
2016-07-04 11:00:00,10.271
2016-07-04 11:10:00,10.541
2016-07-04 11:20:00,10.858
2016-07-04 11:30:00,11.102
2016-07-04 11:40:00,11.321
2016-07-04 11:50:00,11.565
2016-07-04 12:00:00,11.759
2016-07-04 12:10:00,11.904
2016-07-04 12:20:00,12.05
2016-07-04 12:30:00,12.171
2016-07-04 12:40:00,12.219
2016-07-04 12:50:00,12.268
2016-07-04 13:00:00,12.364
2016-07-04 13:10:00,12.389
2016-07-04 13:20:00,12.437
2016-07-04 13:30:00,12.558
2016-07-04 13:40:00,12.727
2016-07-04 13:50:00,12.92
2016-07-04 14:00:00,13.112
2016-07-04 14:10:00,13.281
2016-07-04 14:20:00,13.497
2016-07-04 14:30:00,13.714
2016-07-04 14:40:00,13.978
2016-07-04 14:50:00,14.242
2016-07-04 15:00:00,14.601
2016-07-04 15:10:00,15.008
2016-07-04 15:20:00,15.27
2016-07-04 15:30:00,15.461
2016-07-04 15:40:00,15.342
2016-07-04 15:50:00,15.318
2016-07-04 16:00:00,14.816
2016-07-04 16:10:00,14.912
2016-07-04 16:20:00,14.792
2016-07-04 16:30:00,14.29
2016-07-04 16:40:00,14.17
2016-07-04 16:50:00,14.122
2016-07-04 17:00:00,14.026
2016-07-04 17:10:00,14.002
2016-07-04 17:20:00,14.026
2016-07-04 17:30:00,14.026
2016-07-04 17:40:00,14.002
2016-07-04 17:50:00,14.002
2016-07-04 18:00:00,14.026
2016-07-04 18:10:00,14.026
2016-07-04 18:20:00,14.026
2016-07-04 18:30:00,14.098
2016-07-04 18:40:00,14.218
2016-07-04 18:50:00,14.433
2016-07-04 19:00:00,14.697
2016-07-04 19:10:00,14.529
2016-07-04 19:20:00,14.864
2016-07-04 19:30:00,14.936
2016-07-04 19:40:00,15.008
2016-07-04 19:50:00,15.031
2016-07-04 20:00:00,15.151
2016-07-04 20:10:00,15.103
2016-07-04 20:20:00,15.27
2016-07-04 20:30:00,15.414
2016-07-04 20:40:00,15.533
2016-07-04 20:50:00,15.581
2016-07-04 21:00:00,15.438
2016-07-04 21:10:00,16.654
2016-07-04 21:20:00,16.344
2016-07-04 21:30:00,17.463
2016-07-04 21:40:00,17.843
2016-07-04 21:50:00,19.056
2016-07-04 22:00:00,20.15
2016-07-04 22:10:00,20.793
2016-07-04 22:20:00,21.676
2016-07-04 22:30:00,21.509
2016-07-04 22:40:00,21.987
2016-07-04 22:50:00,22.657
2016-07-04 23:00:00,23.304
2016-07-04 23:10:00,24.581
2016-07-04 23:20:00,25.307
2016-07-04 23:30:00,24.895
2016-07-04 23:40:00,24.557
2016-07-04 23:50:00,24.267
2016-07-05 00:00:00,24.243
2016-07-05 00:10:00,23.521
2016-07-05 00:20:00,22.058
2016-07-05 00:30:00,21.151
2016-07-05 00:40:00,20.246
2016-07-05 00:50:00,19.27
2016-07-05 01:00:00,18.414
2016-07-05 01:10:00,18.247
2016-07-05 01:20:00,17.201
2016-07-05 01:30:00,16.129
2016-07-05 01:40:00,16.034
2016-07-05 01:50:00,15.581
2016-07-05 02:00:00,15.318
2016-07-05 02:10:00,15.127
2016-07-05 02:20:00,15.055
2016-07-05 02:30:00,14.936
2016-07-05 02:40:00,14.888
2016-07-05 02:50:00,14.816
2016-07-05 03:00:00,14.745
2016-07-05 03:10:00,14.697
2016-07-05 03:20:00,14.649
2016-07-05 03:30:00,14.625
2016-07-05 03:40:00,14.601
2016-07-05 03:50:00,14.553
2016-07-05 04:00:00,14.529
2016-07-05 04:10:00,14.505
2016-07-05 04:20:00,14.481
2016-07-05 04:30:00,14.481
2016-07-05 04:40:00,14.457
2016-07-05 04:50:00,14.433
2016-07-05 05:00:00,14.409
2016-07-05 05:10:00,14.385
2016-07-05 05:20:00,14.385
2016-07-05 05:30:00,14.385
2016-07-05 05:40:00,14.385
2016-07-05 05:50:00,14.361
2016-07-05 06:00:00,14.361
2016-07-05 06:10:00,14.361
2016-07-05 06:20:00,14.361
2016-07-05 06:30:00,14.385
2016-07-05 06:40:00,14.385
2016-07-05 06:50:00,14.385
2016-07-05 07:00:00,14.385
2016-07-05 07:10:00,14.385
2016-07-05 07:20:00,14.385
2016-07-05 07:30:00,14.409
2016-07-05 07:40:00,14.409
2016-07-05 07:50:00,14.409
2016-07-05 08:00:00,14.433
2016-07-05 08:10:00,14.433
2016-07-05 08:20:00,14.457
2016-07-05 08:30:00,14.457
2016-07-05 08:40:00,14.457
2016-07-05 08:50:00,14.433
2016-07-05 09:00:00,14.337
2016-07-05 09:10:00,14.218
2016-07-05 09:20:00,14.17
2016-07-05 09:30:00,14.146
2016-07-05 09:40:00,14.122
2016-07-05 09:50:00,14.074
2016-07-05 10:00:00,14.026
2016-07-05 10:10:00,14.026
2016-07-05 10:20:00,14.002
2016-07-05 10:30:00,13.954
2016-07-05 10:40:00,13.954
2016-07-05 10:50:00,13.93
2016-07-05 11:00:00,13.93
2016-07-05 11:10:00,13.906
2016-07-05 11:20:00,13.882
2016-07-05 11:30:00,13.882
2016-07-05 11:40:00,13.834
2016-07-05 11:50:00,13.834
2016-07-05 12:00:00,13.81
2016-07-05 12:10:00,13.762
2016-07-05 12:20:00,13.738
2016-07-05 12:30:00,13.714
2016-07-05 12:40:00,13.714
2016-07-05 12:50:00,13.69
2016-07-05 13:00:00,13.666
2016-07-05 13:10:00,13.69
2016-07-05 13:20:00,13.714
2016-07-05 13:30:00,13.738
2016-07-05 13:40:00,13.786
2016-07-05 13:50:00,13.858
2016-07-05 14:00:00,13.93
2016-07-05 14:10:00,14.05
2016-07-05 14:20:00,14.17
2016-07-05 14:30:00,14.266
2016-07-05 14:40:00,14.385
2016-07-05 14:50:00,14.553
2016-07-05 15:00:00,14.697
2016-07-05 15:10:00,14.864
2016-07-05 15:20:00,15.008
2016-07-05 15:30:00,15.127
2016-07-05 15:40:00,15.247
2016-07-05 15:50:00,15.461
2016-07-05 16:00:00,15.772
2016-07-05 16:10:00,16.106
2016-07-05 16:20:00,16.368
2016-07-05 16:30:00,16.272
2016-07-05 16:40:00,15.318
2016-07-05 16:50:00,14.816
2016-07-05 17:00:00,14.673
2016-07-05 17:10:00,14.433
2016-07-05 17:20:00,14.314
2016-07-05 17:30:00,14.146
2016-07-05 17:40:00,14.122
2016-07-05 17:50:00,14.122
2016-07-05 18:00:00,14.05
2016-07-05 18:10:00,14.074
2016-07-05 18:20:00,14.074
2016-07-05 18:30:00,14.074
2016-07-05 18:40:00,14.218
2016-07-05 18:50:00,14.361
2016-07-05 19:00:00,14.505
2016-07-05 19:10:00,14.792
2016-07-05 19:20:00,14.697
2016-07-05 19:30:00,14.816
2016-07-05 19:40:00,14.745
2016-07-05 19:50:00,14.816
2016-07-05 20:00:00,14.792
2016-07-05 20:10:00,14.816
2016-07-05 20:20:00,14.816
2016-07-05 20:30:00,14.912
2016-07-05 20:40:00,14.864
2016-07-05 20:50:00,14.96
2016-07-05 21:00:00,14.96
2016-07-05 21:10:00,14.984
2016-07-05 21:20:00,15.031
2016-07-05 21:30:00,14.984
2016-07-05 21:40:00,15.294
2016-07-05 21:50:00,15.294
2016-07-05 22:00:00,15.509
2016-07-05 22:10:00,16.058
2016-07-05 22:20:00,16.201
2016-07-05 22:30:00,15.915
2016-07-05 22:40:00,16.415
2016-07-05 22:50:00,17.011
2016-07-05 23:00:00,17.296
2016-07-05 23:10:00,17.558
2016-07-05 23:20:00,17.677
2016-07-05 23:30:00,17.748
2016-07-05 23:40:00,17.558
2016-07-05 23:50:00,17.32
2016-07-06 00:00:00,17.106
2016-07-06 00:10:00,17.082
2016-07-06 00:20:00,16.987
2016-07-06 00:30:00,16.582
2016-07-06 00:40:00,16.558
2016-07-06 00:50:00,16.534
2016-07-06 01:00:00,16.463
2016-07-06 01:10:00,16.368
2016-07-06 01:20:00,16.153
2016-07-06 01:30:00,15.819
2016-07-06 01:40:00,15.318
2016-07-06 01:50:00,15.079
2016-07-06 02:00:00,14.84
2016-07-06 02:10:00,14.792
2016-07-06 02:20:00,14.601
2016-07-06 02:30:00,14.481
2016-07-06 02:40:00,14.433
2016-07-06 02:50:00,14.385
2016-07-06 03:00:00,14.337
2016-07-06 03:10:00,14.29
2016-07-06 03:20:00,14.266
2016-07-06 03:30:00,14.242
2016-07-06 03:40:00,14.218
2016-07-06 03:50:00,14.218
2016-07-06 04:00:00,14.194
2016-07-06 04:10:00,14.17
2016-07-06 04:20:00,14.146
2016-07-06 04:30:00,14.122
2016-07-06 04:40:00,14.098
2016-07-06 04:50:00,14.122
2016-07-06 05:00:00,14.098
2016-07-06 05:10:00,14.098
2016-07-06 05:20:00,14.074
2016-07-06 05:30:00,14.05
2016-07-06 05:40:00,14.026
2016-07-06 05:50:00,14.026
2016-07-06 06:00:00,14.002
2016-07-06 06:10:00,13.978
2016-07-06 06:20:00,13.954
2016-07-06 06:30:00,13.93
2016-07-06 06:40:00,13.93
2016-07-06 06:50:00,13.882
2016-07-06 07:00:00,13.858
2016-07-06 07:10:00,13.858
2016-07-06 07:20:00,13.834
2016-07-06 07:30:00,13.786
2016-07-06 07:40:00,13.786
2016-07-06 07:50:00,13.786
2016-07-06 08:00:00,13.786
2016-07-06 08:10:00,13.762
2016-07-06 08:20:00,13.786
2016-07-06 08:30:00,13.762
2016-07-06 08:40:00,13.786
2016-07-06 08:50:00,13.786
2016-07-06 09:00:00,13.81
2016-07-06 09:10:00,13.81
2016-07-06 09:20:00,13.81
2016-07-06 09:30:00,13.786
2016-07-06 09:40:00,13.738
2016-07-06 09:50:00,13.69
2016-07-06 10:00:00,13.57
2016-07-06 10:10:00,13.473
2016-07-06 10:20:00,13.377
2016-07-06 10:30:00,13.305
2016-07-06 10:40:00,13.257
2016-07-06 10:50:00,13.185
2016-07-06 11:00:00,13.137
2016-07-06 11:10:00,13.064
2016-07-06 11:20:00,13.04
2016-07-06 11:30:00,12.992
2016-07-06 11:40:00,12.968
2016-07-06 11:50:00,12.944
2016-07-06 12:00:00,12.92
2016-07-06 12:10:00,12.92
2016-07-06 12:20:00,12.92
2016-07-06 12:30:00,12.871
2016-07-06 12:40:00,12.871
2016-07-06 12:50:00,12.847
2016-07-06 13:00:00,12.847
2016-07-06 13:10:00,12.847
2016-07-06 13:20:00,12.847
2016-07-06 13:30:00,12.896
2016-07-06 13:40:00,12.92
2016-07-06 13:50:00,12.92
2016-07-06 14:00:00,12.992
2016-07-06 14:10:00,13.064
2016-07-06 14:20:00,13.112
2016-07-06 14:30:00,13.209
2016-07-06 14:40:00,13.281
2016-07-06 14:50:00,13.497
2016-07-06 15:00:00,13.81
2016-07-06 15:10:00,14.026
2016-07-06 15:20:00,14.29
2016-07-06 15:30:00,14.673
2016-07-06 15:40:00,14.984
2016-07-06 15:50:00,15.151
2016-07-06 16:00:00,15.318
2016-07-06 16:10:00,15.891
2016-07-06 16:20:00,16.439
2016-07-06 16:30:00,17.058
2016-07-06 16:40:00,17.32
2016-07-06 16:50:00,17.415
2016-07-06 17:00:00,17.605
2016-07-06 17:10:00,18.414
2016-07-06 17:20:00,18.247
2016-07-06 17:30:00,16.558
2016-07-06 17:40:00,15.39
2016-07-06 17:50:00,14.84
2016-07-06 18:00:00,14.385
2016-07-06 18:10:00,14.29
2016-07-06 18:20:00,14.17
2016-07-06 18:30:00,14.17
2016-07-06 18:40:00,14.146
2016-07-06 18:50:00,14.17
2016-07-06 19:00:00,14.05
2016-07-06 19:10:00,14.266
2016-07-06 19:20:00,14.218
2016-07-06 19:30:00,14.218
2016-07-06 19:40:00,14.074
2016-07-06 19:50:00,14.146
2016-07-06 20:00:00,14.29
2016-07-06 20:10:00,14.218
2016-07-06 20:20:00,14.194
2016-07-06 20:30:00,14.098
2016-07-06 20:40:00,14.098
2016-07-06 20:50:00,14.122
2016-07-06 21:00:00,14.17
2016-07-06 21:10:00,14.242
2016-07-06 21:20:00,14.314
2016-07-06 21:30:00,14.337
2016-07-06 21:40:00,14.505
2016-07-06 21:50:00,14.505
2016-07-06 22:00:00,14.601
2016-07-06 22:10:00,14.625
2016-07-06 22:20:00,14.697
2016-07-06 22:30:00,14.721
2016-07-06 22:40:00,14.84
2016-07-06 22:50:00,15.103
2016-07-06 23:00:00,15.342
2016-07-06 23:10:00,15.819
2016-07-06 23:20:00,15.748
2016-07-06 23:30:00,15.963
2016-07-06 23:40:00,16.058
2016-07-06 23:50:00,16.201
2016-07-07 00:00:00,16.272
2016-07-07 00:10:00,16.487
2016-07-07 00:20:00,16.63
2016-07-07 00:30:00,16.344
2016-07-07 00:40:00,16.272
2016-07-07 00:50:00,16.106
2016-07-07 01:00:00,16.01
2016-07-07 01:10:00,15.843
2016-07-07 01:20:00,15.7
2016-07-07 01:30:00,15.533
2016-07-07 01:40:00,15.247
2016-07-07 01:50:00,14.96
2016-07-07 02:00:00,14.816
2016-07-07 02:10:00,14.649
2016-07-07 02:20:00,14.529
2016-07-07 02:30:00,14.409
2016-07-07 02:40:00,14.457
2016-07-07 02:50:00,14.433
2016-07-07 03:00:00,14.481
2016-07-07 03:10:00,14.457
2016-07-07 03:20:00,14.433
2016-07-07 03:30:00,14.409
2016-07-07 03:40:00,14.361
2016-07-07 03:50:00,14.337
2016-07-07 04:00:00,14.337
2016-07-07 04:10:00,14.314
2016-07-07 04:20:00,14.337
2016-07-07 04:30:00,14.337
2016-07-07 04:40:00,14.314
2016-07-07 04:50:00,14.314
2016-07-07 05:00:00,14.314
2016-07-07 05:10:00,14.29
2016-07-07 05:20:00,14.266
2016-07-07 05:30:00,14.266
2016-07-07 05:40:00,14.266
2016-07-07 05:50:00,14.242
2016-07-07 06:00:00,14.242
2016-07-07 06:10:00,14.218
2016-07-07 06:20:00,14.218
2016-07-07 06:30:00,14.218
2016-07-07 06:40:00,14.194
2016-07-07 06:50:00,14.194
2016-07-07 07:00:00,14.194
2016-07-07 07:10:00,14.194
2016-07-07 07:20:00,14.17
2016-07-07 07:30:00,14.17
2016-07-07 07:40:00,14.17
2016-07-07 07:50:00,14.146
2016-07-07 08:00:00,14.122
2016-07-07 08:10:00,14.098
2016-07-07 08:20:00,14.074
2016-07-07 08:30:00,14.05
2016-07-07 08:40:00,14.026
2016-07-07 08:50:00,14.026
2016-07-07 09:00:00,14.002
2016-07-07 09:10:00,13.954
2016-07-07 09:20:00,13.93
2016-07-07 09:30:00,13.906
2016-07-07 09:40:00,13.882
2016-07-07 09:50:00,13.834
2016-07-07 10:00:00,13.834
2016-07-07 10:10:00,13.786
2016-07-07 10:20:00,13.738
2016-07-07 10:30:00,13.618
2016-07-07 10:40:00,13.522
2016-07-07 10:50:00,13.497
2016-07-07 11:00:00,13.449
2016-07-07 11:10:00,13.377
2016-07-07 11:20:00,13.329
2016-07-07 11:30:00,13.305
2016-07-07 11:40:00,13.257
2016-07-07 11:50:00,13.257
2016-07-07 12:00:00,13.209
2016-07-07 12:10:00,13.185
2016-07-07 12:20:00,13.185
2016-07-07 12:30:00,13.161
2016-07-07 12:40:00,13.137
2016-07-07 12:50:00,13.137
2016-07-07 13:00:00,13.112
2016-07-07 13:10:00,13.064
2016-07-07 13:20:00,13.064
2016-07-07 13:30:00,13.064
2016-07-07 13:40:00,13.088
2016-07-07 13:50:00,13.112
2016-07-07 14:00:00,13.161
2016-07-07 14:10:00,13.209
2016-07-07 14:20:00,13.305
2016-07-07 14:30:00,13.377
2016-07-07 14:40:00,13.473
2016-07-07 14:50:00,13.594
2016-07-07 15:00:00,13.666
2016-07-07 15:10:00,13.834
2016-07-07 15:20:00,14.026
2016-07-07 15:30:00,14.242
2016-07-07 15:40:00,14.433
2016-07-07 15:50:00,14.673
2016-07-07 16:00:00,14.96
2016-07-07 16:10:00,15.247
2016-07-07 16:20:00,15.557
2016-07-07 16:30:00,15.819
2016-07-07 16:40:00,15.986
2016-07-07 16:50:00,16.177
2016-07-07 17:00:00,16.511
2016-07-07 17:10:00,16.915
2016-07-07 17:20:00,17.653
2016-07-07 17:30:00,17.891
2016-07-07 17:40:00,18.271
2016-07-07 17:50:00,18.699
2016-07-07 18:00:00,18.295
2016-07-07 18:10:00,18.366
2016-07-07 18:20:00,15.939
2016-07-07 18:30:00,15.079
2016-07-07 18:40:00,14.912
2016-07-07 18:50:00,14.577
2016-07-07 19:00:00,14.625
2016-07-07 19:10:00,14.194
2016-07-07 19:20:00,14.026
2016-07-07 19:30:00,13.954
2016-07-07 19:40:00,14.122
2016-07-07 19:50:00,14.098
2016-07-07 20:00:00,13.954
2016-07-07 20:10:00,14.002
2016-07-07 20:20:00,13.978
2016-07-07 20:30:00,13.978
2016-07-07 20:40:00,14.002
2016-07-07 20:50:00,14.002
2016-07-07 21:00:00,14.122
2016-07-07 21:10:00,14.122
2016-07-07 21:20:00,14.17
2016-07-07 21:30:00,14.194
2016-07-07 21:40:00,14.242
2016-07-07 21:50:00,14.29
2016-07-07 22:00:00,14.218
2016-07-07 22:10:00,14.266
2016-07-07 22:20:00,14.266
2016-07-07 22:30:00,14.218
2016-07-07 22:40:00,14.29
2016-07-07 22:50:00,14.242
2016-07-07 23:00:00,14.218
2016-07-07 23:10:00,14.433
2016-07-07 23:20:00,14.433
2016-07-07 23:30:00,14.457
2016-07-07 23:40:00,14.625
2016-07-07 23:50:00,14.721
2016-07-08 00:00:00,14.888
2016-07-08 00:10:00,14.984
2016-07-08 00:20:00,14.96
2016-07-08 00:30:00,14.96
2016-07-08 00:40:00,14.888
2016-07-08 00:50:00,14.792
2016-07-08 01:00:00,14.673
2016-07-08 01:10:00,14.529
2016-07-08 01:20:00,14.481
2016-07-08 01:30:00,14.361
2016-07-08 01:40:00,14.218
2016-07-08 01:50:00,14.17
2016-07-08 02:00:00,14.098
2016-07-08 02:10:00,14.002
2016-07-08 02:20:00,13.906
2016-07-08 02:30:00,13.834
2016-07-08 02:40:00,13.69
2016-07-08 02:50:00,13.594
2016-07-08 03:00:00,13.522
2016-07-08 03:10:00,13.449
2016-07-08 03:20:00,13.449
2016-07-08 03:30:00,13.449
2016-07-08 03:40:00,13.522
2016-07-08 03:50:00,13.497
2016-07-08 04:00:00,13.642
2016-07-08 04:10:00,13.666
2016-07-08 04:20:00,13.594
2016-07-08 04:30:00,13.642
2016-07-08 04:40:00,13.618
2016-07-08 04:50:00,13.594
2016-07-08 05:00:00,13.618
2016-07-08 05:10:00,13.618
2016-07-08 05:20:00,13.618
2016-07-08 05:30:00,13.594
2016-07-08 05:40:00,13.594
2016-07-08 05:50:00,13.594
2016-07-08 06:00:00,13.594
2016-07-08 06:10:00,13.594
2016-07-08 06:20:00,13.594
2016-07-08 06:30:00,13.594
2016-07-08 06:40:00,13.594
2016-07-08 06:50:00,13.594
2016-07-08 07:00:00,13.594
2016-07-08 07:10:00,13.57
2016-07-08 07:20:00,13.57
2016-07-08 07:30:00,13.546
2016-07-08 07:40:00,13.546
2016-07-08 07:50:00,13.522
2016-07-08 08:00:00,13.497
2016-07-08 08:10:00,13.473
2016-07-08 08:20:00,13.449
2016-07-08 08:30:00,13.425
2016-07-08 08:40:00,13.401
2016-07-08 08:50:00,13.353
2016-07-08 09:00:00,13.353
2016-07-08 09:10:00,13.329
2016-07-08 09:20:00,13.329
2016-07-08 09:30:00,13.305
2016-07-08 09:40:00,13.305
2016-07-08 09:50:00,13.281
2016-07-08 10:00:00,13.281
2016-07-08 10:10:00,13.281
2016-07-08 10:20:00,13.281
2016-07-08 10:30:00,13.233
2016-07-08 10:40:00,13.233
2016-07-08 10:50:00,13.161
2016-07-08 11:00:00,12.992
2016-07-08 11:10:00,12.896
2016-07-08 11:20:00,12.847
2016-07-08 11:30:00,12.823
2016-07-08 11:40:00,12.799
2016-07-08 11:50:00,12.775
2016-07-08 12:00:00,12.727
2016-07-08 12:10:00,12.727
2016-07-08 12:20:00,12.703
2016-07-08 12:30:00,12.678
2016-07-08 12:40:00,12.678
2016-07-08 12:50:00,12.654
2016-07-08 13:00:00,12.63
2016-07-08 13:10:00,12.63
2016-07-08 13:20:00,12.606
2016-07-08 13:30:00,12.606
2016-07-08 13:40:00,12.63
2016-07-08 13:50:00,12.678
2016-07-08 14:00:00,12.775
2016-07-08 14:10:00,12.92
2016-07-08 14:20:00,13.04
2016-07-08 14:30:00,13.185
2016-07-08 14:40:00,13.329
2016-07-08 14:50:00,13.522
2016-07-08 15:00:00,13.834
2016-07-08 15:10:00,14.098
2016-07-08 15:20:00,14.337
2016-07-08 15:30:00,14.601
2016-07-08 15:40:00,15.127
2016-07-08 15:50:00,15.676
2016-07-08 16:00:00,16.082
2016-07-08 16:10:00,16.368
2016-07-08 16:20:00,16.796
2016-07-08 16:30:00,16.82
2016-07-08 16:40:00,16.915
2016-07-08 16:50:00,17.368
2016-07-08 17:00:00,18.2
2016-07-08 17:10:00,19.08
2016-07-08 17:20:00,20.269
2016-07-08 17:30:00,20.627
2016-07-08 17:40:00,22.369
2016-07-08 17:50:00,24.629
2016-07-08 18:00:00,25.987
2016-07-08 18:10:00,26.378
2016-07-08 18:20:00,24.847
2016-07-08 18:30:00,23.208
2016-07-08 18:40:00,22.226
2016-07-08 18:50:00,18.747
2016-07-08 19:00:00,16.368
2016-07-08 19:10:00,15.055
2016-07-08 19:20:00,14.888
2016-07-08 19:30:00,14.337
2016-07-08 19:40:00,13.714
2016-07-08 19:50:00,13.594
2016-07-08 20:00:00,13.401
2016-07-08 20:10:00,13.377
2016-07-08 20:20:00,13.257
2016-07-08 20:30:00,13.209
2016-07-08 20:40:00,13.257
2016-07-08 20:50:00,13.257
2016-07-08 21:00:00,13.305
2016-07-08 21:10:00,13.281
2016-07-08 21:20:00,13.353
2016-07-08 21:30:00,13.329
2016-07-08 21:40:00,13.401
2016-07-08 21:50:00,13.522
2016-07-08 22:00:00,13.546
2016-07-08 22:10:00,13.618
2016-07-08 22:20:00,13.642
2016-07-08 22:30:00,13.642
2016-07-08 22:40:00,13.642
2016-07-08 22:50:00,13.69
2016-07-08 23:00:00,13.738
2016-07-08 23:10:00,13.666
2016-07-08 23:20:00,13.618
2016-07-08 23:30:00,13.642
2016-07-08 23:40:00,13.762
2016-07-08 23:50:00,13.738
2016-07-09 00:00:00,13.762
2016-07-09 00:10:00,14.05
2016-07-09 00:20:00,14.457
2016-07-09 00:30:00,14.314
2016-07-09 00:40:00,14.457
2016-07-09 00:50:00,14.361
2016-07-09 01:00:00,14.457
2016-07-09 01:10:00,14.481
2016-07-09 01:20:00,14.625
2016-07-09 01:30:00,14.625
2016-07-09 01:40:00,14.601
2016-07-09 01:50:00,14.553
2016-07-09 02:00:00,14.457
2016-07-09 02:10:00,14.314
2016-07-09 02:20:00,14.194
2016-07-09 02:30:00,14.05
2016-07-09 02:40:00,13.93
2016-07-09 02:50:00,13.834
2016-07-09 03:00:00,13.738
2016-07-09 03:10:00,13.642
2016-07-09 03:20:00,13.594
2016-07-09 03:30:00,13.546
2016-07-09 03:40:00,13.497
2016-07-09 03:50:00,13.449
2016-07-09 04:00:00,13.425
2016-07-09 04:10:00,13.425
2016-07-09 04:20:00,13.425
2016-07-09 04:30:00,13.401
2016-07-09 04:40:00,13.353
2016-07-09 04:50:00,13.353
2016-07-09 05:00:00,13.329
2016-07-09 05:10:00,13.281
2016-07-09 05:20:00,13.233
2016-07-09 05:30:00,13.137
2016-07-09 05:40:00,13.088
2016-07-09 05:50:00,12.992
2016-07-09 06:00:00,12.944
2016-07-09 06:10:00,12.92
2016-07-09 06:20:00,12.896
2016-07-09 06:30:00,12.871
2016-07-09 06:40:00,12.847
2016-07-09 06:50:00,12.823
2016-07-09 07:00:00,12.799
2016-07-09 07:10:00,12.799
2016-07-09 07:20:00,12.775
2016-07-09 07:30:00,12.751
2016-07-09 07:40:00,12.727
2016-07-09 07:50:00,12.703
2016-07-09 08:00:00,12.678
2016-07-09 08:10:00,12.654
2016-07-09 08:20:00,12.654
2016-07-09 08:30:00,12.654
2016-07-09 08:40:00,12.63
2016-07-09 08:50:00,12.63
2016-07-09 09:00:00,12.63
2016-07-09 09:10:00,12.606
2016-07-09 09:20:00,12.606
2016-07-09 09:30:00,12.582
2016-07-09 09:40:00,12.582
2016-07-09 09:50:00,12.582
2016-07-09 10:00:00,12.582
2016-07-09 10:10:00,12.606
2016-07-09 10:20:00,12.606
2016-07-09 10:30:00,12.606
2016-07-09 10:40:00,12.606
2016-07-09 10:50:00,12.606
2016-07-09 11:00:00,12.606
2016-07-09 11:10:00,12.606
2016-07-09 11:20:00,12.606
2016-07-09 11:30:00,12.606
2016-07-09 11:40:00,12.558
2016-07-09 11:50:00,12.558
2016-07-09 12:00:00,12.582
2016-07-09 12:10:00,12.606
2016-07-09 12:20:00,12.606
2016-07-09 12:30:00,12.558
2016-07-09 12:40:00,12.558
2016-07-09 12:50:00,12.534
2016-07-09 13:00:00,12.558
2016-07-09 13:10:00,12.582
2016-07-09 13:20:00,12.63
2016-07-09 13:30:00,12.727
2016-07-09 13:40:00,12.727
2016-07-09 13:50:00,12.775
2016-07-09 14:00:00,12.775
2016-07-09 14:10:00,12.92
2016-07-09 14:20:00,13.281
2016-07-09 14:30:00,13.762
2016-07-09 14:40:00,14.433
2016-07-09 14:50:00,15.533
2016-07-09 15:00:00,15.7
2016-07-09 15:10:00,15.867
2016-07-09 15:20:00,16.415
2016-07-09 15:30:00,16.463
2016-07-09 15:40:00,16.606
2016-07-09 15:50:00,17.415
2016-07-09 16:00:00,18.129
2016-07-09 16:10:00,19.151
2016-07-09 16:20:00,19.484
2016-07-09 16:30:00,19.793
2016-07-09 16:40:00,19.341
2016-07-09 16:50:00,19.674
2016-07-09 17:00:00,20.555
2016-07-09 17:10:00,21.199
2016-07-09 17:20:00,22.25
2016-07-09 17:30:00,22.226
2016-07-09 17:40:00,21.748
2016-07-09 17:50:00,24.05
2016-07-09 18:00:00,25.21
2016-07-09 18:10:00,26.085
2016-07-09 18:20:00,27.014
2016-07-09 18:30:00,27.136
2016-07-09 18:40:00,26.793
2016-07-09 18:50:00,25.866
2016-07-09 19:00:00,23.737
2016-07-09 19:10:00,24.002
2016-07-09 19:20:00,22.25
2016-07-09 19:30:00,20.889
2016-07-09 19:40:00,17.843
2016-07-09 19:50:00,16.249
2016-07-09 20:00:00,15.414
2016-07-09 20:10:00,14.864
2016-07-09 20:20:00,14.05
2016-07-09 20:30:00,13.882
2016-07-09 20:40:00,13.81
2016-07-09 20:50:00,13.594
2016-07-09 21:00:00,13.618
2016-07-09 21:10:00,13.546
2016-07-09 21:20:00,13.449
2016-07-09 21:30:00,13.401
2016-07-09 21:40:00,13.353
2016-07-09 21:50:00,13.329
2016-07-09 22:00:00,13.401
2016-07-09 22:10:00,13.425
2016-07-09 22:20:00,13.401
2016-07-09 22:30:00,13.401
2016-07-09 22:40:00,13.353
2016-07-09 22:50:00,13.377
2016-07-09 23:00:00,13.449
2016-07-09 23:10:00,13.497
2016-07-09 23:20:00,13.57
2016-07-09 23:30:00,13.618
2016-07-09 23:40:00,13.522
2016-07-09 23:50:00,13.497
2016-07-10 00:00:00,13.522
2016-07-10 00:10:00,13.522
2016-07-10 00:20:00,13.546
2016-07-10 00:30:00,13.57
2016-07-10 00:40:00,13.546
2016-07-10 00:50:00,13.594
2016-07-10 01:00:00,13.57
2016-07-10 01:10:00,13.594
2016-07-10 01:20:00,13.57
2016-07-10 01:30:00,13.546
2016-07-10 01:40:00,13.57
2016-07-10 01:50:00,13.594
2016-07-10 02:00:00,13.642
2016-07-10 02:10:00,13.497
2016-07-10 02:20:00,13.834
2016-07-10 02:30:00,13.882
2016-07-10 02:40:00,13.666
2016-07-10 02:50:00,13.425
2016-07-10 03:00:00,13.209
2016-07-10 03:10:00,13.04
2016-07-10 03:20:00,12.944
2016-07-10 03:30:00,12.823
2016-07-10 03:40:00,12.727
2016-07-10 03:50:00,12.606
2016-07-10 04:00:00,12.63
2016-07-10 04:10:00,12.606
2016-07-10 04:20:00,12.461
2016-07-10 04:30:00,12.34
2016-07-10 04:40:00,12.316
2016-07-10 04:50:00,12.243
2016-07-10 05:00:00,12.364
2016-07-10 05:10:00,12.316
2016-07-10 05:20:00,12.437
2016-07-10 05:30:00,12.413
2016-07-10 05:40:00,12.413
2016-07-10 05:50:00,12.437
2016-07-10 06:00:00,12.437
2016-07-10 06:10:00,12.437
2016-07-10 06:20:00,12.437
2016-07-10 06:30:00,12.437
2016-07-10 06:40:00,12.461
2016-07-10 06:50:00,12.461
2016-07-10 07:00:00,12.461
2016-07-10 07:10:00,12.461
2016-07-10 07:20:00,12.485
2016-07-10 07:30:00,12.485
2016-07-10 07:40:00,12.534
2016-07-10 07:50:00,12.558
2016-07-10 08:00:00,12.582
2016-07-10 08:10:00,12.606
2016-07-10 08:20:00,12.606
2016-07-10 08:30:00,12.582
2016-07-10 08:40:00,12.582
2016-07-10 08:50:00,12.558
2016-07-10 09:00:00,12.558
2016-07-10 09:10:00,12.534
2016-07-10 09:20:00,12.534
2016-07-10 09:30:00,12.534
2016-07-10 09:40:00,12.509
2016-07-10 09:50:00,12.534
2016-07-10 10:00:00,12.534
2016-07-10 10:10:00,12.558
2016-07-10 10:20:00,12.558
2016-07-10 10:30:00,12.582
2016-07-10 10:40:00,12.582
2016-07-10 10:50:00,12.582
2016-07-10 11:00:00,12.606
2016-07-10 11:10:00,12.63
2016-07-10 11:20:00,12.63
2016-07-10 11:30:00,12.606
2016-07-10 11:40:00,12.606
2016-07-10 11:50:00,12.582
2016-07-10 12:00:00,12.582
2016-07-10 12:10:00,12.582
2016-07-10 12:20:00,12.558
2016-07-10 12:30:00,12.485
2016-07-10 12:40:00,12.364
2016-07-10 12:50:00,12.147
2016-07-10 13:00:00,11.856
2016-07-10 13:10:00,11.734
2016-07-10 13:20:00,11.613
2016-07-10 13:30:00,11.492
2016-07-10 13:40:00,11.492
2016-07-10 13:50:00,11.54
2016-07-10 14:00:00,11.686
2016-07-10 14:10:00,11.88
2016-07-10 14:20:00,12.147
2016-07-10 14:30:00,13.185
2016-07-10 14:40:00,13.882
2016-07-10 14:50:00,14.625
2016-07-10 15:00:00,15.27
2016-07-10 15:10:00,15.891
2016-07-10 15:20:00,16.511
2016-07-10 15:30:00,17.177
2016-07-10 15:40:00,17.891
2016-07-10 15:50:00,18.485
2016-07-10 16:00:00,19.151
2016-07-10 16:10:00,19.865
2016-07-10 16:20:00,20.674
2016-07-10 16:30:00,21.223
2016-07-10 16:40:00,21.676
2016-07-10 16:50:00,22.298
2016-07-10 17:00:00,22.968
2016-07-10 17:10:00,23.376
2016-07-10 17:20:00,23.641
2016-07-10 17:30:00,24.026
2016-07-10 17:40:00,24.339
2016-07-10 17:50:00,23.448
2016-07-10 18:00:00,22.681
2016-07-10 18:10:00,23.376
2016-07-10 18:20:00,24.026
2016-07-10 18:30:00,23.857
2016-07-10 18:40:00,24.195
2016-07-10 18:50:00,23.304
2016-07-10 19:00:00,23.208
2016-07-10 19:10:00,23.232
2016-07-10 19:20:00,21.867
2016-07-10 19:30:00,18.604
2016-07-10 19:40:00,17.701
2016-07-10 19:50:00,16.677
2016-07-10 20:00:00,15.652
2016-07-10 20:10:00,15.223
2016-07-10 20:20:00,15.055
2016-07-10 20:30:00,14.816
2016-07-10 20:40:00,14.529
2016-07-10 20:50:00,14.481
2016-07-10 21:00:00,14.433
2016-07-10 21:10:00,14.314
2016-07-10 21:20:00,14.314
2016-07-10 21:30:00,14.29
2016-07-10 21:40:00,14.266
2016-07-10 21:50:00,14.29
2016-07-10 22:00:00,14.266
2016-07-10 22:10:00,14.266
2016-07-10 22:20:00,14.29
2016-07-10 22:30:00,14.242
2016-07-10 22:40:00,14.218
2016-07-10 22:50:00,14.17
2016-07-10 23:00:00,14.194
2016-07-10 23:10:00,14.194
2016-07-10 23:20:00,14.194
2016-07-10 23:30:00,14.194
2016-07-10 23:40:00,14.17
2016-07-10 23:50:00,14.194
2016-07-11 00:00:00,14.194
2016-07-11 00:10:00,14.146
2016-07-11 00:20:00,14.122
2016-07-11 00:30:00,14.122
2016-07-11 00:40:00,14.098
2016-07-11 00:50:00,14.098
2016-07-11 01:00:00,14.122
2016-07-11 01:10:00,14.098
2016-07-11 01:20:00,14.074
2016-07-11 01:30:00,14.074
2016-07-11 01:40:00,14.026
2016-07-11 01:50:00,14.002
2016-07-11 02:00:00,14.002
2016-07-11 02:10:00,13.978
2016-07-11 02:20:00,13.93
2016-07-11 02:30:00,13.906
2016-07-11 02:40:00,13.858
2016-07-11 02:50:00,13.786
2016-07-11 03:00:00,13.762
2016-07-11 03:10:00,13.69
2016-07-11 03:20:00,13.618
2016-07-11 03:30:00,13.57
2016-07-11 03:40:00,13.546
2016-07-11 03:50:00,13.473
2016-07-11 04:00:00,13.497
2016-07-11 04:10:00,13.353
2016-07-11 04:20:00,13.281
2016-07-11 04:30:00,13.209
2016-07-11 04:40:00,12.968
2016-07-11 04:50:00,12.775
2016-07-11 05:00:00,12.751
2016-07-11 05:10:00,13.04
2016-07-11 05:20:00,12.944
2016-07-11 05:30:00,12.823
2016-07-11 05:40:00,12.847
2016-07-11 05:50:00,12.823
2016-07-11 06:00:00,12.775
2016-07-11 06:10:00,12.799
2016-07-11 06:20:00,12.678
2016-07-11 06:30:00,12.775
2016-07-11 06:40:00,12.558
2016-07-11 06:50:00,12.63
2016-07-11 07:00:00,12.678
2016-07-11 07:10:00,12.703
2016-07-11 07:20:00,12.847
2016-07-11 07:30:00,12.823
2016-07-11 07:40:00,12.775
2016-07-11 07:50:00,12.799
2016-07-11 08:00:00,12.775
2016-07-11 08:10:00,12.751
2016-07-11 08:20:00,12.751
2016-07-11 08:30:00,12.727
2016-07-11 08:40:00,12.727
2016-07-11 08:50:00,12.727
2016-07-11 09:00:00,12.751
2016-07-11 09:10:00,12.775
2016-07-11 09:20:00,12.775
2016-07-11 09:30:00,12.727
2016-07-11 09:40:00,12.727
2016-07-11 09:50:00,12.727
2016-07-11 10:00:00,12.727
2016-07-11 10:10:00,12.727
2016-07-11 10:20:00,12.727
2016-07-11 10:30:00,12.727
2016-07-11 10:40:00,12.727
2016-07-11 10:50:00,12.727
2016-07-11 11:00:00,12.727
2016-07-11 11:10:00,12.727
2016-07-11 11:20:00,12.727
2016-07-11 11:30:00,12.727
2016-07-11 11:40:00,12.727
2016-07-11 11:50:00,12.727
2016-07-11 12:00:00,12.727
2016-07-11 12:10:00,12.727
2016-07-11 12:20:00,12.727
2016-07-11 12:30:00,12.703
2016-07-11 12:40:00,12.703
2016-07-11 12:50:00,12.703
2016-07-11 13:00:00,12.678
2016-07-11 13:10:00,12.703
2016-07-11 13:20:00,12.678
2016-07-11 13:30:00,12.703
2016-07-11 13:40:00,12.678
2016-07-11 13:50:00,12.678
2016-07-11 14:00:00,12.775
2016-07-11 14:10:00,13.064
2016-07-11 14:20:00,13.57
2016-07-11 14:30:00,13.353
2016-07-11 14:40:00,13.497
2016-07-11 14:50:00,13.473
2016-07-11 15:00:00,13.546
2016-07-11 15:10:00,13.594
2016-07-11 15:20:00,13.786
2016-07-11 15:30:00,15.342
2016-07-11 15:40:00,16.344
2016-07-11 15:50:00,16.963
2016-07-11 16:00:00,17.891
2016-07-11 16:10:00,18.652
2016-07-11 16:20:00,18.937
2016-07-11 16:30:00,18.557
2016-07-11 16:40:00,18.699
2016-07-11 16:50:00,18.794
2016-07-11 17:00:00,18.295
2016-07-11 17:10:00,18.152
2016-07-11 17:20:00,18.438
2016-07-11 17:30:00,18.533
2016-07-11 17:40:00,18.652
2016-07-11 17:50:00,19.246
2016-07-11 18:00:00,19.651
2016-07-11 18:10:00,19.555
2016-07-11 18:20:00,19.532
2016-07-11 18:30:00,19.817
2016-07-11 18:40:00,19.627
2016-07-11 18:50:00,18.485
2016-07-11 19:00:00,18.081
2016-07-11 19:10:00,18.081
2016-07-11 19:20:00,17.582
2016-07-11 19:30:00,16.415
2016-07-11 19:40:00,15.963
2016-07-11 19:50:00,14.816
2016-07-11 20:00:00,14.912
2016-07-11 20:10:00,14.17
2016-07-11 20:20:00,13.642
2016-07-11 20:30:00,13.449
2016-07-11 20:40:00,13.401
2016-07-11 20:50:00,13.257
2016-07-11 21:00:00,13.185
2016-07-11 21:10:00,12.992
2016-07-11 21:20:00,12.944
2016-07-11 21:30:00,12.944
2016-07-11 21:40:00,12.896
2016-07-11 21:50:00,12.871
2016-07-11 22:00:00,12.823
2016-07-11 22:10:00,12.775
2016-07-11 22:20:00,12.799
2016-07-11 22:30:00,12.799
2016-07-11 22:40:00,12.727
2016-07-11 22:50:00,12.727
2016-07-11 23:00:00,12.703
2016-07-11 23:10:00,12.703
2016-07-11 23:20:00,12.63
2016-07-11 23:30:00,12.654
2016-07-11 23:40:00,12.606
2016-07-11 23:50:00,12.582
2016-07-12 00:00:00,12.558
2016-07-12 00:10:00,12.558
2016-07-12 00:20:00,12.582
2016-07-12 00:30:00,12.582
2016-07-12 00:40:00,12.558
2016-07-12 00:50:00,12.534
2016-07-12 01:00:00,12.534
2016-07-12 01:10:00,12.534
2016-07-12 01:20:00,12.534
2016-07-12 01:30:00,12.558
2016-07-12 01:40:00,12.558
2016-07-12 01:50:00,12.558
2016-07-12 02:00:00,12.558
2016-07-12 02:10:00,12.558
2016-07-12 02:20:00,12.558
2016-07-12 02:30:00,12.558
2016-07-12 02:40:00,12.582
2016-07-12 02:50:00,12.582
2016-07-12 03:00:00,12.606
2016-07-12 03:10:00,12.606
2016-07-12 03:20:00,12.606
2016-07-12 03:30:00,12.606
2016-07-12 03:40:00,12.582
2016-07-12 03:50:00,12.582
2016-07-12 04:00:00,12.606
2016-07-12 04:10:00,12.606
2016-07-12 04:20:00,12.606
2016-07-12 04:30:00,12.606
2016-07-12 04:40:00,12.582
2016-07-12 04:50:00,12.606
2016-07-12 05:00:00,12.582
2016-07-12 05:10:00,12.582
2016-07-12 05:20:00,12.509
2016-07-12 05:30:00,12.558
2016-07-12 05:40:00,12.509
2016-07-12 05:50:00,12.485
2016-07-12 06:00:00,12.437
2016-07-12 06:10:00,12.437
2016-07-12 06:20:00,12.413
2016-07-12 06:30:00,12.389
2016-07-12 06:40:00,12.389
2016-07-12 06:50:00,12.389
2016-07-12 07:00:00,12.389
2016-07-12 07:10:00,12.364
2016-07-12 07:20:00,12.364
2016-07-12 07:30:00,12.364
2016-07-12 07:40:00,12.364
2016-07-12 07:50:00,12.364
2016-07-12 08:00:00,12.364
2016-07-12 08:10:00,12.364
2016-07-12 08:20:00,12.34
2016-07-12 08:30:00,12.316
2016-07-12 08:40:00,12.34
2016-07-12 08:50:00,12.389
2016-07-12 09:00:00,12.364
2016-07-12 09:10:00,12.389
2016-07-12 09:20:00,12.389
2016-07-12 09:30:00,12.389
2016-07-12 09:40:00,12.364
2016-07-12 09:50:00,12.34
2016-07-12 10:00:00,12.364
2016-07-12 10:10:00,12.34
2016-07-12 10:20:00,12.34
2016-07-12 10:30:00,12.34
2016-07-12 10:40:00,12.34
2016-07-12 10:50:00,12.34
2016-07-12 11:00:00,12.316
2016-07-12 11:10:00,12.316
2016-07-12 11:20:00,12.316
2016-07-12 11:30:00,12.316
2016-07-12 11:40:00,12.316
2016-07-12 11:50:00,12.292
2016-07-12 12:00:00,12.292
2016-07-12 12:10:00,12.292
2016-07-12 12:20:00,12.292
2016-07-12 12:30:00,12.292
2016-07-12 12:40:00,12.268
2016-07-12 12:50:00,12.268
2016-07-12 13:00:00,12.268
2016-07-12 13:10:00,12.268
2016-07-12 13:20:00,12.268
2016-07-12 13:30:00,12.268
2016-07-12 13:40:00,12.268
2016-07-12 13:50:00,12.268
2016-07-12 14:00:00,12.268
2016-07-12 14:10:00,12.292
2016-07-12 14:20:00,12.292
2016-07-12 14:30:00,12.316
2016-07-12 14:40:00,12.389
2016-07-12 14:50:00,12.437
2016-07-12 15:00:00,12.558
2016-07-12 15:10:00,12.678
2016-07-12 15:20:00,12.63
2016-07-12 15:30:00,12.992
2016-07-12 15:40:00,12.896
2016-07-12 15:50:00,13.329
2016-07-12 16:00:00,13.666
2016-07-12 16:10:00,13.978
2016-07-12 16:20:00,14.457
2016-07-12 16:30:00,14.697
2016-07-12 16:40:00,15.103
2016-07-12 16:50:00,15.342
2016-07-12 17:00:00,15.509
2016-07-12 17:10:00,15.843
2016-07-12 17:20:00,16.201
2016-07-12 17:30:00,16.487
2016-07-12 17:40:00,17.153
2016-07-12 17:50:00,17.677
2016-07-12 18:00:00,18.271
2016-07-12 18:10:00,18.533
2016-07-12 18:20:00,19.175
2016-07-12 18:30:00,19.627
2016-07-12 18:40:00,19.674
2016-07-12 18:50:00,19.817
2016-07-12 19:00:00,19.627
2016-07-12 19:10:00,19.365
2016-07-12 19:20:00,19.294
2016-07-12 19:30:00,20.103
2016-07-12 19:40:00,20.055
2016-07-12 19:50:00,19.151
2016-07-12 20:00:00,18.842
2016-07-12 20:10:00,17.986
2016-07-12 20:20:00,15.008
2016-07-12 20:30:00,16.129
2016-07-12 20:40:00,16.439
2016-07-12 20:50:00,14.649
2016-07-12 21:00:00,13.954
2016-07-12 21:10:00,13.449
2016-07-12 21:20:00,13.377
2016-07-12 21:30:00,13.209
2016-07-12 21:40:00,13.112
2016-07-12 21:50:00,13.161
2016-07-12 22:00:00,13.064
2016-07-12 22:10:00,13.016
2016-07-12 22:20:00,12.92
2016-07-12 22:30:00,12.92
2016-07-12 22:40:00,12.944
2016-07-12 22:50:00,13.016
2016-07-12 23:00:00,12.92
2016-07-12 23:10:00,12.92
2016-07-12 23:20:00,12.871
2016-07-12 23:30:00,12.871
2016-07-12 23:40:00,12.847
2016-07-12 23:50:00,12.823
2016-07-13 00:00:00,12.823
2016-07-13 00:10:00,12.823
2016-07-13 00:20:00,12.799
2016-07-13 00:30:00,12.799
2016-07-13 00:40:00,12.847
2016-07-13 00:50:00,12.823
2016-07-13 01:00:00,12.823
2016-07-13 01:10:00,12.847
2016-07-13 01:20:00,12.799
2016-07-13 01:30:00,12.775
2016-07-13 01:40:00,12.703
2016-07-13 01:50:00,12.654
2016-07-13 02:00:00,12.606
2016-07-13 02:10:00,12.582
2016-07-13 02:20:00,12.558
2016-07-13 02:30:00,12.558
2016-07-13 02:40:00,12.534
2016-07-13 02:50:00,12.509
2016-07-13 03:00:00,12.509
2016-07-13 03:10:00,12.485
2016-07-13 03:20:00,12.461
2016-07-13 03:30:00,12.389
2016-07-13 03:40:00,12.364
2016-07-13 03:50:00,12.316
2016-07-13 04:00:00,12.292
2016-07-13 04:10:00,12.243
2016-07-13 04:20:00,12.219
2016-07-13 04:30:00,12.195
2016-07-13 04:40:00,12.171
2016-07-13 04:50:00,12.098
2016-07-13 05:00:00,11.904
2016-07-13 05:10:00,11.807
2016-07-13 05:20:00,11.54
2016-07-13 05:30:00,11.248
2016-07-13 05:40:00,11.005
2016-07-13 05:50:00,10.858
2016-07-13 06:00:00,10.736
2016-07-13 06:10:00,10.614
2016-07-13 06:20:00,10.565
2016-07-13 06:30:00,10.59
2016-07-13 06:40:00,10.565
2016-07-13 06:50:00,10.614
2016-07-13 07:00:00,10.736
2016-07-13 07:10:00,10.956
2016-07-13 07:20:00,11.127
2016-07-13 07:30:00,11.224
2016-07-13 07:40:00,11.297
2016-07-13 07:50:00,11.37
2016-07-13 08:00:00,11.492
2016-07-13 08:10:00,11.589
2016-07-13 08:20:00,11.71
2016-07-13 08:30:00,11.807
2016-07-13 08:40:00,11.856
2016-07-13 08:50:00,11.929
2016-07-13 09:00:00,11.977
2016-07-13 09:10:00,12.05
2016-07-13 09:20:00,12.074
2016-07-13 09:30:00,12.098
2016-07-13 09:40:00,12.122
2016-07-13 09:50:00,12.147
2016-07-13 10:00:00,12.147
2016-07-13 10:10:00,12.147
2016-07-13 10:20:00,12.147
2016-07-13 10:30:00,12.171
2016-07-13 10:40:00,12.147
2016-07-13 10:50:00,12.147
2016-07-13 11:00:00,12.171
2016-07-13 11:10:00,12.171
2016-07-13 11:20:00,12.195
2016-07-13 11:30:00,12.171
2016-07-13 11:40:00,12.122
2016-07-13 11:50:00,12.098
2016-07-13 12:00:00,12.074
2016-07-13 12:10:00,12.074
2016-07-13 12:20:00,12.074
2016-07-13 12:30:00,12.098
2016-07-13 12:40:00,12.098
2016-07-13 12:50:00,12.098
2016-07-13 13:00:00,12.098
2016-07-13 13:10:00,12.098
2016-07-13 13:20:00,12.098
2016-07-13 13:30:00,12.098
2016-07-13 13:40:00,12.098
2016-07-13 13:50:00,12.122
2016-07-13 14:00:00,12.122
2016-07-13 14:10:00,12.122
2016-07-13 14:20:00,12.147
2016-07-13 14:30:00,12.171
2016-07-13 14:40:00,12.219
2016-07-13 14:50:00,12.219
2016-07-13 15:00:00,12.268
2016-07-13 15:10:00,12.268
2016-07-13 15:20:00,12.364
2016-07-13 15:30:00,12.509
2016-07-13 15:40:00,12.534
2016-07-13 15:50:00,12.823
2016-07-13 16:00:00,13.329
2016-07-13 16:10:00,13.81
2016-07-13 16:20:00,13.738
2016-07-13 16:30:00,14.361
2016-07-13 16:40:00,14.96
2016-07-13 16:50:00,15.294
2016-07-13 17:00:00,15.772
2016-07-13 17:10:00,16.344
2016-07-13 17:20:00,16.654
2016-07-13 17:30:00,19.175
2016-07-13 17:40:00,20.198
2016-07-13 17:50:00,21.127
2016-07-13 18:00:00,20.126
2016-07-13 18:10:00,20.46
2016-07-13 18:20:00,20.793
2016-07-13 18:30:00,20.341
2016-07-13 18:40:00,20.698
2016-07-13 18:50:00,20.507
2016-07-13 19:00:00,20.865
2016-07-13 19:10:00,21.891
2016-07-13 19:20:00,22.154
2016-07-13 19:30:00,21.246
2016-07-13 19:40:00,21.628
2016-07-13 19:50:00,21.939
2016-07-13 20:00:00,21.27
2016-07-13 20:10:00,20.126
2016-07-13 20:20:00,19.056
2016-07-13 20:30:00,17.843
2016-07-13 20:40:00,17.486
2016-07-13 20:50:00,17.605
2016-07-13 21:00:00,17.249
2016-07-13 21:10:00,15.652
2016-07-13 21:20:00,14.745
2016-07-13 21:30:00,14.074
2016-07-13 21:40:00,13.714
2016-07-13 21:50:00,13.57
2016-07-13 22:00:00,13.473
2016-07-13 22:10:00,13.161
2016-07-13 22:20:00,12.92
2016-07-13 22:30:00,12.847
2016-07-13 22:40:00,12.727
2016-07-13 22:50:00,12.703
2016-07-13 23:00:00,12.582
2016-07-13 23:10:00,12.558
2016-07-13 23:20:00,12.534
2016-07-13 23:30:00,12.558
2016-07-13 23:40:00,12.534
2016-07-13 23:50:00,12.558
2016-07-14 00:00:00,12.558
2016-07-14 00:10:00,12.558
2016-07-14 00:20:00,12.558
2016-07-14 00:30:00,12.558
2016-07-14 00:40:00,12.558
2016-07-14 00:50:00,12.582
2016-07-14 01:00:00,12.606
2016-07-14 01:10:00,12.606
2016-07-14 01:20:00,12.606
2016-07-14 01:30:00,12.63
2016-07-14 01:40:00,12.654
2016-07-14 01:50:00,12.703
2016-07-14 02:00:00,12.727
2016-07-14 02:10:00,12.727
2016-07-14 02:20:00,12.727
2016-07-14 02:30:00,12.727
2016-07-14 02:40:00,12.727
2016-07-14 02:50:00,12.727
2016-07-14 03:00:00,12.727
2016-07-14 03:10:00,12.727
2016-07-14 03:20:00,12.727
2016-07-14 03:30:00,12.727
2016-07-14 03:40:00,12.727
2016-07-14 03:50:00,12.703
2016-07-14 04:00:00,12.678
2016-07-14 04:10:00,12.678
2016-07-14 04:20:00,12.654
2016-07-14 04:30:00,12.654
2016-07-14 04:40:00,12.63
2016-07-14 04:50:00,12.606
2016-07-14 05:00:00,12.582
2016-07-14 05:10:00,12.558
2016-07-14 05:20:00,12.534
2016-07-14 05:30:00,12.485
2016-07-14 05:40:00,12.461
2016-07-14 05:50:00,12.461
2016-07-14 06:00:00,12.461
2016-07-14 06:10:00,12.437
2016-07-14 06:20:00,12.437
2016-07-14 06:30:00,12.389
2016-07-14 06:40:00,12.389
2016-07-14 06:50:00,12.364
2016-07-14 07:00:00,12.34
2016-07-14 07:10:00,12.34
2016-07-14 07:20:00,12.316
2016-07-14 07:30:00,12.268
2016-07-14 07:40:00,12.243
2016-07-14 07:50:00,12.243
2016-07-14 08:00:00,12.243
2016-07-14 08:10:00,12.219
2016-07-14 08:20:00,12.195
2016-07-14 08:30:00,12.147
2016-07-14 08:40:00,12.147
2016-07-14 08:50:00,12.122
2016-07-14 09:00:00,12.122
2016-07-14 09:10:00,12.098
2016-07-14 09:20:00,12.098
2016-07-14 09:30:00,12.074
2016-07-14 09:40:00,12.05
2016-07-14 09:50:00,12.05
2016-07-14 10:00:00,12.05
2016-07-14 10:10:00,12.025
2016-07-14 10:20:00,12.025
2016-07-14 10:30:00,12.025
2016-07-14 10:40:00,12.001
2016-07-14 10:50:00,12.001
2016-07-14 11:00:00,11.977
2016-07-14 11:10:00,11.953
2016-07-14 11:20:00,11.929
2016-07-14 11:30:00,11.929
2016-07-14 11:40:00,11.953
2016-07-14 11:50:00,11.953
2016-07-14 12:00:00,11.929
2016-07-14 12:10:00,11.929
2016-07-14 12:20:00,11.929
2016-07-14 12:30:00,11.904
2016-07-14 12:40:00,11.904
2016-07-14 12:50:00,11.904
2016-07-14 13:00:00,11.953
2016-07-14 13:10:00,12.074
2016-07-14 13:20:00,12.098
2016-07-14 13:30:00,12.098
2016-07-14 13:40:00,12.171
2016-07-14 13:50:00,12.268
2016-07-14 14:00:00,12.316
2016-07-14 14:10:00,12.389
2016-07-14 14:20:00,12.413
2016-07-14 14:30:00,12.389
2016-07-14 14:40:00,12.389
2016-07-14 14:50:00,12.437
2016-07-14 15:00:00,12.485
2016-07-14 15:10:00,12.534
2016-07-14 15:20:00,12.558
2016-07-14 15:30:00,12.534
2016-07-14 15:40:00,12.654
2016-07-14 15:50:00,12.727
2016-07-14 16:00:00,13.088
2016-07-14 16:10:00,13.137
2016-07-14 16:20:00,13.016
2016-07-14 16:30:00,13.064
2016-07-14 16:40:00,13.064
2016-07-14 16:50:00,13.834
2016-07-14 17:00:00,13.546
2016-07-14 17:10:00,14.721
2016-07-14 17:20:00,15.939
2016-07-14 17:30:00,16.534
2016-07-14 17:40:00,17.13
2016-07-14 17:50:00,17.915
2016-07-14 18:00:00,17.701
2016-07-14 18:10:00,18.2
2016-07-14 18:20:00,19.103
2016-07-14 18:30:00,19.389
2016-07-14 18:40:00,19.912
2016-07-14 18:50:00,20.365
2016-07-14 19:00:00,19.698
2016-07-14 19:10:00,19.865
2016-07-14 19:20:00,21.056
2016-07-14 19:30:00,21.676
2016-07-14 19:40:00,21.079
2016-07-14 19:50:00,20.484
2016-07-14 20:00:00,20.365
2016-07-14 20:10:00,20.603
2016-07-14 20:20:00,19.936
2016-07-14 20:30:00,19.603
2016-07-14 20:40:00,19.579
2016-07-14 20:50:00,19.865
2016-07-14 21:00:00,18.343
2016-07-14 21:10:00,18.271
2016-07-14 21:20:00,17.415
2016-07-14 21:30:00,16.963
2016-07-14 21:40:00,16.487
2016-07-14 21:50:00,15.509
2016-07-14 22:00:00,14.505
2016-07-14 22:10:00,13.906
2016-07-14 22:20:00,13.954
2016-07-14 22:30:00,13.762
2016-07-14 22:40:00,13.57
2016-07-14 22:50:00,13.546
2016-07-14 23:00:00,13.425
2016-07-14 23:10:00,13.353
2016-07-14 23:20:00,13.353
2016-07-14 23:30:00,13.281
2016-07-14 23:40:00,13.257
2016-07-14 23:50:00,13.257
2016-07-15 00:00:00,13.257
2016-07-15 00:10:00,13.233
2016-07-15 00:20:00,13.185
2016-07-15 00:30:00,13.185
2016-07-15 00:40:00,13.161
2016-07-15 00:50:00,13.137
2016-07-15 01:00:00,13.112
2016-07-15 01:10:00,13.137
2016-07-15 01:20:00,13.137
2016-07-15 01:30:00,13.137
2016-07-15 01:40:00,13.161
2016-07-15 01:50:00,13.161
2016-07-15 02:00:00,13.161
2016-07-15 02:10:00,13.161
2016-07-15 02:20:00,13.185
2016-07-15 02:30:00,13.161
2016-07-15 02:40:00,13.185
2016-07-15 02:50:00,13.161
2016-07-15 03:00:00,13.185
2016-07-15 03:10:00,13.161
2016-07-15 03:20:00,13.161
2016-07-15 03:30:00,13.161
2016-07-15 03:40:00,13.161
2016-07-15 03:50:00,13.137
2016-07-15 04:00:00,13.137
2016-07-15 04:10:00,13.137
2016-07-15 04:20:00,13.137
2016-07-15 04:30:00,13.137
2016-07-15 04:40:00,13.112
2016-07-15 04:50:00,13.112
2016-07-15 05:00:00,13.088
2016-07-15 05:10:00,13.04
2016-07-15 05:20:00,12.992
2016-07-15 05:30:00,12.944
2016-07-15 05:40:00,12.92
2016-07-15 05:50:00,12.871
2016-07-15 06:00:00,12.847
2016-07-15 06:10:00,12.799
2016-07-15 06:20:00,12.751
2016-07-15 06:30:00,12.727
2016-07-15 06:40:00,12.703
2016-07-15 06:50:00,12.703
2016-07-15 07:00:00,12.678
2016-07-15 07:10:00,12.654
2016-07-15 07:20:00,12.63
2016-07-15 07:30:00,12.606
2016-07-15 07:40:00,12.582
2016-07-15 07:50:00,12.582
2016-07-15 08:00:00,12.558
2016-07-15 08:10:00,12.534
2016-07-15 08:20:00,12.534
2016-07-15 08:30:00,12.485
2016-07-15 08:40:00,12.413
2016-07-15 08:50:00,12.389
2016-07-15 09:00:00,12.389
2016-07-15 09:10:00,12.364
2016-07-15 09:20:00,12.34
2016-07-15 09:30:00,12.34
2016-07-15 09:40:00,12.34
2016-07-15 09:50:00,12.316
2016-07-15 10:00:00,12.268
2016-07-15 10:10:00,12.268
2016-07-15 10:20:00,12.268
2016-07-15 10:30:00,12.268
2016-07-15 10:40:00,12.268
2016-07-15 10:50:00,12.219
2016-07-15 11:00:00,12.195
2016-07-15 11:10:00,12.195
2016-07-15 11:20:00,12.171
2016-07-15 11:30:00,12.171
2016-07-15 11:40:00,12.147
2016-07-15 11:50:00,12.122
2016-07-15 12:00:00,12.147
2016-07-15 12:10:00,12.147
2016-07-15 12:20:00,12.171
2016-07-15 12:30:00,12.195
2016-07-15 12:40:00,12.219
2016-07-15 12:50:00,12.243
2016-07-15 13:00:00,12.268
2016-07-15 13:10:00,12.268
2016-07-15 13:20:00,12.34
2016-07-15 13:30:00,12.437
2016-07-15 13:40:00,12.485
2016-07-15 13:50:00,12.485
2016-07-15 14:00:00,12.509
2016-07-15 14:10:00,12.509
2016-07-15 14:20:00,12.509
2016-07-15 14:30:00,12.509
2016-07-15 14:40:00,12.509
2016-07-15 14:50:00,12.534
2016-07-15 15:00:00,12.558
2016-07-15 15:10:00,12.558
2016-07-15 15:20:00,12.582
2016-07-15 15:30:00,12.606
2016-07-15 15:40:00,12.606
2016-07-15 15:50:00,12.63
2016-07-15 16:00:00,12.654
2016-07-15 16:10:00,12.63
2016-07-15 16:20:00,12.678
2016-07-15 16:30:00,12.775
2016-07-15 16:40:00,12.823
2016-07-15 16:50:00,12.823
2016-07-15 17:00:00,12.823
2016-07-15 17:10:00,12.896
2016-07-15 17:20:00,12.992
2016-07-15 17:30:00,13.064
2016-07-15 17:40:00,13.209
2016-07-15 17:50:00,13.401
2016-07-15 18:00:00,13.546
2016-07-15 18:10:00,14.194
2016-07-15 18:20:00,14.337
2016-07-15 18:30:00,14.074
2016-07-15 18:40:00,14.625
2016-07-15 18:50:00,15.199
2016-07-15 19:00:00,16.606
2016-07-15 19:10:00,16.725
2016-07-15 19:20:00,16.868
2016-07-15 19:30:00,17.153
2016-07-15 19:40:00,18.01
2016-07-15 19:50:00,17.843
2016-07-15 20:00:00,19.008
2016-07-15 20:10:00,18.414
2016-07-15 20:20:00,19.413
2016-07-15 20:30:00,19.222
2016-07-15 20:40:00,19.389
2016-07-15 20:50:00,20.531
2016-07-15 21:00:00,21.175
2016-07-15 21:10:00,19.27
2016-07-15 21:20:00,18.937
2016-07-15 21:30:00,17.082
2016-07-15 21:40:00,17.296
2016-07-15 21:50:00,16.225
2016-07-15 22:00:00,15.175
2016-07-15 22:10:00,15.055
2016-07-15 22:20:00,14.529
2016-07-15 22:30:00,13.786
2016-07-15 22:40:00,13.473
2016-07-15 22:50:00,13.353
2016-07-15 23:00:00,13.064
2016-07-15 23:10:00,12.992
2016-07-15 23:20:00,12.968
2016-07-15 23:30:00,12.847
2016-07-15 23:40:00,12.823
2016-07-15 23:50:00,12.775
2016-07-16 00:00:00,12.751
2016-07-16 00:10:00,12.727
2016-07-16 00:20:00,12.703
2016-07-16 00:30:00,12.703
2016-07-16 00:40:00,12.703
2016-07-16 00:50:00,12.678
2016-07-16 01:00:00,12.678
2016-07-16 01:10:00,12.63
2016-07-16 01:20:00,12.63
2016-07-16 01:30:00,12.606
2016-07-16 01:40:00,12.606
2016-07-16 01:50:00,12.582
2016-07-16 02:00:00,12.558
2016-07-16 02:10:00,12.534
2016-07-16 02:20:00,12.534
2016-07-16 02:30:00,12.509
2016-07-16 02:40:00,12.534
2016-07-16 02:50:00,12.534
2016-07-16 03:00:00,12.509
2016-07-16 03:10:00,12.509
2016-07-16 03:20:00,12.534
2016-07-16 03:30:00,12.534
2016-07-16 03:40:00,12.534
2016-07-16 03:50:00,12.582
2016-07-16 04:00:00,12.606
2016-07-16 04:10:00,12.582
2016-07-16 04:20:00,12.558
2016-07-16 04:30:00,12.558
2016-07-16 04:40:00,12.582
2016-07-16 04:50:00,12.534
2016-07-16 05:00:00,12.509
2016-07-16 05:10:00,12.534
2016-07-16 05:20:00,12.509
2016-07-16 05:30:00,12.509
2016-07-16 05:40:00,12.509
2016-07-16 05:50:00,12.485
2016-07-16 06:00:00,12.461
2016-07-16 06:10:00,12.461
2016-07-16 06:20:00,12.461
2016-07-16 06:30:00,12.485
2016-07-16 06:40:00,12.534
2016-07-16 06:50:00,12.558
2016-07-16 07:00:00,12.582
2016-07-16 07:10:00,12.606
2016-07-16 07:20:00,12.63
2016-07-16 07:30:00,12.654
2016-07-16 07:40:00,12.654
2016-07-16 07:50:00,12.678
2016-07-16 08:00:00,12.678
2016-07-16 08:10:00,12.678
2016-07-16 08:20:00,12.678
2016-07-16 08:30:00,12.678
2016-07-16 08:40:00,12.678
2016-07-16 08:50:00,12.678
2016-07-16 09:00:00,12.678
2016-07-16 09:10:00,12.678
2016-07-16 09:20:00,12.678
2016-07-16 09:30:00,12.678
2016-07-16 09:40:00,12.654
2016-07-16 09:50:00,12.654
2016-07-16 10:00:00,12.654
2016-07-16 10:10:00,12.654
2016-07-16 10:20:00,12.654
2016-07-16 10:30:00,12.654
2016-07-16 10:40:00,12.654
2016-07-16 10:50:00,12.654
2016-07-16 11:00:00,12.63
2016-07-16 11:10:00,12.63
2016-07-16 11:20:00,12.606
2016-07-16 11:30:00,12.606
2016-07-16 11:40:00,12.582
2016-07-16 11:50:00,12.582
2016-07-16 12:00:00,12.558
2016-07-16 12:10:00,12.558
2016-07-16 12:20:00,12.534
2016-07-16 12:30:00,12.534
2016-07-16 12:40:00,12.534
2016-07-16 12:50:00,12.534
2016-07-16 13:00:00,12.509
2016-07-16 13:10:00,12.509
2016-07-16 13:20:00,12.534
2016-07-16 13:30:00,12.582
2016-07-16 13:40:00,12.654
2016-07-16 13:50:00,12.703
2016-07-16 14:00:00,12.775
2016-07-16 14:10:00,12.823
2016-07-16 14:20:00,12.823
2016-07-16 14:30:00,12.847
2016-07-16 14:40:00,12.823
2016-07-16 14:50:00,12.847
2016-07-16 15:00:00,12.871
2016-07-16 15:10:00,12.968
2016-07-16 15:20:00,12.968
2016-07-16 15:30:00,12.992
2016-07-16 15:40:00,13.016
2016-07-16 15:50:00,13.016
2016-07-16 16:00:00,13.016
2016-07-16 16:10:00,13.016
2016-07-16 16:20:00,13.016
2016-07-16 16:30:00,13.04
2016-07-16 16:40:00,13.04
2016-07-16 16:50:00,13.112
2016-07-16 17:00:00,13.137
2016-07-16 17:10:00,13.161
2016-07-16 17:20:00,13.161
2016-07-16 17:30:00,13.161
2016-07-16 17:40:00,13.185
2016-07-16 17:50:00,13.185
2016-07-16 18:00:00,13.305
2016-07-16 18:10:00,13.353
2016-07-16 18:20:00,13.353
2016-07-16 18:30:00,13.377
2016-07-16 18:40:00,13.594
2016-07-16 18:50:00,13.618
2016-07-16 19:00:00,13.666
2016-07-16 19:10:00,14.05
2016-07-16 19:20:00,14.026
2016-07-16 19:30:00,14.29
2016-07-16 19:40:00,14.266
2016-07-16 19:50:00,15.127
2016-07-16 20:00:00,16.106
2016-07-16 20:10:00,15.509
2016-07-16 20:20:00,16.844
2016-07-16 20:30:00,16.463
2016-07-16 20:40:00,18.081
2016-07-16 20:50:00,18.652
2016-07-16 21:00:00,19.294
2016-07-16 21:10:00,19.674
2016-07-16 21:20:00,17.938
2016-07-16 21:30:00,16.892
2016-07-16 21:40:00,16.773
2016-07-16 21:50:00,15.963
2016-07-16 22:00:00,16.749
2016-07-16 22:10:00,15.963
2016-07-16 22:20:00,15.676
2016-07-16 22:30:00,16.01
2016-07-16 22:40:00,14.745
2016-07-16 22:50:00,14.409
2016-07-16 23:00:00,14.242
2016-07-16 23:10:00,14.17
2016-07-16 23:20:00,13.882
2016-07-16 23:30:00,13.858
2016-07-16 23:40:00,13.882
2016-07-16 23:50:00,13.738
2016-07-17 00:00:00,13.81
2016-07-17 00:10:00,13.738
2016-07-17 00:20:00,13.618
2016-07-17 00:30:00,13.546
2016-07-17 00:40:00,13.546
2016-07-17 00:50:00,13.497
2016-07-17 01:00:00,13.473
2016-07-17 01:10:00,13.449
2016-07-17 01:20:00,13.401
2016-07-17 01:30:00,13.401
2016-07-17 01:40:00,13.377
2016-07-17 01:50:00,13.353
2016-07-17 02:00:00,13.329
2016-07-17 02:10:00,13.329
2016-07-17 02:20:00,13.305
2016-07-17 02:30:00,13.305
2016-07-17 02:40:00,13.281
2016-07-17 02:50:00,13.257
2016-07-17 03:00:00,13.257
2016-07-17 03:10:00,13.233
2016-07-17 03:20:00,13.233
2016-07-17 03:30:00,13.257
2016-07-17 03:40:00,13.257
2016-07-17 03:50:00,13.257
2016-07-17 04:00:00,13.257
2016-07-17 04:10:00,13.305
2016-07-17 04:20:00,13.305
2016-07-17 04:30:00,13.329
2016-07-17 04:40:00,13.353
2016-07-17 04:50:00,13.377
2016-07-17 05:00:00,13.377
2016-07-17 05:10:00,13.401
2016-07-17 05:20:00,13.401
2016-07-17 05:30:00,13.401
2016-07-17 05:40:00,13.401
2016-07-17 05:50:00,13.377
2016-07-17 06:00:00,13.377
2016-07-17 06:10:00,13.377
2016-07-17 06:20:00,13.353
2016-07-17 06:30:00,13.353
2016-07-17 06:40:00,13.353
2016-07-17 06:50:00,13.377
2016-07-17 07:00:00,13.377
2016-07-17 07:10:00,13.377
2016-07-17 07:20:00,13.329
2016-07-17 07:30:00,13.305
2016-07-17 07:40:00,13.257
2016-07-17 07:50:00,13.233
2016-07-17 08:00:00,13.209
2016-07-17 08:10:00,13.209
2016-07-17 08:20:00,13.185
2016-07-17 08:30:00,13.137
2016-07-17 08:40:00,13.064
2016-07-17 08:50:00,13.016
2016-07-17 09:00:00,12.992
2016-07-17 09:10:00,12.968
2016-07-17 09:20:00,12.968
2016-07-17 09:30:00,12.944
2016-07-17 09:40:00,12.944
2016-07-17 09:50:00,12.944
2016-07-17 10:00:00,12.944
2016-07-17 10:10:00,12.968
2016-07-17 10:20:00,12.944
2016-07-17 10:30:00,12.944
2016-07-17 10:40:00,12.896
2016-07-17 10:50:00,12.871
2016-07-17 11:00:00,12.871
2016-07-17 11:10:00,12.896
2016-07-17 11:20:00,12.896
2016-07-17 11:30:00,12.896
2016-07-17 11:40:00,12.92
2016-07-17 11:50:00,12.944
2016-07-17 12:00:00,12.968
2016-07-17 12:10:00,12.944
2016-07-17 12:20:00,12.944
2016-07-17 12:30:00,12.944
2016-07-17 12:40:00,12.944
2016-07-17 12:50:00,12.968
2016-07-17 13:00:00,12.992
2016-07-17 13:10:00,13.016
2016-07-17 13:20:00,13.04
2016-07-17 13:30:00,13.064
2016-07-17 13:40:00,13.112
2016-07-17 13:50:00,13.209
2016-07-17 14:00:00,13.377
2016-07-17 14:10:00,13.546
2016-07-17 14:20:00,13.618
2016-07-17 14:30:00,14.05
2016-07-17 14:40:00,14.122
2016-07-17 14:50:00,14.337
2016-07-17 15:00:00,14.457
2016-07-17 15:10:00,14.505
2016-07-17 15:20:00,14.577
2016-07-17 15:30:00,14.649
2016-07-17 15:40:00,14.649
2016-07-17 15:50:00,14.673
2016-07-17 16:00:00,14.697
2016-07-17 16:10:00,14.721
2016-07-17 16:20:00,14.745
2016-07-17 16:30:00,14.792
2016-07-17 16:40:00,14.816
2016-07-17 16:50:00,14.84
2016-07-17 17:00:00,14.864
2016-07-17 17:10:00,14.912
2016-07-17 17:20:00,14.984
2016-07-17 17:30:00,14.984
2016-07-17 17:40:00,14.984
2016-07-17 17:50:00,15.031
2016-07-17 18:00:00,15.199
2016-07-17 18:10:00,15.39
2016-07-17 18:20:00,15.533
2016-07-17 18:30:00,15.485
2016-07-17 18:40:00,15.557
2016-07-17 18:50:00,15.605
2016-07-17 19:00:00,15.247
2016-07-17 19:10:00,15.294
2016-07-17 19:20:00,15.461
2016-07-17 19:30:00,15.605
2016-07-17 19:40:00,15.891
2016-07-17 19:50:00,15.796
2016-07-17 20:00:00,15.939
2016-07-17 20:10:00,16.106
2016-07-17 20:20:00,17.249
2016-07-17 20:30:00,17.439
2016-07-17 20:40:00,17.225
2016-07-17 20:50:00,17.51
2016-07-17 21:00:00,17.368
2016-07-17 21:10:00,18.129
2016-07-17 21:20:00,17.796
2016-07-17 21:30:00,18.343
2016-07-17 21:40:00,18.557
2016-07-17 21:50:00,18.937
2016-07-17 22:00:00,18.866
2016-07-17 22:10:00,18.533
2016-07-17 22:20:00,18.2
2016-07-17 22:30:00,17.391
2016-07-17 22:40:00,16.749
2016-07-17 22:50:00,16.701
2016-07-17 23:00:00,16.773
2016-07-17 23:10:00,16.439
2016-07-17 23:20:00,16.01
2016-07-17 23:30:00,15.915
2016-07-17 23:40:00,15.819
2016-07-17 23:50:00,15.843
2016-07-18 00:00:00,15.748
2016-07-18 00:10:00,15.676
2016-07-18 00:20:00,15.652
2016-07-18 00:30:00,15.581
2016-07-18 00:40:00,15.533
2016-07-18 00:50:00,15.557
2016-07-18 01:00:00,15.509
2016-07-18 01:10:00,15.461
2016-07-18 01:20:00,15.438
2016-07-18 01:30:00,15.461
2016-07-18 01:40:00,15.461
2016-07-18 01:50:00,15.414
2016-07-18 02:00:00,15.39
2016-07-18 02:10:00,15.366
2016-07-18 02:20:00,15.342
2016-07-18 02:30:00,15.318
2016-07-18 02:40:00,15.27
2016-07-18 02:50:00,15.247
2016-07-18 03:00:00,15.223
2016-07-18 03:10:00,15.199
2016-07-18 03:20:00,15.199
2016-07-18 03:30:00,15.175
2016-07-18 03:40:00,15.175
2016-07-18 03:50:00,15.199
2016-07-18 04:00:00,15.247
2016-07-18 04:10:00,15.27
2016-07-18 04:20:00,15.27
2016-07-18 04:30:00,15.294
2016-07-18 04:40:00,15.294
2016-07-18 04:50:00,15.294
2016-07-18 05:00:00,15.27
2016-07-18 05:10:00,15.247
2016-07-18 05:20:00,15.223
2016-07-18 05:30:00,15.223
2016-07-18 05:40:00,15.223
2016-07-18 05:50:00,15.199
2016-07-18 06:00:00,15.175
2016-07-18 06:10:00,15.175
2016-07-18 06:20:00,15.151
2016-07-18 06:30:00,15.103
2016-07-18 06:40:00,15.103
2016-07-18 06:50:00,15.079
2016-07-18 07:00:00,15.079
2016-07-18 07:10:00,15.031
2016-07-18 07:20:00,14.984
2016-07-18 07:30:00,14.96
2016-07-18 07:40:00,14.864
2016-07-18 07:50:00,14.673
2016-07-18 08:00:00,14.577
2016-07-18 08:10:00,14.505
2016-07-18 08:20:00,14.409
2016-07-18 08:30:00,14.314
2016-07-18 08:40:00,14.266
2016-07-18 08:50:00,14.242
2016-07-18 09:00:00,14.194
2016-07-18 09:10:00,14.17
2016-07-18 09:20:00,14.146
2016-07-18 09:30:00,14.122
2016-07-18 09:40:00,14.098
2016-07-18 09:50:00,14.05
2016-07-18 10:00:00,14.002
2016-07-18 10:10:00,13.954
2016-07-18 10:20:00,13.93
2016-07-18 10:30:00,13.906
2016-07-18 10:40:00,13.882
2016-07-18 10:50:00,13.858
2016-07-18 11:00:00,13.834
2016-07-18 11:10:00,13.762
2016-07-18 11:20:00,13.666
2016-07-18 11:30:00,13.594
2016-07-18 11:40:00,13.522
2016-07-18 11:50:00,13.473
2016-07-18 12:00:00,13.425
2016-07-18 12:10:00,13.425
2016-07-18 12:20:00,13.401
2016-07-18 12:30:00,13.401
2016-07-18 12:40:00,13.377
2016-07-18 12:50:00,13.377
2016-07-18 13:00:00,13.377
2016-07-18 13:10:00,13.353
2016-07-18 13:20:00,13.353
2016-07-18 13:30:00,13.401
2016-07-18 13:40:00,13.473
2016-07-18 13:50:00,13.546
2016-07-18 14:00:00,13.57
2016-07-18 14:10:00,13.642
2016-07-18 14:20:00,13.762
2016-07-18 14:30:00,13.834
2016-07-18 14:40:00,13.93
2016-07-18 14:50:00,14.002
2016-07-18 15:00:00,14.098
2016-07-18 15:10:00,14.218
2016-07-18 15:20:00,14.242
2016-07-18 15:30:00,14.29
2016-07-18 15:40:00,14.266
2016-07-18 15:50:00,14.29
2016-07-18 16:00:00,14.314
2016-07-18 16:10:00,14.29
2016-07-18 16:20:00,14.314
2016-07-18 16:30:00,14.385
2016-07-18 16:40:00,14.457
2016-07-18 16:50:00,14.505
2016-07-18 17:00:00,14.505
2016-07-18 17:10:00,14.529
2016-07-18 17:20:00,14.577
2016-07-18 17:30:00,14.625
2016-07-18 17:40:00,14.649
2016-07-18 17:50:00,14.673
2016-07-18 18:00:00,14.697
2016-07-18 18:10:00,14.96
2016-07-18 18:20:00,15.461
2016-07-18 18:30:00,15.676
2016-07-18 18:40:00,15.533
2016-07-18 18:50:00,15.629
2016-07-18 19:00:00,15.724
2016-07-18 19:10:00,15.652
2016-07-18 19:20:00,15.223
2016-07-18 19:30:00,15.199
2016-07-18 19:40:00,15.175
2016-07-18 19:50:00,15.175
2016-07-18 20:00:00,16.177
2016-07-18 20:10:00,15.891
2016-07-18 20:20:00,16.892
2016-07-18 20:30:00,17.463
2016-07-18 20:40:00,16.463
2016-07-18 20:50:00,15.652
2016-07-18 21:00:00,16.177
2016-07-18 21:10:00,18.414
2016-07-18 21:20:00,19.674
2016-07-18 21:30:00,19.817
2016-07-18 21:40:00,18.889
2016-07-18 21:50:00,18.699
2016-07-18 22:00:00,18.604
2016-07-18 22:10:00,19.365
2016-07-18 22:20:00,19.27
2016-07-18 22:30:00,19.436
2016-07-18 22:40:00,19.175
2016-07-18 22:50:00,18.866
2016-07-18 23:00:00,18.39
2016-07-18 23:10:00,18.438
2016-07-18 23:20:00,17.201
2016-07-18 23:30:00,17.153
2016-07-18 23:40:00,17.748
2016-07-18 23:50:00,17.249
2016-07-19 00:00:00,16.844
2016-07-19 00:10:00,16.582
2016-07-19 00:20:00,16.058
2016-07-19 00:30:00,15.843
2016-07-19 00:40:00,15.629
2016-07-19 00:50:00,15.485
2016-07-19 01:00:00,15.414
2016-07-19 01:10:00,15.27
2016-07-19 01:20:00,15.175
2016-07-19 01:30:00,15.103
2016-07-19 01:40:00,14.96
2016-07-19 01:50:00,14.912
2016-07-19 02:00:00,14.864
2016-07-19 02:10:00,14.816
2016-07-19 02:20:00,14.84
2016-07-19 02:30:00,14.792
2016-07-19 02:40:00,14.816
2016-07-19 02:50:00,14.792
2016-07-19 03:00:00,14.768
2016-07-19 03:10:00,14.792
2016-07-19 03:20:00,14.816
2016-07-19 03:30:00,14.816
2016-07-19 03:40:00,14.816
2016-07-19 03:50:00,14.816
2016-07-19 04:00:00,14.768
2016-07-19 04:10:00,14.792
2016-07-19 04:20:00,14.768
2016-07-19 04:30:00,14.697
2016-07-19 04:40:00,14.697
2016-07-19 04:50:00,14.673
2016-07-19 05:00:00,14.697
2016-07-19 05:10:00,14.649
2016-07-19 05:20:00,14.601
2016-07-19 05:30:00,14.529
2016-07-19 05:40:00,14.481
2016-07-19 05:50:00,14.433
2016-07-19 06:00:00,14.409
2016-07-19 06:10:00,14.409
2016-07-19 06:20:00,14.385
2016-07-19 06:30:00,14.409
2016-07-19 06:40:00,14.385
2016-07-19 06:50:00,14.337
2016-07-19 07:00:00,14.314
2016-07-19 07:10:00,14.314
2016-07-19 07:20:00,14.29
2016-07-19 07:30:00,14.29
2016-07-19 07:40:00,14.266
2016-07-19 07:50:00,14.242
2016-07-19 08:00:00,14.098
2016-07-19 08:10:00,13.81
2016-07-19 08:20:00,13.401
2016-07-19 08:30:00,13.112
2016-07-19 08:40:00,12.992
2016-07-19 08:50:00,13.064
2016-07-19 09:00:00,13.161
2016-07-19 09:10:00,13.209
2016-07-19 09:20:00,13.281
2016-07-19 09:30:00,13.329
2016-07-19 09:40:00,13.353
2016-07-19 09:50:00,13.377
2016-07-19 10:00:00,13.425
2016-07-19 10:10:00,13.449
2016-07-19 10:20:00,13.473
2016-07-19 10:30:00,13.473
2016-07-19 10:40:00,13.473
2016-07-19 10:50:00,13.497
2016-07-19 11:00:00,13.497
2016-07-19 11:10:00,13.522
2016-07-19 11:20:00,13.522
2016-07-19 11:30:00,13.522
2016-07-19 11:40:00,13.497
2016-07-19 11:50:00,13.497
2016-07-19 12:00:00,13.449
2016-07-19 12:10:00,13.425
2016-07-19 12:20:00,13.425
2016-07-19 12:30:00,13.401
2016-07-19 12:40:00,13.401
2016-07-19 12:50:00,13.401
2016-07-19 13:00:00,13.377
2016-07-19 13:10:00,13.377
2016-07-19 13:20:00,13.353
2016-07-19 13:30:00,13.377
2016-07-19 13:40:00,13.425
2016-07-19 13:50:00,13.473
2016-07-19 14:00:00,13.546
2016-07-19 14:10:00,13.642
2016-07-19 14:20:00,13.786
2016-07-19 14:30:00,13.882
2016-07-19 14:40:00,14.05
2016-07-19 14:50:00,14.218
2016-07-19 15:00:00,14.361
2016-07-19 15:10:00,14.553
2016-07-19 15:20:00,14.792
2016-07-19 15:30:00,14.888
2016-07-19 15:40:00,15.008
2016-07-19 15:50:00,15.127
2016-07-19 16:00:00,15.247
2016-07-19 16:10:00,14.721
2016-07-19 16:20:00,14.505
2016-07-19 16:30:00,14.529
2016-07-19 16:40:00,14.481
2016-07-19 16:50:00,14.433
2016-07-19 17:00:00,14.433
2016-07-19 17:10:00,14.481
2016-07-19 17:20:00,14.433
2016-07-19 17:30:00,14.409
2016-07-19 17:40:00,14.457
2016-07-19 17:50:00,14.409
2016-07-19 18:00:00,14.505
2016-07-19 18:10:00,14.529
2016-07-19 18:20:00,14.601
2016-07-19 18:30:00,14.577
2016-07-19 18:40:00,14.553
2016-07-19 18:50:00,14.601
2016-07-19 19:00:00,14.649
2016-07-19 19:10:00,14.697
2016-07-19 19:20:00,14.721
2016-07-19 19:30:00,14.888
2016-07-19 19:40:00,14.864
2016-07-19 19:50:00,14.84
2016-07-19 20:00:00,14.984
2016-07-19 20:10:00,15.103
2016-07-19 20:20:00,15.318
2016-07-19 20:30:00,15.294
2016-07-19 20:40:00,15.485
2016-07-19 20:50:00,15.748
2016-07-19 21:00:00,16.368
2016-07-19 21:10:00,17.13
2016-07-19 21:20:00,17.843
2016-07-19 21:30:00,17.32
2016-07-19 21:40:00,17.701
2016-07-19 21:50:00,17.415
2016-07-19 22:00:00,17.558
2016-07-19 22:10:00,18.105
2016-07-19 22:20:00,18.533
2016-07-19 22:30:00,19.008
2016-07-19 22:40:00,19.793
2016-07-19 22:50:00,20.627
2016-07-19 23:00:00,20.841
2016-07-19 23:10:00,21.223
2016-07-19 23:20:00,21.581
2016-07-19 23:30:00,22.345
2016-07-19 23:40:00,21.819
2016-07-19 23:50:00,21.891
2016-07-20 00:00:00,21.318
2016-07-20 00:10:00,21.39
2016-07-20 00:20:00,19.984
2016-07-20 00:30:00,18.937
2016-07-20 00:40:00,17.011
2016-07-20 00:50:00,16.701
2016-07-20 01:00:00,15.915
2016-07-20 01:10:00,15.438
2016-07-20 01:20:00,15.199
2016-07-20 01:30:00,14.84
2016-07-20 01:40:00,14.721
2016-07-20 01:50:00,14.577
2016-07-20 02:00:00,14.505
2016-07-20 02:10:00,14.433
2016-07-20 02:20:00,14.409
2016-07-20 02:30:00,14.385
2016-07-20 02:40:00,14.361
2016-07-20 02:50:00,14.361
2016-07-20 03:00:00,14.361
2016-07-20 03:10:00,14.361
2016-07-20 03:20:00,14.361
2016-07-20 03:30:00,14.409
2016-07-20 03:40:00,14.433
2016-07-20 03:50:00,14.433
2016-07-20 04:00:00,14.457
2016-07-20 04:10:00,14.457
2016-07-20 04:20:00,14.457
2016-07-20 04:30:00,14.457
2016-07-20 04:40:00,14.433
2016-07-20 04:50:00,14.409
2016-07-20 05:00:00,14.409
2016-07-20 05:10:00,14.385
2016-07-20 05:20:00,14.361
2016-07-20 05:30:00,14.337
2016-07-20 05:40:00,14.314
2016-07-20 05:50:00,14.266
2016-07-20 06:00:00,14.242
2016-07-20 06:10:00,14.218
2016-07-20 06:20:00,14.194
2016-07-20 06:30:00,14.194
2016-07-20 06:40:00,14.17
2016-07-20 06:50:00,14.146
2016-07-20 07:00:00,14.122
2016-07-20 07:10:00,14.122
2016-07-20 07:20:00,14.098
2016-07-20 07:30:00,14.074
2016-07-20 07:40:00,14.05
2016-07-20 07:50:00,14.05
2016-07-20 08:00:00,14.002
2016-07-20 08:10:00,13.954
2016-07-20 08:20:00,13.882
2016-07-20 08:30:00,13.666
2016-07-20 08:40:00,13.04
2016-07-20 08:50:00,12.582
2016-07-20 09:00:00,12.147
2016-07-20 09:10:00,11.783
2016-07-20 09:20:00,11.516
2016-07-20 09:30:00,11.394
2016-07-20 09:40:00,11.175
2016-07-20 09:50:00,10.932
2016-07-20 10:00:00,10.761
2016-07-20 10:10:00,10.712
2016-07-20 10:20:00,10.614
2016-07-20 10:30:00,10.394
2016-07-20 10:40:00,10.271
2016-07-20 10:50:00,10.198
2016-07-20 11:00:00,10.026
2016-07-20 11:10:00,9.879
2016-07-20 11:20:00,9.854
2016-07-20 11:30:00,9.78
2016-07-20 11:40:00,9.706
2016-07-20 11:50:00,9.78
2016-07-20 12:00:00,10.075
2016-07-20 12:10:00,10.32
2016-07-20 12:20:00,10.516
2016-07-20 12:30:00,10.663
2016-07-20 12:40:00,10.736
2016-07-20 12:50:00,10.785
2016-07-20 13:00:00,10.858
2016-07-20 13:10:00,10.98
2016-07-20 13:20:00,11.151
2016-07-20 13:30:00,11.321
2016-07-20 13:40:00,11.346
2016-07-20 13:50:00,11.37
2016-07-20 14:00:00,11.394
2016-07-20 14:10:00,11.443
2016-07-20 14:20:00,11.589
2016-07-20 14:30:00,12.34
2016-07-20 14:40:00,13.281
2016-07-20 14:50:00,14.17
2016-07-20 15:00:00,15.127
2016-07-20 15:10:00,15.891
2016-07-20 15:20:00,16.677
2016-07-20 15:30:00,17.463
2016-07-20 15:40:00,18.461
2016-07-20 15:50:00,19.127
2016-07-20 16:00:00,19.984
2016-07-20 16:10:00,19.841
2016-07-20 16:20:00,19.77
2016-07-20 16:30:00,19.484
2016-07-20 16:40:00,16.939
2016-07-20 16:50:00,14.936
2016-07-20 17:00:00,15.581
2016-07-20 17:10:00,15.533
2016-07-20 17:20:00,15.151
2016-07-20 17:30:00,14.745
2016-07-20 17:40:00,14.816
2016-07-20 17:50:00,15.127
2016-07-20 18:00:00,15.103
2016-07-20 18:10:00,14.601
2016-07-20 18:20:00,15.127
2016-07-20 18:30:00,15.175
2016-07-20 18:40:00,15.27
2016-07-20 18:50:00,15.151
2016-07-20 19:00:00,15.127
2016-07-20 19:10:00,15.247
2016-07-20 19:20:00,15.414
2016-07-20 19:30:00,15.27
2016-07-20 19:40:00,15.199
2016-07-20 19:50:00,14.912
2016-07-20 20:00:00,14.912
2016-07-20 20:10:00,15.127
2016-07-20 20:20:00,15.103
2016-07-20 20:30:00,15.175
2016-07-20 20:40:00,15.724
2016-07-20 20:50:00,15.748
2016-07-20 21:00:00,15.629
2016-07-20 21:10:00,15.724
2016-07-20 21:20:00,16.082
2016-07-20 21:30:00,16.511
2016-07-20 21:40:00,17.201
2016-07-20 21:50:00,18.343
2016-07-20 22:00:00,19.77
2016-07-20 22:10:00,20.198
2016-07-20 22:20:00,21.223
2016-07-20 22:30:00,21.939
2016-07-20 22:40:00,22.776
2016-07-20 22:50:00,22.824
2016-07-20 23:00:00,23.376
2016-07-20 23:10:00,23.737
2016-07-20 23:20:00,23.978
2016-07-20 23:30:00,23.569
2016-07-20 23:40:00,23.569
2016-07-20 23:50:00,23.809
2016-07-21 00:00:00,23.761
2016-07-21 00:10:00,23.954
2016-07-21 00:20:00,23.569
2016-07-21 00:30:00,22.8
2016-07-21 00:40:00,22.513
2016-07-21 00:50:00,21.366
2016-07-21 01:00:00,20.722
2016-07-21 01:10:00,19.888
2016-07-21 01:20:00,19.674
2016-07-21 01:30:00,17.344
2016-07-21 01:40:00,16.296
2016-07-21 01:50:00,15.533
2016-07-21 02:00:00,15.079
2016-07-21 02:10:00,14.84
2016-07-21 02:20:00,14.553
2016-07-21 02:30:00,14.361
2016-07-21 02:40:00,14.242
2016-07-21 02:50:00,14.194
2016-07-21 03:00:00,14.17
2016-07-21 03:10:00,14.122
2016-07-21 03:20:00,14.098
2016-07-21 03:30:00,14.098
2016-07-21 03:40:00,14.098
2016-07-21 03:50:00,14.122
2016-07-21 04:00:00,14.146
2016-07-21 04:10:00,14.194
2016-07-21 04:20:00,14.218
2016-07-21 04:30:00,14.266
2016-07-21 04:40:00,14.266
2016-07-21 04:50:00,14.29
2016-07-21 05:00:00,14.266
2016-07-21 05:10:00,14.266
2016-07-21 05:20:00,14.218
2016-07-21 05:30:00,14.218
2016-07-21 05:40:00,14.194
2016-07-21 05:50:00,14.17
2016-07-21 06:00:00,14.146
2016-07-21 06:10:00,14.122
2016-07-21 06:20:00,14.074
2016-07-21 06:30:00,14.074
2016-07-21 06:40:00,14.05
2016-07-21 06:50:00,14.05
2016-07-21 07:00:00,14.05
2016-07-21 07:10:00,14.074
2016-07-21 07:20:00,14.05
2016-07-21 07:30:00,14.026
2016-07-21 07:40:00,14.026
2016-07-21 07:50:00,14.05
2016-07-21 08:00:00,14.05
2016-07-21 08:10:00,14.074
2016-07-21 08:20:00,14.098
2016-07-21 08:30:00,14.074
2016-07-21 08:40:00,14.002
2016-07-21 08:50:00,13.954
2016-07-21 09:00:00,13.882
2016-07-21 09:10:00,13.786
2016-07-21 09:20:00,13.497
2016-07-21 09:30:00,13.353
2016-07-21 09:40:00,13.329
2016-07-21 09:50:00,13.377
2016-07-21 10:00:00,13.425
2016-07-21 10:10:00,13.425
2016-07-21 10:20:00,13.449
2016-07-21 10:30:00,13.473
2016-07-21 10:40:00,13.497
2016-07-21 10:50:00,13.473
2016-07-21 11:00:00,13.473
2016-07-21 11:10:00,13.449
2016-07-21 11:20:00,13.449
2016-07-21 11:30:00,13.425
2016-07-21 11:40:00,13.401
2016-07-21 11:50:00,13.401
2016-07-21 12:00:00,13.377
2016-07-21 12:10:00,13.353
2016-07-21 12:20:00,13.353
2016-07-21 12:30:00,13.329
2016-07-21 12:40:00,13.305
2016-07-21 12:50:00,13.257
2016-07-21 13:00:00,13.257
2016-07-21 13:10:00,13.233
2016-07-21 13:20:00,13.209
2016-07-21 13:30:00,13.281
2016-07-21 13:40:00,13.329
2016-07-21 13:50:00,13.377
2016-07-21 14:00:00,13.473
2016-07-21 14:10:00,13.546
2016-07-21 14:20:00,13.57
2016-07-21 14:30:00,13.594
2016-07-21 14:40:00,13.57
2016-07-21 14:50:00,13.594
2016-07-21 15:00:00,13.834
2016-07-21 15:10:00,14.05
2016-07-21 15:20:00,14.409
2016-07-21 15:30:00,14.697
2016-07-21 15:40:00,15.079
2016-07-21 15:50:00,15.414
2016-07-21 16:00:00,15.605
2016-07-21 16:10:00,15.724
2016-07-21 16:20:00,16.129
2016-07-21 16:30:00,16.368
2016-07-21 16:40:00,16.225
2016-07-21 16:50:00,16.177
2016-07-21 17:00:00,16.201
2016-07-21 17:10:00,15.079
2016-07-21 17:20:00,14.361
2016-07-21 17:30:00,14.337
2016-07-21 17:40:00,14.385
2016-07-21 17:50:00,14.218
2016-07-21 18:00:00,14.242
2016-07-21 18:10:00,14.361
2016-07-21 18:20:00,14.361
2016-07-21 18:30:00,14.122
2016-07-21 18:40:00,14.242
2016-07-21 18:50:00,14.457
2016-07-21 19:00:00,14.721
2016-07-21 19:10:00,14.625
2016-07-21 19:20:00,14.768
2016-07-21 19:30:00,14.768
2016-07-21 19:40:00,14.792
2016-07-21 19:50:00,14.721
2016-07-21 20:00:00,14.697
2016-07-21 20:10:00,14.721
2016-07-21 20:20:00,14.792
2016-07-21 20:30:00,14.768
2016-07-21 20:40:00,14.768
2016-07-21 20:50:00,14.864
2016-07-21 21:00:00,14.912
2016-07-21 21:10:00,15.175
2016-07-21 21:20:00,15.151
2016-07-21 21:30:00,15.39
2016-07-21 21:40:00,15.414
2016-07-21 21:50:00,15.7
2016-07-21 22:00:00,15.676
2016-07-21 22:10:00,15.724
2016-07-21 22:20:00,17.13
2016-07-21 22:30:00,17.106
2016-07-21 22:40:00,19.246
2016-07-21 22:50:00,20.579
2016-07-21 23:00:00,21.533
2016-07-21 23:10:00,21.724
2016-07-21 23:20:00,21.7
2016-07-21 23:30:00,22.417
2016-07-21 23:40:00,23.088
2016-07-21 23:50:00,23.184
2016-07-22 00:00:00,22.776
2016-07-22 00:10:00,23.088
2016-07-22 00:20:00,22.776
2016-07-22 00:30:00,21.867
2016-07-22 00:40:00,21.318
2016-07-22 00:50:00,20.412
2016-07-22 01:00:00,19.651
2016-07-22 01:10:00,19.246
2016-07-22 01:20:00,19.175
2016-07-22 01:30:00,18.39
2016-07-22 01:40:00,17.819
2016-07-22 01:50:00,16.892
2016-07-22 02:00:00,16.368
2016-07-22 02:10:00,15.891
2016-07-22 02:20:00,15.103
2016-07-22 02:30:00,14.529
2016-07-22 02:40:00,14.026
2016-07-22 02:50:00,13.81
2016-07-22 03:00:00,13.738
2016-07-22 03:10:00,13.642
2016-07-22 03:20:00,13.497
2016-07-22 03:30:00,13.473
2016-07-22 03:40:00,13.425
2016-07-22 03:50:00,13.425
2016-07-22 04:00:00,13.401
2016-07-22 04:10:00,13.353
2016-07-22 04:20:00,13.353
2016-07-22 04:30:00,13.329
2016-07-22 04:40:00,13.305
2016-07-22 04:50:00,13.353
2016-07-22 05:00:00,13.353
2016-07-22 05:10:00,13.377
2016-07-22 05:20:00,13.353
2016-07-22 05:30:00,13.353
2016-07-22 05:40:00,13.353
2016-07-22 05:50:00,13.329
2016-07-22 06:00:00,13.329
2016-07-22 06:10:00,13.329
2016-07-22 06:20:00,13.305
2016-07-22 06:30:00,13.305
2016-07-22 06:40:00,13.305
2016-07-22 06:50:00,13.329
2016-07-22 07:00:00,13.305
2016-07-22 07:10:00,13.305
2016-07-22 07:20:00,13.305
2016-07-22 07:30:00,13.305
2016-07-22 07:40:00,13.281
2016-07-22 07:50:00,13.257
2016-07-22 08:00:00,13.257
2016-07-22 08:10:00,13.233
2016-07-22 08:20:00,13.233
2016-07-22 08:30:00,13.209
2016-07-22 08:40:00,13.161
2016-07-22 08:50:00,13.112
2016-07-22 09:00:00,13.016
2016-07-22 09:10:00,12.92
2016-07-22 09:20:00,12.896
2016-07-22 09:30:00,12.847
2016-07-22 09:40:00,12.823
2016-07-22 09:50:00,12.727
2016-07-22 10:00:00,12.606
2016-07-22 10:10:00,12.316
2016-07-22 10:20:00,11.904
2016-07-22 10:30:00,11.71
2016-07-22 10:40:00,11.54
2016-07-22 10:50:00,11.248
2016-07-22 11:00:00,11.102
2016-07-22 11:10:00,10.956
2016-07-22 11:20:00,10.932
2016-07-22 11:30:00,10.883
2016-07-22 11:40:00,10.761
2016-07-22 11:50:00,10.785
2016-07-22 12:00:00,10.712
2016-07-22 12:10:00,10.541
2016-07-22 12:20:00,10.418
2016-07-22 12:30:00,10.32
2016-07-22 12:40:00,10.296
2016-07-22 12:50:00,10.394
2016-07-22 13:00:00,10.492
2016-07-22 13:10:00,10.516
2016-07-22 13:20:00,10.467
2016-07-22 13:30:00,10.541
2016-07-22 13:40:00,10.712
2016-07-22 13:50:00,10.907
2016-07-22 14:00:00,11.053
2016-07-22 14:10:00,11.175
2016-07-22 14:20:00,11.419
2016-07-22 14:30:00,12.195
2016-07-22 14:40:00,13.112
2016-07-22 14:50:00,13.954
2016-07-22 15:00:00,14.816
2016-07-22 15:10:00,15.676
2016-07-22 15:20:00,16.511
2016-07-22 15:30:00,17.32
2016-07-22 15:40:00,17.962
2016-07-22 15:50:00,19.008
2016-07-22 16:00:00,20.174
2016-07-22 16:10:00,21.151
2016-07-22 16:20:00,21.676
2016-07-22 16:30:00,22.178
2016-07-22 16:40:00,22.082
2016-07-22 16:50:00,22.465
2016-07-22 17:00:00,22.585
2016-07-22 17:10:00,21.891
2016-07-22 17:20:00,21.652
2016-07-22 17:30:00,19.984
2016-07-22 17:40:00,16.177
2016-07-22 17:50:00,14.96
2016-07-22 18:00:00,14.697
2016-07-22 18:10:00,14.649
2016-07-22 18:20:00,14.457
2016-07-22 18:30:00,14.122
2016-07-22 18:40:00,14.05
2016-07-22 18:50:00,13.882
2016-07-22 19:00:00,13.786
2016-07-22 19:10:00,13.858
2016-07-22 19:20:00,13.786
2016-07-22 19:30:00,13.786
2016-07-22 19:40:00,13.834
2016-07-22 19:50:00,13.81
2016-07-22 20:00:00,13.882
2016-07-22 20:10:00,13.954
2016-07-22 20:20:00,13.954
2016-07-22 20:30:00,14.002
2016-07-22 20:40:00,13.978
2016-07-22 20:50:00,14.026
2016-07-22 21:00:00,14.026
2016-07-22 21:10:00,14.098
2016-07-22 21:20:00,14.122
2016-07-22 21:30:00,14.17
2016-07-22 21:40:00,14.17
2016-07-22 21:50:00,14.218
2016-07-22 22:00:00,14.242
2016-07-22 22:10:00,14.314
2016-07-22 22:20:00,14.218
2016-07-22 22:30:00,14.433
2016-07-22 22:40:00,14.505
2016-07-22 22:50:00,14.792
2016-07-22 23:00:00,14.792
2016-07-22 23:10:00,15.223
2016-07-22 23:20:00,16.296
2016-07-22 23:30:00,17.486
2016-07-22 23:40:00,17.558
2016-07-22 23:50:00,18.2
2016-07-23 00:00:00,18.985
2016-07-23 00:10:00,19.508
2016-07-23 00:20:00,19.627
2016-07-23 00:30:00,19.436
2016-07-23 00:40:00,19.865
2016-07-23 00:50:00,19.389
2016-07-23 01:00:00,19.056
2016-07-23 01:10:00,19.199
2016-07-23 01:20:00,18.366
2016-07-23 01:30:00,16.963
2016-07-23 01:40:00,16.773
2016-07-23 01:50:00,16.773
2016-07-23 02:00:00,16.82
2016-07-23 02:10:00,15.867
2016-07-23 02:20:00,15.414
2016-07-23 02:30:00,14.912
2016-07-23 02:40:00,14.649
2016-07-23 02:50:00,14.122
2016-07-23 03:00:00,14.026
2016-07-23 03:10:00,13.594
2016-07-23 03:20:00,13.353
2016-07-23 03:30:00,13.137
2016-07-23 03:40:00,12.968
2016-07-23 03:50:00,12.896
2016-07-23 04:00:00,12.775
2016-07-23 04:10:00,12.654
2016-07-23 04:20:00,12.509
2016-07-23 04:30:00,12.437
2016-07-23 04:40:00,12.364
2016-07-23 04:50:00,12.316
2016-07-23 05:00:00,12.268
2016-07-23 05:10:00,12.219
2016-07-23 05:20:00,12.219
2016-07-23 05:30:00,12.219
2016-07-23 05:40:00,12.243
2016-07-23 05:50:00,12.292
2016-07-23 06:00:00,12.34
2016-07-23 06:10:00,12.34
2016-07-23 06:20:00,12.34
2016-07-23 06:30:00,12.364
2016-07-23 06:40:00,12.364
2016-07-23 06:50:00,12.364
2016-07-23 07:00:00,12.389
2016-07-23 07:10:00,12.413
2016-07-23 07:20:00,12.413
2016-07-23 07:30:00,12.437
2016-07-23 07:40:00,12.437
2016-07-23 07:50:00,12.461
2016-07-23 08:00:00,12.461
2016-07-23 08:10:00,12.461
2016-07-23 08:20:00,12.461
2016-07-23 08:30:00,12.461
2016-07-23 08:40:00,12.437
2016-07-23 08:50:00,12.437
2016-07-23 09:00:00,12.437
2016-07-23 09:10:00,12.413
2016-07-23 09:20:00,12.413
2016-07-23 09:30:00,12.389
2016-07-23 09:40:00,12.389
2016-07-23 09:50:00,12.364
2016-07-23 10:00:00,12.34
2016-07-23 10:10:00,12.316
2016-07-23 10:20:00,12.292
2016-07-23 10:30:00,12.219
2016-07-23 10:40:00,12.219
2016-07-23 10:50:00,12.122
2016-07-23 11:00:00,11.953
2016-07-23 11:10:00,11.832
2016-07-23 11:20:00,11.686
2016-07-23 11:30:00,11.613
2016-07-23 11:40:00,11.516
2016-07-23 11:50:00,11.467
2016-07-23 12:00:00,11.37
2016-07-23 12:10:00,11.321
2016-07-23 12:20:00,11.321
2016-07-23 12:30:00,11.297
2016-07-23 12:40:00,11.248
2016-07-23 12:50:00,11.2
2016-07-23 13:00:00,11.175
2016-07-23 13:10:00,11.127
2016-07-23 13:20:00,11.127
2016-07-23 13:30:00,11.151
2016-07-23 13:40:00,11.248
2016-07-23 13:50:00,11.37
2016-07-23 14:00:00,11.467
2016-07-23 14:10:00,11.613
2016-07-23 14:20:00,11.807
2016-07-23 14:30:00,12.389
2016-07-23 14:40:00,13.305
2016-07-23 14:50:00,14.074
2016-07-23 15:00:00,14.816
2016-07-23 15:10:00,15.533
2016-07-23 15:20:00,16.272
2016-07-23 15:30:00,17.011
2016-07-23 15:40:00,17.629
2016-07-23 15:50:00,18.224
2016-07-23 16:00:00,18.985
2016-07-23 16:10:00,19.484
2016-07-23 16:20:00,20.103
2016-07-23 16:30:00,20.698
2016-07-23 16:40:00,21.294
2016-07-23 16:50:00,21.819
2016-07-23 17:00:00,22.513
2016-07-23 17:10:00,22.729
2016-07-23 17:20:00,21.748
2016-07-23 17:30:00,19.103
2016-07-23 17:40:00,18.438
2016-07-23 17:50:00,16.415
2016-07-23 18:00:00,14.84
2016-07-23 18:10:00,13.714
2016-07-23 18:20:00,13.473
2016-07-23 18:30:00,13.882
2016-07-23 18:40:00,13.233
2016-07-23 18:50:00,13.449
2016-07-23 19:00:00,13.112
2016-07-23 19:10:00,12.968
2016-07-23 19:20:00,12.992
2016-07-23 19:30:00,13.281
2016-07-23 19:40:00,13.353
2016-07-23 19:50:00,13.353
2016-07-23 20:00:00,13.377
2016-07-23 20:10:00,13.377
2016-07-23 20:20:00,13.377
2016-07-23 20:30:00,13.401
2016-07-23 20:40:00,13.401
2016-07-23 20:50:00,13.425
2016-07-23 21:00:00,13.401
2016-07-23 21:10:00,13.425
2016-07-23 21:20:00,13.377
2016-07-23 21:30:00,13.377
2016-07-23 21:40:00,13.401
2016-07-23 21:50:00,13.329
2016-07-23 22:00:00,13.329
2016-07-23 22:10:00,13.329
2016-07-23 22:20:00,13.281
2016-07-23 22:30:00,13.257
2016-07-23 22:40:00,13.233
2016-07-23 22:50:00,13.233
2016-07-23 23:00:00,13.185
2016-07-23 23:10:00,13.161
2016-07-23 23:20:00,13.064
2016-07-23 23:30:00,13.088
2016-07-23 23:40:00,13.161
2016-07-23 23:50:00,13.137
2016-07-24 00:00:00,13.497
2016-07-24 00:10:00,13.449
2016-07-24 00:20:00,13.69
2016-07-24 00:30:00,13.666
2016-07-24 00:40:00,14.146
2016-07-24 00:50:00,14.337
2016-07-24 01:00:00,14.625
2016-07-24 01:10:00,14.816
2016-07-24 01:20:00,14.816
2016-07-24 01:30:00,14.888
2016-07-24 01:40:00,15.27
2016-07-24 01:50:00,14.673
2016-07-24 02:00:00,14.457
2016-07-24 02:10:00,14.074
2016-07-24 02:20:00,13.666
2016-07-24 02:30:00,13.473
2016-07-24 02:40:00,13.257
2016-07-24 02:50:00,13.016
2016-07-24 03:00:00,12.847
2016-07-24 03:10:00,12.703
2016-07-24 03:20:00,12.534
2016-07-24 03:30:00,12.364
2016-07-24 03:40:00,12.268
2016-07-24 03:50:00,12.558
2016-07-24 04:00:00,12.558
2016-07-24 04:10:00,12.509
2016-07-24 04:20:00,12.509
2016-07-24 04:30:00,12.413
2016-07-24 04:40:00,12.364
2016-07-24 04:50:00,12.292
2016-07-24 05:00:00,12.268
2016-07-24 05:10:00,12.219
2016-07-24 05:20:00,12.195
2016-07-24 05:30:00,12.195
2016-07-24 05:40:00,12.171
2016-07-24 05:50:00,12.147
2016-07-24 06:00:00,12.122
2016-07-24 06:10:00,12.074
2016-07-24 06:20:00,12.074
2016-07-24 06:30:00,12.05
2016-07-24 06:40:00,12.025
2016-07-24 06:50:00,12.025
2016-07-24 07:00:00,12.001
2016-07-24 07:10:00,12.001
2016-07-24 07:20:00,11.977
2016-07-24 07:30:00,11.977
2016-07-24 07:40:00,12.001
2016-07-24 07:50:00,12.025
2016-07-24 08:00:00,12.025
2016-07-24 08:10:00,12.05
2016-07-24 08:20:00,12.074
2016-07-24 08:30:00,12.074
2016-07-24 08:40:00,12.098
2016-07-24 08:50:00,12.098
2016-07-24 09:00:00,12.122
2016-07-24 09:10:00,12.147
2016-07-24 09:20:00,12.147
2016-07-24 09:30:00,12.147
2016-07-24 09:40:00,12.147
2016-07-24 09:50:00,12.122
2016-07-24 10:00:00,12.098
2016-07-24 10:10:00,12.074
2016-07-24 10:20:00,12.098
2016-07-24 10:30:00,12.122
2016-07-24 10:40:00,12.098
2016-07-24 10:50:00,12.098
2016-07-24 11:00:00,12.074
2016-07-24 11:10:00,12.05
2016-07-24 11:20:00,12.025
2016-07-24 11:30:00,11.856
2016-07-24 11:40:00,11.516
2016-07-24 11:50:00,11.443
2016-07-24 12:00:00,11.078
2016-07-24 12:10:00,11.029
2016-07-24 12:20:00,10.761
2016-07-24 12:30:00,10.443
2016-07-24 12:40:00,10.173
2016-07-24 12:50:00,9.952
2016-07-24 13:00:00,9.756
2016-07-24 13:10:00,9.657
2016-07-24 13:20:00,9.583
2016-07-24 13:30:00,9.632
2016-07-24 13:40:00,9.608
2016-07-24 13:50:00,9.805
2016-07-24 14:00:00,10.149
2016-07-24 14:10:00,10.467
2016-07-24 14:20:00,10.785
2016-07-24 14:30:00,11.248
2016-07-24 14:40:00,11.88
2016-07-24 14:50:00,12.534
2016-07-24 15:00:00,13.112
2016-07-24 15:10:00,13.401
2016-07-24 15:20:00,13.93
2016-07-24 15:30:00,14.409
2016-07-24 15:40:00,15.055
2016-07-24 15:50:00,15.652
2016-07-24 16:00:00,16.177
2016-07-24 16:10:00,16.463
2016-07-24 16:20:00,16.606
2016-07-24 16:30:00,16.368
2016-07-24 16:40:00,16.773
2016-07-24 16:50:00,17.415
2016-07-24 17:00:00,17.938
2016-07-24 17:10:00,18.604
2016-07-24 17:20:00,18.485
2016-07-24 17:30:00,18.675
2016-07-24 17:40:00,17.558
2016-07-24 17:50:00,17.938
2016-07-24 18:00:00,17.748
2016-07-24 18:10:00,16.32
2016-07-24 18:20:00,14.816
2016-07-24 18:30:00,13.618
2016-07-24 18:40:00,13.281
2016-07-24 18:50:00,13.112
2016-07-24 19:00:00,12.968
2016-07-24 19:10:00,12.823
2016-07-24 19:20:00,12.823
2016-07-24 19:30:00,12.727
2016-07-24 19:40:00,12.678
2016-07-24 19:50:00,12.727
2016-07-24 20:00:00,12.678
2016-07-24 20:10:00,12.654
2016-07-24 20:20:00,12.678
2016-07-24 20:30:00,12.703
2016-07-24 20:40:00,12.703
2016-07-24 20:50:00,12.703
2016-07-24 21:00:00,12.703
2016-07-24 21:10:00,12.727
2016-07-24 21:20:00,12.727
2016-07-24 21:30:00,12.727
2016-07-24 21:40:00,12.678
2016-07-24 21:50:00,12.678
2016-07-24 22:00:00,12.678
2016-07-24 22:10:00,12.703
2016-07-24 22:20:00,12.727
2016-07-24 22:30:00,12.775
2016-07-24 22:40:00,12.823
2016-07-24 22:50:00,12.727
2016-07-24 23:00:00,12.775
2016-07-24 23:10:00,12.775
2016-07-24 23:20:00,12.751
2016-07-24 23:30:00,12.799
2016-07-24 23:40:00,12.823
2016-07-24 23:50:00,12.847
2016-07-25 00:00:00,12.847
2016-07-25 00:10:00,12.847
2016-07-25 00:20:00,12.871
2016-07-25 00:30:00,12.896
2016-07-25 00:40:00,12.944
2016-07-25 00:50:00,12.92
2016-07-25 01:00:00,13.016
2016-07-25 01:10:00,13.016
2016-07-25 01:20:00,13.209
2016-07-25 01:30:00,13.401
2016-07-25 01:40:00,13.618
2016-07-25 01:50:00,13.642
2016-07-25 02:00:00,13.642
2016-07-25 02:10:00,13.594
2016-07-25 02:20:00,13.497
2016-07-25 02:30:00,13.377
2016-07-25 02:40:00,13.305
2016-07-25 02:50:00,13.233
2016-07-25 03:00:00,13.161
2016-07-25 03:10:00,13.088
2016-07-25 03:20:00,13.016
2016-07-25 03:30:00,12.944
2016-07-25 03:40:00,12.896
2016-07-25 03:50:00,12.871
2016-07-25 04:00:00,12.847
2016-07-25 04:10:00,12.751
2016-07-25 04:20:00,12.751
2016-07-25 04:30:00,12.727
2016-07-25 04:40:00,12.678
2016-07-25 04:50:00,12.63
2016-07-25 05:00:00,12.63
2016-07-25 05:10:00,12.606
2016-07-25 05:20:00,12.534
2016-07-25 05:30:00,12.485
2016-07-25 05:40:00,12.437
2016-07-25 05:50:00,12.413
2016-07-25 06:00:00,12.34
2016-07-25 06:10:00,12.316
2016-07-25 06:20:00,12.292
2016-07-25 06:30:00,12.243
2016-07-25 06:40:00,12.195
2016-07-25 06:50:00,12.195
2016-07-25 07:00:00,12.171
2016-07-25 07:10:00,12.147
2016-07-25 07:20:00,12.122
2016-07-25 07:30:00,12.098
2016-07-25 07:40:00,12.074
2016-07-25 07:50:00,12.05
2016-07-25 08:00:00,12.05
2016-07-25 08:10:00,12.025
2016-07-25 08:20:00,12.025
2016-07-25 08:30:00,12.001
2016-07-25 08:40:00,12.001
2016-07-25 08:50:00,11.977
2016-07-25 09:00:00,11.977
2016-07-25 09:10:00,11.953
2016-07-25 09:20:00,11.953
2016-07-25 09:30:00,11.953
2016-07-25 09:40:00,11.929
2016-07-25 09:50:00,11.953
2016-07-25 10:00:00,11.929
2016-07-25 10:10:00,11.904
2016-07-25 10:20:00,11.904
2016-07-25 10:30:00,11.88
2016-07-25 10:40:00,11.856
2016-07-25 10:50:00,11.856
2016-07-25 11:00:00,11.832
2016-07-25 11:10:00,11.807
2016-07-25 11:20:00,11.783
2016-07-25 11:30:00,11.783
2016-07-25 11:40:00,11.759
2016-07-25 11:50:00,11.783
2016-07-25 12:00:00,11.783
2016-07-25 12:10:00,11.783
2016-07-25 12:20:00,11.759
2016-07-25 12:30:00,11.759
2016-07-25 12:40:00,11.734
2016-07-25 12:50:00,11.71
2016-07-25 13:00:00,11.686
2016-07-25 13:10:00,11.686
2016-07-25 13:20:00,11.662
2016-07-25 13:30:00,11.686
2016-07-25 13:40:00,11.734
2016-07-25 13:50:00,11.783
2016-07-25 14:00:00,11.856
2016-07-25 14:10:00,11.904
2016-07-25 14:20:00,11.977
2016-07-25 14:30:00,12.098
2016-07-25 14:40:00,12.292
2016-07-25 14:50:00,12.534
2016-07-25 15:00:00,12.727
2016-07-25 15:10:00,13.016
2016-07-25 15:20:00,13.233
2016-07-25 15:30:00,13.497
2016-07-25 15:40:00,13.81
2016-07-25 15:50:00,14.026
2016-07-25 16:00:00,14.266
2016-07-25 16:10:00,14.601
2016-07-25 16:20:00,15.127
2016-07-25 16:30:00,15.7
2016-07-25 16:40:00,16.368
2016-07-25 16:50:00,17.915
2016-07-25 17:00:00,19.08
2016-07-25 17:10:00,19.318
2016-07-25 17:20:00,19.27
2016-07-25 17:30:00,19.365
2016-07-25 17:40:00,19.603
2016-07-25 17:50:00,19.96
2016-07-25 18:00:00,19.603
2016-07-25 18:10:00,19.508
2016-07-25 18:20:00,18.747
2016-07-25 18:30:00,18.319
2016-07-25 18:40:00,17.605
2016-07-25 18:50:00,15.605
2016-07-25 19:00:00,14.409
2016-07-25 19:10:00,13.594
2016-07-25 19:20:00,13.209
2016-07-25 19:30:00,12.992
2016-07-25 19:40:00,12.944
2016-07-25 19:50:00,12.823
2016-07-25 20:00:00,12.727
2016-07-25 20:10:00,12.654
2016-07-25 20:20:00,12.606
2016-07-25 20:30:00,12.678
2016-07-25 20:40:00,12.703
2016-07-25 20:50:00,12.678
2016-07-25 21:00:00,12.63
2016-07-25 21:10:00,12.606
2016-07-25 21:20:00,12.606
2016-07-25 21:30:00,12.558
2016-07-25 21:40:00,12.534
2016-07-25 21:50:00,12.534
2016-07-25 22:00:00,12.582
2016-07-25 22:10:00,12.678
2016-07-25 22:20:00,12.727
2016-07-25 22:30:00,12.847
2016-07-25 22:40:00,12.896
2016-07-25 22:50:00,12.896
2016-07-25 23:00:00,12.968
2016-07-25 23:10:00,12.968
2016-07-25 23:20:00,12.992
2016-07-25 23:30:00,12.992
2016-07-25 23:40:00,12.992
2016-07-25 23:50:00,12.968
2016-07-26 00:00:00,12.968
2016-07-26 00:10:00,12.992
2016-07-26 00:20:00,12.968
2016-07-26 00:30:00,12.92
2016-07-26 00:40:00,12.896
2016-07-26 00:50:00,12.92
2016-07-26 01:00:00,12.944
2016-07-26 01:10:00,12.944
2016-07-26 01:20:00,12.968
2016-07-26 01:30:00,13.016
2016-07-26 01:40:00,13.016
2016-07-26 01:50:00,13.016
2016-07-26 02:00:00,13.064
2016-07-26 02:10:00,13.209
2016-07-26 02:20:00,13.305
2016-07-26 02:30:00,13.185
2016-07-26 02:40:00,13.112
2016-07-26 02:50:00,13.112
2016-07-26 03:00:00,13.088
2016-07-26 03:10:00,13.016
2016-07-26 03:20:00,12.968
2016-07-26 03:30:00,12.896
2016-07-26 03:40:00,12.871
2016-07-26 03:50:00,12.847
2016-07-26 04:00:00,12.823
2016-07-26 04:10:00,12.799
2016-07-26 04:20:00,12.799
2016-07-26 04:30:00,12.775
2016-07-26 04:40:00,12.727
2016-07-26 04:50:00,12.727
2016-07-26 05:00:00,12.703
2016-07-26 05:10:00,12.678
2016-07-26 05:20:00,12.654
2016-07-26 05:30:00,12.63
2016-07-26 05:40:00,12.606
2016-07-26 05:50:00,12.63
2016-07-26 06:00:00,12.606
2016-07-26 06:10:00,12.582
2016-07-26 06:20:00,12.606
2016-07-26 06:30:00,12.606
2016-07-26 06:40:00,12.582
2016-07-26 06:50:00,12.582
2016-07-26 07:00:00,12.606
2016-07-26 07:10:00,12.582
2016-07-26 07:20:00,12.582
2016-07-26 07:30:00,12.678
2016-07-26 07:40:00,12.727
2016-07-26 07:50:00,12.775
2016-07-26 08:00:00,12.847
2016-07-26 08:10:00,12.847
2016-07-26 08:20:00,12.847
2016-07-26 08:30:00,12.871
2016-07-26 08:40:00,12.871
2016-07-26 08:50:00,12.871
2016-07-26 09:00:00,12.871
2016-07-26 09:10:00,12.896
2016-07-26 09:20:00,12.896
2016-07-26 09:30:00,12.896
2016-07-26 09:40:00,12.896
2016-07-26 09:50:00,12.896
2016-07-26 10:00:00,12.92
2016-07-26 10:10:00,12.92
2016-07-26 10:20:00,12.92
2016-07-26 10:30:00,12.92
2016-07-26 10:40:00,12.944
2016-07-26 10:50:00,12.944
2016-07-26 11:00:00,12.92
2016-07-26 11:10:00,12.944
2016-07-26 11:20:00,12.944
2016-07-26 11:30:00,12.944
2016-07-26 11:40:00,12.944
2016-07-26 11:50:00,12.944
2016-07-26 12:00:00,12.944
2016-07-26 12:10:00,12.92
2016-07-26 12:20:00,12.896
2016-07-26 12:30:00,12.896
2016-07-26 12:40:00,12.823
2016-07-26 12:50:00,12.847
2016-07-26 13:00:00,12.799
2016-07-26 13:10:00,12.751
2016-07-26 13:20:00,12.485
2016-07-26 13:30:00,12.364
2016-07-26 13:40:00,12.34
2016-07-26 13:50:00,12.389
2016-07-26 14:00:00,12.534
2016-07-26 14:10:00,12.727
2016-07-26 14:20:00,12.92
2016-07-26 14:30:00,13.161
2016-07-26 14:40:00,13.377
2016-07-26 14:50:00,13.642
2016-07-26 15:00:00,13.786
2016-07-26 15:10:00,14.026
2016-07-26 15:20:00,14.242
2016-07-26 15:30:00,14.649
2016-07-26 15:40:00,15.318
2016-07-26 15:50:00,15.652
2016-07-26 16:00:00,15.724
2016-07-26 16:10:00,16.153
2016-07-26 16:20:00,16.677
2016-07-26 16:30:00,17.296
2016-07-26 16:40:00,18.295
2016-07-26 16:50:00,19.651
2016-07-26 17:00:00,21.056
2016-07-26 17:10:00,22.393
2016-07-26 17:20:00,23.04
2016-07-26 17:30:00,23.328
2016-07-26 17:40:00,23.809
2016-07-26 17:50:00,24.219
2016-07-26 18:00:00,24.847
2016-07-26 18:10:00,25.186
2016-07-26 18:20:00,25.744
2016-07-26 18:30:00,25.939
2016-07-26 18:40:00,25.501
2016-07-26 18:50:00,24.171
2016-07-26 19:00:00,23.857
2016-07-26 19:10:00,23.112
2016-07-26 19:20:00,19.389
2016-07-26 19:30:00,17.748
2016-07-26 19:40:00,17.153
2016-07-26 19:50:00,15.509
2016-07-26 20:00:00,14.936
2016-07-26 20:10:00,14.84
2016-07-26 20:20:00,14.409
2016-07-26 20:30:00,14.337
2016-07-26 20:40:00,14.314
2016-07-26 20:50:00,14.218
2016-07-26 21:00:00,14.122
2016-07-26 21:10:00,14.074
2016-07-26 21:20:00,14.026
2016-07-26 21:30:00,14.026
2016-07-26 21:40:00,14.05
2016-07-26 21:50:00,14.026
2016-07-26 22:00:00,14.002
2016-07-26 22:10:00,13.93
2016-07-26 22:20:00,13.978
2016-07-26 22:30:00,13.954
2016-07-26 22:40:00,13.906
2016-07-26 22:50:00,13.93
2016-07-26 23:00:00,13.882
2016-07-26 23:10:00,13.882
2016-07-26 23:20:00,13.858
2016-07-26 23:30:00,13.834
2016-07-26 23:40:00,13.786
2016-07-26 23:50:00,13.762
2016-07-27 00:00:00,13.666
2016-07-27 00:10:00,13.666
2016-07-27 00:20:00,13.666
2016-07-27 00:30:00,13.666
2016-07-27 00:40:00,13.666
2016-07-27 00:50:00,13.666
2016-07-27 01:00:00,13.714
2016-07-27 01:10:00,13.666
2016-07-27 01:20:00,13.69
2016-07-27 01:30:00,13.69
2016-07-27 01:40:00,13.666
2016-07-27 01:50:00,13.618
2016-07-27 02:00:00,13.594
2016-07-27 02:10:00,13.57
2016-07-27 02:20:00,13.57
2016-07-27 02:30:00,13.522
2016-07-27 02:40:00,13.473
2016-07-27 02:50:00,13.401
2016-07-27 03:00:00,13.329
2016-07-27 03:10:00,13.281
2016-07-27 03:20:00,13.233
2016-07-27 03:30:00,13.209
2016-07-27 03:40:00,13.185
2016-07-27 03:50:00,13.185
2016-07-27 04:00:00,13.185
2016-07-27 04:10:00,13.185
2016-07-27 04:20:00,13.185
2016-07-27 04:30:00,13.185
2016-07-27 04:40:00,13.161
2016-07-27 04:50:00,13.185
2016-07-27 05:00:00,13.185
2016-07-27 05:10:00,13.185
2016-07-27 05:20:00,13.161
2016-07-27 05:30:00,13.161
2016-07-27 05:40:00,13.161
2016-07-27 05:50:00,13.161
2016-07-27 06:00:00,13.088
2016-07-27 06:10:00,13.088
2016-07-27 06:20:00,13.064
2016-07-27 06:30:00,13.088
2016-07-27 06:40:00,13.064
2016-07-27 06:50:00,13.04
2016-07-27 07:00:00,13.016
2016-07-27 07:10:00,12.968
2016-07-27 07:20:00,12.92
2016-07-27 07:30:00,12.871
2016-07-27 07:40:00,12.847
2016-07-27 07:50:00,12.823
2016-07-27 08:00:00,12.799
2016-07-27 08:10:00,12.799
2016-07-27 08:20:00,12.775
2016-07-27 08:30:00,12.775
2016-07-27 08:40:00,12.727
2016-07-27 08:50:00,12.703
2016-07-27 09:00:00,12.703
2016-07-27 09:10:00,12.678
2016-07-27 09:20:00,12.654
2016-07-27 09:30:00,12.63
2016-07-27 09:40:00,12.678
2016-07-27 09:50:00,12.703
2016-07-27 10:00:00,12.678
2016-07-27 10:10:00,12.703
2016-07-27 10:20:00,12.678
2016-07-27 10:30:00,12.678
2016-07-27 10:40:00,12.654
2016-07-27 10:50:00,12.654
2016-07-27 11:00:00,12.654
2016-07-27 11:10:00,12.654
2016-07-27 11:20:00,12.63
2016-07-27 11:30:00,12.63
2016-07-27 11:40:00,12.63
2016-07-27 11:50:00,12.63
2016-07-27 12:00:00,12.63
2016-07-27 12:10:00,12.606
2016-07-27 12:20:00,12.606
2016-07-27 12:30:00,12.606
2016-07-27 12:40:00,12.606
2016-07-27 12:50:00,12.606
2016-07-27 13:00:00,12.582
2016-07-27 13:10:00,12.582
2016-07-27 13:20:00,12.582
2016-07-27 13:30:00,12.582
2016-07-27 13:40:00,12.582
2016-07-27 13:50:00,12.606
2016-07-27 14:00:00,12.63
2016-07-27 14:10:00,12.63
2016-07-27 14:20:00,12.63
2016-07-27 14:30:00,12.727
2016-07-27 14:40:00,12.992
2016-07-27 14:50:00,13.112
2016-07-27 15:00:00,13.546
2016-07-27 15:10:00,13.882
2016-07-27 15:20:00,14.146
2016-07-27 15:30:00,14.864
2016-07-27 15:40:00,16.272
2016-07-27 15:50:00,17.225
2016-07-27 16:00:00,18.343
2016-07-27 16:10:00,19.032
2016-07-27 16:20:00,19.341
2016-07-27 16:30:00,19.96
2016-07-27 16:40:00,20.865
2016-07-27 16:50:00,21.628
2016-07-27 17:00:00,22.106
2016-07-27 17:10:00,22.824
2016-07-27 17:20:00,23.665
2016-07-27 17:30:00,24.002
2016-07-27 17:40:00,24.798
2016-07-27 17:50:00,25.574
2016-07-27 18:00:00,26.426
2016-07-27 18:10:00,26.867
2016-07-27 18:20:00,27.382
2016-07-27 18:30:00,28.048
2016-07-27 18:40:00,28.196
2016-07-27 18:50:00,28.295
2016-07-27 19:00:00,28.171
2016-07-27 19:10:00,27.702
2016-07-27 19:20:00,26.769
2016-07-27 19:30:00,25.065
2016-07-27 19:40:00,24.315
2016-07-27 19:50:00,22.011
2016-07-27 20:00:00,21.127
2016-07-27 20:10:00,19.222
2016-07-27 20:20:00,18.675
2016-07-27 20:30:00,15.7
2016-07-27 20:40:00,15.008
2016-07-27 20:50:00,14.649
2016-07-27 21:00:00,14.457
2016-07-27 21:10:00,14.29
2016-07-27 21:20:00,14.194
2016-07-27 21:30:00,14.194
2016-07-27 21:40:00,14.194
2016-07-27 21:50:00,14.146
2016-07-27 22:00:00,14.122
2016-07-27 22:10:00,14.098
2016-07-27 22:20:00,14.098
2016-07-27 22:30:00,14.17
2016-07-27 22:40:00,14.266
2016-07-27 22:50:00,14.337
2016-07-27 23:00:00,14.337
2016-07-27 23:10:00,14.314
2016-07-27 23:20:00,14.433
2016-07-27 23:30:00,14.481
2016-07-27 23:40:00,14.529
2016-07-27 23:50:00,14.529
2016-07-28 00:00:00,14.529
2016-07-28 00:10:00,14.505
2016-07-28 00:20:00,14.481
2016-07-28 00:30:00,14.577
2016-07-28 00:40:00,14.649
2016-07-28 00:50:00,14.697
2016-07-28 01:00:00,14.697
2016-07-28 01:10:00,14.673
2016-07-28 01:20:00,14.697
2016-07-28 01:30:00,14.673
2016-07-28 01:40:00,14.697
2016-07-28 01:50:00,14.721
2016-07-28 02:00:00,14.721
2016-07-28 02:10:00,14.721
2016-07-28 02:20:00,14.792
2016-07-28 02:30:00,14.816
2016-07-28 02:40:00,14.816
2016-07-28 02:50:00,14.816
2016-07-28 03:00:00,14.816
2016-07-28 03:10:00,14.792
2016-07-28 03:20:00,14.792
2016-07-28 03:30:00,14.792
2016-07-28 03:40:00,14.792
2016-07-28 03:50:00,14.792
2016-07-28 04:00:00,14.792
2016-07-28 04:10:00,14.673
2016-07-28 04:20:00,14.601
2016-07-28 04:30:00,14.577
2016-07-28 04:40:00,14.409
2016-07-28 04:50:00,14.385
2016-07-28 05:00:00,14.266
2016-07-28 05:10:00,14.17
2016-07-28 05:20:00,14.122
2016-07-28 05:30:00,14.074
2016-07-28 05:40:00,13.978
2016-07-28 05:50:00,13.93
2016-07-28 06:00:00,13.882
2016-07-28 06:10:00,13.858
2016-07-28 06:20:00,13.81
2016-07-28 06:30:00,13.81
2016-07-28 06:40:00,13.762
2016-07-28 06:50:00,13.69
2016-07-28 07:00:00,13.642
2016-07-28 07:10:00,13.57
2016-07-28 07:20:00,13.546
2016-07-28 07:30:00,13.522
2016-07-28 07:40:00,13.497
2016-07-28 07:50:00,13.522
2016-07-28 08:00:00,13.522
2016-07-28 08:10:00,13.522
2016-07-28 08:20:00,13.546
2016-07-28 08:30:00,13.522
2016-07-28 08:40:00,13.473
2016-07-28 08:50:00,13.449
2016-07-28 09:00:00,13.449
2016-07-28 09:10:00,13.473
2016-07-28 09:20:00,13.473
2016-07-28 09:30:00,13.449
2016-07-28 09:40:00,13.425
2016-07-28 09:50:00,13.425
2016-07-28 10:00:00,13.401
2016-07-28 10:10:00,13.425
2016-07-28 10:20:00,13.377
2016-07-28 10:30:00,13.353
2016-07-28 10:40:00,13.401
2016-07-28 10:50:00,13.401
2016-07-28 11:00:00,13.738
2016-07-28 11:10:00,13.738
2016-07-28 11:20:00,13.738
2016-07-28 11:30:00,13.786
2016-07-28 11:40:00,13.906
2016-07-28 11:50:00,14.002
2016-07-28 12:00:00,14.026
2016-07-28 12:10:00,14.026
2016-07-28 12:20:00,14.026
2016-07-28 12:30:00,14.002
2016-07-28 12:40:00,14.002
2016-07-28 12:50:00,13.978
2016-07-28 13:00:00,13.978
2016-07-28 13:10:00,13.954
2016-07-28 13:20:00,13.978
2016-07-28 13:30:00,13.954
2016-07-28 13:40:00,13.954
2016-07-28 13:50:00,13.954
2016-07-28 14:00:00,13.978
2016-07-28 14:10:00,13.978
2016-07-28 14:20:00,14.002
2016-07-28 14:30:00,14.026
2016-07-28 14:40:00,14.026
2016-07-28 14:50:00,14.098
2016-07-28 15:00:00,14.098
2016-07-28 15:10:00,14.098
2016-07-28 15:20:00,14.17
2016-07-28 15:30:00,14.074
2016-07-28 15:40:00,14.194
2016-07-28 15:50:00,14.361
2016-07-28 16:00:00,14.457
2016-07-28 16:10:00,14.984
2016-07-28 16:20:00,15.652
2016-07-28 16:30:00,16.439
2016-07-28 16:40:00,17.153
2016-07-28 16:50:00,18.295
2016-07-28 17:00:00,18.438
2016-07-28 17:10:00,19.674
2016-07-28 17:20:00,19.579
2016-07-28 17:30:00,20.627
2016-07-28 17:40:00,21.963
2016-07-28 17:50:00,21.939
2016-07-28 18:00:00,22.011
2016-07-28 18:10:00,22.681
2016-07-28 18:20:00,22.681
2016-07-28 18:30:00,22.585
2016-07-28 18:40:00,22.776
2016-07-28 18:50:00,23.641
2016-07-28 19:00:00,23.978
2016-07-28 19:10:00,24.412
2016-07-28 19:20:00,24.122
2016-07-28 19:30:00,24.363
2016-07-28 19:40:00,23.833
2016-07-28 19:50:00,23.376
2016-07-28 20:00:00,22.729
2016-07-28 20:10:00,21.485
2016-07-28 20:20:00,20.674
2016-07-28 20:30:00,20.674
2016-07-28 20:40:00,18.913
2016-07-28 20:50:00,17.201
2016-07-28 21:00:00,16.534
2016-07-28 21:10:00,15.915
2016-07-28 21:20:00,15.438
2016-07-28 21:30:00,15.127
2016-07-28 21:40:00,15.079
2016-07-28 21:50:00,14.864
2016-07-28 22:00:00,14.936
2016-07-28 22:10:00,14.888
2016-07-28 22:20:00,14.721
2016-07-28 22:30:00,14.649
2016-07-28 22:40:00,14.601
2016-07-28 22:50:00,14.601
2016-07-28 23:00:00,14.601
2016-07-28 23:10:00,14.625
2016-07-28 23:20:00,14.601
2016-07-28 23:30:00,14.601
2016-07-28 23:40:00,14.625
2016-07-28 23:50:00,14.673
2016-07-29 00:00:00,14.697
2016-07-29 00:10:00,14.721
2016-07-29 00:20:00,14.768
2016-07-29 00:30:00,14.792
2016-07-29 00:40:00,14.792
2016-07-29 00:50:00,14.792
2016-07-29 01:00:00,14.792
2016-07-29 01:10:00,14.792
2016-07-29 01:20:00,14.768
2016-07-29 01:30:00,14.768
2016-07-29 01:40:00,14.768
2016-07-29 01:50:00,14.745
2016-07-29 02:00:00,14.768
2016-07-29 02:10:00,14.745
2016-07-29 02:20:00,14.745
2016-07-29 02:30:00,14.745
2016-07-29 02:40:00,14.745
2016-07-29 02:50:00,14.745
2016-07-29 03:00:00,14.721
2016-07-29 03:10:00,14.721
2016-07-29 03:20:00,14.721
2016-07-29 03:30:00,14.721
2016-07-29 03:40:00,14.697
2016-07-29 03:50:00,14.673
2016-07-29 04:00:00,14.649
2016-07-29 04:10:00,14.625
2016-07-29 04:20:00,14.625
2016-07-29 04:30:00,14.601
2016-07-29 04:40:00,14.601
2016-07-29 04:50:00,14.577
2016-07-29 05:00:00,14.553
2016-07-29 05:10:00,14.457
2016-07-29 05:20:00,14.361
2016-07-29 05:30:00,14.314
2016-07-29 05:40:00,14.266
2016-07-29 05:50:00,14.242
2016-07-29 06:00:00,14.17
2016-07-29 06:10:00,14.146
2016-07-29 06:20:00,14.122
2016-07-29 06:30:00,14.074
2016-07-29 06:40:00,14.074
2016-07-29 06:50:00,14.05
2016-07-29 07:00:00,14.026
2016-07-29 07:10:00,14.002
2016-07-29 07:20:00,13.954
2016-07-29 07:30:00,13.93
2016-07-29 07:40:00,13.882
2016-07-29 07:50:00,13.882
2016-07-29 08:00:00,13.834
2016-07-29 08:10:00,13.81
2016-07-29 08:20:00,13.786
2016-07-29 08:30:00,13.762
2016-07-29 08:40:00,13.738
2016-07-29 08:50:00,13.69
2016-07-29 09:00:00,13.666
2016-07-29 09:10:00,13.642
2016-07-29 09:20:00,13.618
2016-07-29 09:30:00,13.594
2016-07-29 09:40:00,13.546
2016-07-29 09:50:00,13.546
2016-07-29 10:00:00,13.522
2016-07-29 10:10:00,13.522
2016-07-29 10:20:00,13.522
2016-07-29 10:30:00,13.522
2016-07-29 10:40:00,13.522
2016-07-29 10:50:00,13.546
2016-07-29 11:00:00,13.497
2016-07-29 11:10:00,13.497
2016-07-29 11:20:00,13.473
2016-07-29 11:30:00,13.473
2016-07-29 11:40:00,13.497
2016-07-29 11:50:00,13.497
2016-07-29 12:00:00,13.473
2016-07-29 12:10:00,13.473
2016-07-29 12:20:00,13.473
2016-07-29 12:30:00,13.642
2016-07-29 12:40:00,13.906
2016-07-29 12:50:00,14.074
2016-07-29 13:00:00,14.218
2016-07-29 13:10:00,14.266
2016-07-29 13:20:00,14.314
2016-07-29 13:30:00,14.314
2016-07-29 13:40:00,14.361
2016-07-29 13:50:00,14.361
2016-07-29 14:00:00,14.385
2016-07-29 14:10:00,14.385
2016-07-29 14:20:00,14.409
2016-07-29 14:30:00,14.409
2016-07-29 14:40:00,14.433
2016-07-29 14:50:00,14.433
2016-07-29 15:00:00,14.433
2016-07-29 15:10:00,14.457
2016-07-29 15:20:00,14.481
2016-07-29 15:30:00,14.481
2016-07-29 15:40:00,14.529
2016-07-29 15:50:00,14.481
2016-07-29 16:00:00,14.481
2016-07-29 16:10:00,14.529
2016-07-29 16:20:00,14.553
2016-07-29 16:30:00,14.601
2016-07-29 16:40:00,14.768
2016-07-29 16:50:00,14.888
2016-07-29 17:00:00,15.676
2016-07-29 17:10:00,16.129
2016-07-29 17:20:00,17.177
2016-07-29 17:30:00,16.558
2016-07-29 17:40:00,17.058
2016-07-29 17:50:00,17.272
2016-07-29 18:00:00,19.936
2016-07-29 18:10:00,20.055
2016-07-29 18:20:00,21.676
2016-07-29 18:30:00,22.705
2016-07-29 18:40:00,22.968
2016-07-29 18:50:00,23.497
2016-07-29 19:00:00,23.689
2016-07-29 19:10:00,24.171
2016-07-29 19:20:00,24.146
2016-07-29 19:30:00,24.363
2016-07-29 19:40:00,24.315
2016-07-29 19:50:00,23.713
2016-07-29 20:00:00,23.28
2016-07-29 20:10:00,23.064
2016-07-29 20:20:00,23.761
2016-07-29 20:30:00,24.122
2016-07-29 20:40:00,23.689
2016-07-29 20:50:00,23.617
2016-07-29 21:00:00,23.184
2016-07-29 21:10:00,21.819
2016-07-29 21:20:00,21.246
2016-07-29 21:30:00,19.603
2016-07-29 21:40:00,17.677
2016-07-29 21:50:00,16.939
2016-07-29 22:00:00,16.082
2016-07-29 22:10:00,15.915
2016-07-29 22:20:00,15.438
2016-07-29 22:30:00,15.461
2016-07-29 22:40:00,15.27
2016-07-29 22:50:00,15.151
2016-07-29 23:00:00,15.103
2016-07-29 23:10:00,15.031
2016-07-29 23:20:00,14.984
2016-07-29 23:30:00,14.888
2016-07-29 23:40:00,14.864
2016-07-29 23:50:00,14.768
2016-07-30 00:00:00,14.721
2016-07-30 00:10:00,14.745
2016-07-30 00:20:00,14.745
2016-07-30 00:30:00,14.721
2016-07-30 00:40:00,14.697
2016-07-30 00:50:00,14.697
2016-07-30 01:00:00,14.673
2016-07-30 01:10:00,14.625
2016-07-30 01:20:00,14.601
2016-07-30 01:30:00,14.577
2016-07-30 01:40:00,14.577
2016-07-30 01:50:00,14.577
2016-07-30 02:00:00,14.577
2016-07-30 02:10:00,14.577
2016-07-30 02:20:00,14.577
2016-07-30 02:30:00,14.577
2016-07-30 02:40:00,14.577
2016-07-30 02:50:00,14.601
2016-07-30 03:00:00,14.601
2016-07-30 03:10:00,14.601
2016-07-30 03:20:00,14.601
2016-07-30 03:30:00,14.625
2016-07-30 03:40:00,14.601
2016-07-30 03:50:00,14.601
2016-07-30 04:00:00,14.601
2016-07-30 04:10:00,14.601
2016-07-30 04:20:00,14.601
2016-07-30 04:30:00,14.577
2016-07-30 04:40:00,14.553
2016-07-30 04:50:00,14.553
2016-07-30 05:00:00,14.529
2016-07-30 05:10:00,14.529
2016-07-30 05:20:00,14.505
2016-07-30 05:30:00,14.481
2016-07-30 05:40:00,14.457
2016-07-30 05:50:00,14.433
2016-07-30 06:00:00,14.409
2016-07-30 06:10:00,14.337
2016-07-30 06:20:00,14.29
2016-07-30 06:30:00,14.242
2016-07-30 06:40:00,14.194
2016-07-30 06:50:00,14.194
2016-07-30 07:00:00,14.17
2016-07-30 07:10:00,14.122
2016-07-30 07:20:00,14.074
2016-07-30 07:30:00,14.05
2016-07-30 07:40:00,14.05
2016-07-30 07:50:00,14.002
2016-07-30 08:00:00,14.002
2016-07-30 08:10:00,13.954
2016-07-30 08:20:00,13.906
2016-07-30 08:30:00,13.906
2016-07-30 08:40:00,13.882
2016-07-30 08:50:00,13.858
2016-07-30 09:00:00,13.858
2016-07-30 09:10:00,13.858
2016-07-30 09:20:00,13.834
2016-07-30 09:30:00,13.81
2016-07-30 09:40:00,13.786
2016-07-30 09:50:00,13.786
2016-07-30 10:00:00,13.762
2016-07-30 10:10:00,13.738
2016-07-30 10:20:00,13.738
2016-07-30 10:30:00,13.69
2016-07-30 10:40:00,13.69
2016-07-30 10:50:00,13.666
2016-07-30 11:00:00,13.642
2016-07-30 11:10:00,13.642
2016-07-30 11:20:00,13.642
2016-07-30 11:30:00,13.666
2016-07-30 11:40:00,13.666
2016-07-30 11:50:00,13.666
2016-07-30 12:00:00,13.666
2016-07-30 12:10:00,13.666
2016-07-30 12:20:00,13.666
2016-07-30 12:30:00,13.666
2016-07-30 12:40:00,13.666
2016-07-30 12:50:00,13.666
2016-07-30 13:00:00,13.642
2016-07-30 13:10:00,13.618
2016-07-30 13:20:00,13.618
2016-07-30 13:30:00,13.618
2016-07-30 13:40:00,13.594
2016-07-30 13:50:00,13.594
2016-07-30 14:00:00,13.618
2016-07-30 14:10:00,13.618
2016-07-30 14:20:00,13.666
2016-07-30 14:30:00,13.642
2016-07-30 14:40:00,13.69
2016-07-30 14:50:00,13.69
2016-07-30 15:00:00,13.69
2016-07-30 15:10:00,13.738
2016-07-30 15:20:00,13.858
2016-07-30 15:30:00,13.906
2016-07-30 15:40:00,13.858
2016-07-30 15:50:00,13.858
2016-07-30 16:00:00,13.978
2016-07-30 16:10:00,14.074
2016-07-30 16:20:00,14.17
2016-07-30 16:30:00,14.146
2016-07-30 16:40:00,14.337
2016-07-30 16:50:00,14.505
2016-07-30 17:00:00,14.553
2016-07-30 17:10:00,14.601
2016-07-30 17:20:00,15.031
2016-07-30 17:30:00,14.96
2016-07-30 17:40:00,15.294
2016-07-30 17:50:00,14.936
2016-07-30 18:00:00,15.175
2016-07-30 18:10:00,15.199
2016-07-30 18:20:00,15.175
2016-07-30 18:30:00,15.199
2016-07-30 18:40:00,15.103
2016-07-30 18:50:00,14.96
2016-07-30 19:00:00,15.915
2016-07-30 19:10:00,16.915
2016-07-30 19:20:00,18.129
2016-07-30 19:30:00,19.246
2016-07-30 19:40:00,17.915
2016-07-30 19:50:00,18.889
2016-07-30 20:00:00,19.817
2016-07-30 20:10:00,20.198
2016-07-30 20:20:00,20.46
2016-07-30 20:30:00,20.65
2016-07-30 20:40:00,20.317
2016-07-30 20:50:00,20.388
2016-07-30 21:00:00,20.365
2016-07-30 21:10:00,20.079
2016-07-30 21:20:00,19.96
2016-07-30 21:30:00,18.937
2016-07-30 21:40:00,19.199
2016-07-30 21:50:00,17.796
2016-07-30 22:00:00,17.653
2016-07-30 22:10:00,16.487
2016-07-30 22:20:00,15.819
2016-07-30 22:30:00,15.199
2016-07-30 22:40:00,15.079
2016-07-30 22:50:00,14.936
2016-07-30 23:00:00,14.745
2016-07-30 23:10:00,14.649
2016-07-30 23:20:00,14.625
2016-07-30 23:30:00,14.601
2016-07-30 23:40:00,14.601
2016-07-30 23:50:00,14.625
2016-07-31 00:00:00,14.601
2016-07-31 00:10:00,14.601
2016-07-31 00:20:00,14.601
2016-07-31 00:30:00,14.601
2016-07-31 00:40:00,14.601
2016-07-31 00:50:00,14.625
2016-07-31 01:00:00,14.601
2016-07-31 01:10:00,14.601
2016-07-31 01:20:00,14.577
2016-07-31 01:30:00,14.577
2016-07-31 01:40:00,14.577
2016-07-31 01:50:00,14.577
2016-07-31 02:00:00,14.553
2016-07-31 02:10:00,14.553
2016-07-31 02:20:00,14.553
2016-07-31 02:30:00,14.529
2016-07-31 02:40:00,14.505
2016-07-31 02:50:00,14.505
2016-07-31 03:00:00,14.481
2016-07-31 03:10:00,14.457
2016-07-31 03:20:00,14.457
2016-07-31 03:30:00,14.433
2016-07-31 03:40:00,14.409
2016-07-31 03:50:00,14.385
2016-07-31 04:00:00,14.385
2016-07-31 04:10:00,14.385
2016-07-31 04:20:00,14.409
2016-07-31 04:30:00,14.385
2016-07-31 04:40:00,14.361
2016-07-31 04:50:00,14.314
2016-07-31 05:00:00,14.29
2016-07-31 05:10:00,14.242
2016-07-31 05:20:00,14.218
2016-07-31 05:30:00,14.17
2016-07-31 05:40:00,14.146
2016-07-31 05:50:00,14.122
2016-07-31 06:00:00,14.098
2016-07-31 06:10:00,14.05
2016-07-31 06:20:00,14.026
2016-07-31 06:30:00,13.978
2016-07-31 06:40:00,13.954
2016-07-31 06:50:00,13.954
2016-07-31 07:00:00,13.978
2016-07-31 07:10:00,14.026
2016-07-31 07:20:00,14.074
2016-07-31 07:30:00,14.098
2016-07-31 07:40:00,14.098
2016-07-31 07:50:00,14.098
2016-07-31 08:00:00,14.098
2016-07-31 08:10:00,14.074
2016-07-31 08:20:00,14.098
2016-07-31 08:30:00,14.098
2016-07-31 08:40:00,14.122
2016-07-31 08:50:00,14.122
2016-07-31 09:00:00,14.122
2016-07-31 09:10:00,14.146
2016-07-31 09:20:00,14.146
2016-07-31 09:30:00,14.146
2016-07-31 09:40:00,14.146
2016-07-31 09:50:00,14.146
2016-07-31 10:00:00,14.122
2016-07-31 10:10:00,14.074
2016-07-31 10:20:00,14.074
2016-07-31 10:30:00,14.074
2016-07-31 10:40:00,14.074
2016-07-31 10:50:00,14.074
2016-07-31 11:00:00,14.074
2016-07-31 11:10:00,14.098
2016-07-31 11:20:00,14.098
2016-07-31 11:30:00,14.074
2016-07-31 11:40:00,14.074
2016-07-31 11:50:00,14.074
2016-07-31 12:00:00,14.05
2016-07-31 12:10:00,14.05
2016-07-31 12:20:00,14.05
2016-07-31 12:30:00,14.05
2016-07-31 12:40:00,14.026
2016-07-31 12:50:00,14.026
2016-07-31 13:00:00,14.026
2016-07-31 13:10:00,14.026
2016-07-31 13:20:00,14.05
2016-07-31 13:30:00,14.074
2016-07-31 13:40:00,14.05
2016-07-31 13:50:00,13.978
2016-07-31 14:00:00,14.026
2016-07-31 14:10:00,13.93
2016-07-31 14:20:00,13.81
2016-07-31 14:30:00,13.714
2016-07-31 14:40:00,13.642
2016-07-31 14:50:00,13.618
2016-07-31 15:00:00,13.594
2016-07-31 15:10:00,13.642
2016-07-31 15:20:00,13.666
2016-07-31 15:30:00,13.714
2016-07-31 15:40:00,13.714
2016-07-31 15:50:00,13.738
2016-07-31 16:00:00,13.786
2016-07-31 16:10:00,13.81
2016-07-31 16:20:00,13.93
2016-07-31 16:30:00,14.002
2016-07-31 16:40:00,14.002
2016-07-31 16:50:00,14.074
2016-07-31 17:00:00,14.146
2016-07-31 17:10:00,14.218
2016-07-31 17:20:00,14.266
2016-07-31 17:30:00,14.314
2016-07-31 17:40:00,14.385
2016-07-31 17:50:00,14.433
2016-07-31 18:00:00,14.529
2016-07-31 18:10:00,14.625
2016-07-31 18:20:00,14.649
2016-07-31 18:30:00,14.625
2016-07-31 18:40:00,14.673
2016-07-31 18:50:00,14.505
2016-07-31 19:00:00,14.553
2016-07-31 19:10:00,14.553
2016-07-31 19:20:00,14.673
2016-07-31 19:30:00,14.601
2016-07-31 19:40:00,14.721
2016-07-31 19:50:00,14.792
2016-07-31 20:00:00,15.652
2016-07-31 20:10:00,15.652
2016-07-31 20:20:00,16.129
2016-07-31 20:30:00,16.249
2016-07-31 20:40:00,17.463
2016-07-31 20:50:00,18.414
2016-07-31 21:00:00,19.579
2016-07-31 21:10:00,18.295
2016-07-31 21:20:00,19.389
2016-07-31 21:30:00,19.722
2016-07-31 21:40:00,19.365
2016-07-31 21:50:00,19.579
2016-07-31 22:00:00,20.365
2016-07-31 22:10:00,20.484
2016-07-31 22:20:00,20.15
2016-07-31 22:30:00,20.722
2016-07-31 22:40:00,19.817
2016-07-31 22:50:00,18.343
2016-07-31 23:00:00,17.582
2016-07-31 23:10:00,16.796
2016-07-31 23:20:00,15.986
2016-07-31 23:30:00,15.055
2016-07-31 23:40:00,14.84
2016-07-31 23:50:00,14.649
2016-08-01 00:00:00,14.433
2016-08-01 00:10:00,14.314
2016-08-01 00:20:00,14.242
2016-08-01 00:30:00,14.194
2016-08-01 00:40:00,14.122
2016-08-01 00:50:00,14.098
2016-08-01 01:00:00,14.05
2016-08-01 01:10:00,14.05
2016-08-01 01:20:00,14.026
2016-08-01 01:30:00,14.05
2016-08-01 01:40:00,14.05
2016-08-01 01:50:00,14.122
2016-08-01 02:00:00,14.194
2016-08-01 02:10:00,14.266
2016-08-01 02:20:00,14.29
2016-08-01 02:30:00,14.361
2016-08-01 02:40:00,14.409
2016-08-01 02:50:00,14.409
2016-08-01 03:00:00,14.457
2016-08-01 03:10:00,14.481
2016-08-01 03:20:00,14.505
2016-08-01 03:30:00,14.529
2016-08-01 03:40:00,14.553
2016-08-01 03:50:00,14.553
2016-08-01 04:00:00,14.577
2016-08-01 04:10:00,14.577
2016-08-01 04:20:00,14.577
2016-08-01 04:30:00,14.577
2016-08-01 04:40:00,14.553
2016-08-01 04:50:00,14.553
2016-08-01 05:00:00,14.553
2016-08-01 05:10:00,14.529
2016-08-01 05:20:00,14.529
2016-08-01 05:30:00,14.505
2016-08-01 05:40:00,14.505
2016-08-01 05:50:00,14.505
2016-08-01 06:00:00,14.505
2016-08-01 06:10:00,14.505
2016-08-01 06:20:00,14.505
2016-08-01 06:30:00,14.481
2016-08-01 06:40:00,14.481
2016-08-01 06:50:00,14.481
2016-08-01 07:00:00,14.481
2016-08-01 07:10:00,14.481
2016-08-01 07:20:00,14.481
2016-08-01 07:30:00,14.457
2016-08-01 07:40:00,14.481
2016-08-01 07:50:00,14.481
2016-08-01 08:00:00,14.481
2016-08-01 08:10:00,14.505
2016-08-01 08:20:00,14.505
2016-08-01 08:30:00,14.505
2016-08-01 08:40:00,14.529
2016-08-01 08:50:00,14.529
2016-08-01 09:00:00,14.553
2016-08-01 09:10:00,14.553
2016-08-01 09:20:00,14.553
2016-08-01 09:30:00,14.553
2016-08-01 09:40:00,14.553
2016-08-01 09:50:00,14.529
2016-08-01 10:00:00,14.553
2016-08-01 10:10:00,14.529
2016-08-01 10:20:00,14.553
2016-08-01 10:30:00,14.529
2016-08-01 10:40:00,14.529
2016-08-01 10:50:00,14.505
2016-08-01 11:00:00,14.481
2016-08-01 11:10:00,14.481
2016-08-01 11:20:00,14.457
2016-08-01 11:30:00,14.457
2016-08-01 11:40:00,14.433
2016-08-01 11:50:00,14.433
2016-08-01 12:00:00,14.457
2016-08-01 12:10:00,14.457
2016-08-01 12:20:00,14.457
2016-08-01 12:30:00,14.433
2016-08-01 12:40:00,14.433
2016-08-01 12:50:00,14.409
2016-08-01 13:00:00,14.385
2016-08-01 13:10:00,14.361
2016-08-01 13:20:00,14.361
2016-08-01 13:30:00,14.385
2016-08-01 13:40:00,14.457
2016-08-01 13:50:00,14.529
2016-08-01 14:00:00,14.601
2016-08-01 14:10:00,14.768
2016-08-01 14:20:00,14.96
2016-08-01 14:30:00,15.031
2016-08-01 14:40:00,15.127
2016-08-01 14:50:00,14.888
2016-08-01 15:00:00,14.721
2016-08-01 15:10:00,14.385
2016-08-01 15:20:00,14.29
2016-08-01 15:30:00,14.385
2016-08-01 15:40:00,14.673
2016-08-01 15:50:00,14.864
2016-08-01 16:00:00,14.96
2016-08-01 16:10:00,15.127
2016-08-01 16:20:00,15.199
2016-08-01 16:30:00,15.27
2016-08-01 16:40:00,15.294
2016-08-01 16:50:00,15.342
2016-08-01 17:00:00,15.39
2016-08-01 17:10:00,15.414
2016-08-01 17:20:00,15.509
2016-08-01 17:30:00,15.7
2016-08-01 17:40:00,15.629
2016-08-01 17:50:00,15.676
2016-08-01 18:00:00,15.748
2016-08-01 18:10:00,15.7
2016-08-01 18:20:00,15.748
2016-08-01 18:30:00,15.796
2016-08-01 18:40:00,15.843
2016-08-01 18:50:00,15.843
2016-08-01 19:00:00,15.843
2016-08-01 19:10:00,15.629
2016-08-01 19:20:00,15.676
2016-08-01 19:30:00,15.7
2016-08-01 19:40:00,15.7
2016-08-01 19:50:00,15.724
2016-08-01 20:00:00,15.772
2016-08-01 20:10:00,15.891
2016-08-01 20:20:00,15.891
2016-08-01 20:30:00,16.01
2016-08-01 20:40:00,16.249
2016-08-01 20:50:00,16.868
2016-08-01 21:00:00,16.749
2016-08-01 21:10:00,18.01
2016-08-01 21:20:00,19.127
2016-08-01 21:30:00,19.77
2016-08-01 21:40:00,20.865
2016-08-01 21:50:00,21.342
2016-08-01 22:00:00,21.652
2016-08-01 22:10:00,21.819
2016-08-01 22:20:00,22.082
2016-08-01 22:30:00,21.939
2016-08-01 22:40:00,21.724
2016-08-01 22:50:00,21.461
2016-08-01 23:00:00,21.509
2016-08-01 23:10:00,21.103
2016-08-01 23:20:00,20.317
2016-08-01 23:30:00,20.103
2016-08-01 23:40:00,19.627
2016-08-01 23:50:00,18.509
2016-08-02 00:00:00,17.486
2016-08-02 00:10:00,16.654
2016-08-02 00:20:00,16.296
2016-08-02 00:30:00,16.201
2016-08-02 00:40:00,16.058
2016-08-02 00:50:00,15.772
2016-08-02 01:00:00,15.652
2016-08-02 01:10:00,15.557
2016-08-02 01:20:00,15.533
2016-08-02 01:30:00,15.485
2016-08-02 01:40:00,15.461
2016-08-02 01:50:00,15.414
2016-08-02 02:00:00,15.366
2016-08-02 02:10:00,15.366
2016-08-02 02:20:00,15.318
2016-08-02 02:30:00,15.318
2016-08-02 02:40:00,15.294
2016-08-02 02:50:00,15.27
2016-08-02 03:00:00,15.247
2016-08-02 03:10:00,15.223
2016-08-02 03:20:00,15.199
2016-08-02 03:30:00,15.175
2016-08-02 03:40:00,15.151
2016-08-02 03:50:00,15.151
2016-08-02 04:00:00,15.127
2016-08-02 04:10:00,15.127
2016-08-02 04:20:00,15.151
2016-08-02 04:30:00,15.151
2016-08-02 04:40:00,15.151
2016-08-02 04:50:00,15.151
2016-08-02 05:00:00,15.151
2016-08-02 05:10:00,15.127
2016-08-02 05:20:00,15.127
2016-08-02 05:30:00,15.151
2016-08-02 05:40:00,15.151
2016-08-02 05:50:00,15.151
2016-08-02 06:00:00,15.151
2016-08-02 06:10:00,15.151
2016-08-02 06:20:00,15.151
2016-08-02 06:30:00,15.175
2016-08-02 06:40:00,15.199
2016-08-02 06:50:00,15.223
2016-08-02 07:00:00,15.223
2016-08-02 07:10:00,15.223
2016-08-02 07:20:00,15.27
2016-08-02 07:30:00,15.27
2016-08-02 07:40:00,15.27
2016-08-02 07:50:00,15.27
2016-08-02 08:00:00,15.247
2016-08-02 08:10:00,15.247
2016-08-02 08:20:00,15.199
2016-08-02 08:30:00,15.175
2016-08-02 08:40:00,15.151
2016-08-02 08:50:00,15.127
2016-08-02 09:00:00,15.103
2016-08-02 09:10:00,15.103
2016-08-02 09:20:00,15.103
2016-08-02 09:30:00,15.103
2016-08-02 09:40:00,15.103
2016-08-02 09:50:00,15.103
2016-08-02 10:00:00,15.079
2016-08-02 10:10:00,15.079
2016-08-02 10:20:00,15.079
2016-08-02 10:30:00,15.055
2016-08-02 10:40:00,15.055
2016-08-02 10:50:00,15.031
2016-08-02 11:00:00,15.008
2016-08-02 11:10:00,14.984
2016-08-02 11:20:00,14.96
2016-08-02 11:30:00,14.96
2016-08-02 11:40:00,14.936
2016-08-02 11:50:00,14.912
2016-08-02 12:00:00,14.912
2016-08-02 12:10:00,14.888
2016-08-02 12:20:00,14.84
2016-08-02 12:30:00,14.816
2016-08-02 12:40:00,14.792
2016-08-02 12:50:00,14.792
2016-08-02 13:00:00,14.768
2016-08-02 13:10:00,14.745
2016-08-02 13:20:00,14.745
2016-08-02 13:30:00,14.721
2016-08-02 13:40:00,14.745
2016-08-02 13:50:00,14.792
2016-08-02 14:00:00,14.84
2016-08-02 14:10:00,14.912
2016-08-02 14:20:00,15.008
2016-08-02 14:30:00,15.175
2016-08-02 14:40:00,15.294
2016-08-02 14:50:00,15.39
2016-08-02 15:00:00,15.485
2016-08-02 15:10:00,15.533
2016-08-02 15:20:00,15.438
2016-08-02 15:30:00,15.318
2016-08-02 15:40:00,15.294
2016-08-02 15:50:00,15.151
2016-08-02 16:00:00,14.984
2016-08-02 16:10:00,14.936
2016-08-02 16:20:00,14.912
2016-08-02 16:30:00,14.888
2016-08-02 16:40:00,14.864
2016-08-02 16:50:00,14.864
2016-08-02 17:00:00,14.84
2016-08-02 17:10:00,14.864
2016-08-02 17:20:00,14.912
2016-08-02 17:30:00,14.936
2016-08-02 17:40:00,15.008
2016-08-02 17:50:00,15.079
2016-08-02 18:00:00,15.151
2016-08-02 18:10:00,15.223
2016-08-02 18:20:00,15.366
2016-08-02 18:30:00,15.438
2016-08-02 18:40:00,15.533
2016-08-02 18:50:00,15.796
2016-08-02 19:00:00,15.772
2016-08-02 19:10:00,15.867
2016-08-02 19:20:00,15.772
2016-08-02 19:30:00,15.891
2016-08-02 19:40:00,15.891
2016-08-02 19:50:00,15.986
2016-08-02 20:00:00,15.867
2016-08-02 20:10:00,15.963
2016-08-02 20:20:00,15.796
2016-08-02 20:30:00,15.843
2016-08-02 20:40:00,16.129
2016-08-02 20:50:00,16.249
2016-08-02 21:00:00,16.558
2016-08-02 21:10:00,17.558
2016-08-02 21:20:00,17.962
2016-08-02 21:30:00,18.628
2016-08-02 21:40:00,20.841
2016-08-02 21:50:00,21.604
2016-08-02 22:00:00,22.274
2016-08-02 22:10:00,22.657
2016-08-02 22:20:00,22.872
2016-08-02 22:30:00,22.178
2016-08-02 22:40:00,22.609
2016-08-02 22:50:00,22.681
2016-08-02 23:00:00,22.178
2016-08-02 23:10:00,21.987
2016-08-02 23:20:00,21.772
2016-08-02 23:30:00,21.652
2016-08-02 23:40:00,21.509
2016-08-02 23:50:00,20.579
2016-08-03 00:00:00,20.126
2016-08-03 00:10:00,19.793
2016-08-03 00:20:00,19.484
2016-08-03 00:30:00,18.985
2016-08-03 00:40:00,18.557
2016-08-03 00:50:00,18.081
2016-08-03 01:00:00,17.772
2016-08-03 01:10:00,16.796
2016-08-03 01:20:00,16.368
2016-08-03 01:30:00,15.867
2016-08-03 01:40:00,15.724
2016-08-03 01:50:00,15.7
2016-08-03 02:00:00,15.509
2016-08-03 02:10:00,15.39
2016-08-03 02:20:00,15.342
2016-08-03 02:30:00,15.318
2016-08-03 02:40:00,15.294
2016-08-03 02:50:00,15.27
2016-08-03 03:00:00,15.247
2016-08-03 03:10:00,15.247
2016-08-03 03:20:00,15.223
2016-08-03 03:30:00,15.223
2016-08-03 03:40:00,15.199
2016-08-03 03:50:00,15.199
2016-08-03 04:00:00,15.175
2016-08-03 04:10:00,15.151
2016-08-03 04:20:00,15.127
2016-08-03 04:30:00,15.079
2016-08-03 04:40:00,15.031
2016-08-03 04:50:00,14.984
2016-08-03 05:00:00,14.912
2016-08-03 05:10:00,14.84
2016-08-03 05:20:00,14.792
2016-08-03 05:30:00,14.721
2016-08-03 05:40:00,14.649
2016-08-03 05:50:00,14.601
2016-08-03 06:00:00,14.529
2016-08-03 06:10:00,14.505
2016-08-03 06:20:00,14.481
2016-08-03 06:30:00,14.433
2016-08-03 06:40:00,14.385
2016-08-03 06:50:00,14.361
2016-08-03 07:00:00,14.314
2016-08-03 07:10:00,14.29
2016-08-03 07:20:00,14.266
2016-08-03 07:30:00,14.266
2016-08-03 07:40:00,14.242
2016-08-03 07:50:00,14.218
2016-08-03 08:00:00,14.218
2016-08-03 08:10:00,14.194
2016-08-03 08:20:00,14.194
2016-08-03 08:30:00,14.17
2016-08-03 08:40:00,14.17
2016-08-03 08:50:00,14.17
2016-08-03 09:00:00,14.17
2016-08-03 09:10:00,14.17
2016-08-03 09:20:00,14.194
2016-08-03 09:30:00,14.194
2016-08-03 09:40:00,14.218
2016-08-03 09:50:00,14.242
2016-08-03 10:00:00,14.242
2016-08-03 10:10:00,14.266
2016-08-03 10:20:00,14.266
2016-08-03 10:30:00,14.29
2016-08-03 10:40:00,14.29
2016-08-03 10:50:00,14.29
2016-08-03 11:00:00,14.29
2016-08-03 11:10:00,14.29
2016-08-03 11:20:00,14.314
2016-08-03 11:30:00,14.314
2016-08-03 11:40:00,14.314
2016-08-03 11:50:00,14.314
2016-08-03 12:00:00,14.314
2016-08-03 12:10:00,14.314
2016-08-03 12:20:00,14.29
2016-08-03 12:30:00,14.29
2016-08-03 12:40:00,14.266
2016-08-03 12:50:00,14.266
2016-08-03 13:00:00,14.242
2016-08-03 13:10:00,14.242
2016-08-03 13:20:00,14.218
2016-08-03 13:30:00,14.242
2016-08-03 13:40:00,14.242
2016-08-03 13:50:00,14.266
2016-08-03 14:00:00,14.314
2016-08-03 14:10:00,14.361
2016-08-03 14:20:00,14.457
2016-08-03 14:30:00,14.601
2016-08-03 14:40:00,14.768
2016-08-03 14:50:00,14.96
2016-08-03 15:00:00,15.151
2016-08-03 15:10:00,15.366
2016-08-03 15:20:00,15.533
2016-08-03 15:30:00,15.748
2016-08-03 15:40:00,15.963
2016-08-03 15:50:00,16.01
2016-08-03 16:00:00,15.7
2016-08-03 16:10:00,15.342
2016-08-03 16:20:00,14.888
2016-08-03 16:30:00,14.697
2016-08-03 16:40:00,14.505
2016-08-03 16:50:00,14.553
2016-08-03 17:00:00,14.481
2016-08-03 17:10:00,14.457
2016-08-03 17:20:00,14.409
2016-08-03 17:30:00,14.409
2016-08-03 17:40:00,14.481
2016-08-03 17:50:00,14.457
2016-08-03 18:00:00,14.409
2016-08-03 18:10:00,14.409
2016-08-03 18:20:00,14.433
2016-08-03 18:30:00,14.505
2016-08-03 18:40:00,14.553
2016-08-03 18:50:00,14.673
2016-08-03 19:00:00,14.721
2016-08-03 19:10:00,14.745
2016-08-03 19:20:00,14.816
2016-08-03 19:30:00,14.864
2016-08-03 19:40:00,14.936
2016-08-03 19:50:00,14.984
2016-08-03 20:00:00,15.031
2016-08-03 20:10:00,15.151
2016-08-03 20:20:00,15.175
2016-08-03 20:30:00,15.103
2016-08-03 20:40:00,15.175
2016-08-03 20:50:00,15.247
2016-08-03 21:00:00,15.27
2016-08-03 21:10:00,15.294
2016-08-03 21:20:00,15.223
2016-08-03 21:30:00,15.509
2016-08-03 21:40:00,15.27
2016-08-03 21:50:00,15.438
2016-08-03 22:00:00,15.438
2016-08-03 22:10:00,15.605
2016-08-03 22:20:00,15.509
2016-08-03 22:30:00,16.415
2016-08-03 22:40:00,16.463
2016-08-03 22:50:00,16.058
2016-08-03 23:00:00,16.868
2016-08-03 23:10:00,16.63
2016-08-03 23:20:00,17.082
2016-08-03 23:30:00,17.486
2016-08-03 23:40:00,17.653
2016-08-03 23:50:00,17.605
2016-08-04 00:00:00,17.272
2016-08-04 00:10:00,17.034
2016-08-04 00:20:00,17.082
2016-08-04 00:30:00,17.034
2016-08-04 00:40:00,16.868
2016-08-04 00:50:00,16.272
2016-08-04 01:00:00,16.225
2016-08-04 01:10:00,15.986
2016-08-04 01:20:00,15.748
2016-08-04 01:30:00,15.605
2016-08-04 01:40:00,15.366
2016-08-04 01:50:00,15.27
2016-08-04 02:00:00,15.247
2016-08-04 02:10:00,15.103
2016-08-04 02:20:00,15.031
2016-08-04 02:30:00,14.984
2016-08-04 02:40:00,14.912
2016-08-04 02:50:00,14.888
2016-08-04 03:00:00,14.84
2016-08-04 03:10:00,14.816
2016-08-04 03:20:00,14.792
2016-08-04 03:30:00,14.745
2016-08-04 03:40:00,14.697
2016-08-04 03:50:00,14.625
2016-08-04 04:00:00,14.577
2016-08-04 04:10:00,14.529
2016-08-04 04:20:00,14.481
2016-08-04 04:30:00,14.457
2016-08-04 04:40:00,14.433
2016-08-04 04:50:00,14.409
2016-08-04 05:00:00,14.409
2016-08-04 05:10:00,14.361
2016-08-04 05:20:00,14.337
2016-08-04 05:30:00,14.314
2016-08-04 05:40:00,14.314
2016-08-04 05:50:00,14.29
2016-08-04 06:00:00,14.29
2016-08-04 06:10:00,14.266
2016-08-04 06:20:00,14.266
2016-08-04 06:30:00,14.242
2016-08-04 06:40:00,14.242
2016-08-04 06:50:00,14.242
2016-08-04 07:00:00,14.242
2016-08-04 07:10:00,14.242
2016-08-04 07:20:00,14.242
2016-08-04 07:30:00,14.242
2016-08-04 07:40:00,14.242
2016-08-04 07:50:00,14.218
2016-08-04 08:00:00,14.218
2016-08-04 08:10:00,14.218
2016-08-04 08:20:00,14.218
2016-08-04 08:30:00,14.194
2016-08-04 08:40:00,14.17
2016-08-04 08:50:00,14.17
2016-08-04 09:00:00,14.146
2016-08-04 09:10:00,14.122
2016-08-04 09:20:00,14.098
2016-08-04 09:30:00,14.122
2016-08-04 09:40:00,14.122
2016-08-04 09:50:00,14.098
2016-08-04 10:00:00,14.098
2016-08-04 10:10:00,14.098
2016-08-04 10:20:00,14.098
2016-08-04 10:30:00,14.098
2016-08-04 10:40:00,14.098
2016-08-04 10:50:00,14.098
2016-08-04 11:00:00,14.074
2016-08-04 11:10:00,14.05
2016-08-04 11:20:00,14.026
2016-08-04 11:30:00,14.026
2016-08-04 11:40:00,14.026
2016-08-04 11:50:00,14.026
2016-08-04 12:00:00,14.002
2016-08-04 12:10:00,14.002
2016-08-04 12:20:00,13.978
2016-08-04 12:30:00,13.978
2016-08-04 12:40:00,13.978
2016-08-04 12:50:00,13.93
2016-08-04 13:00:00,13.906
2016-08-04 13:10:00,13.906
2016-08-04 13:20:00,13.882
2016-08-04 13:30:00,13.882
2016-08-04 13:40:00,13.858
2016-08-04 13:50:00,13.858
2016-08-04 14:00:00,13.906
2016-08-04 14:10:00,13.954
2016-08-04 14:20:00,13.978
2016-08-04 14:30:00,14.05
2016-08-04 14:40:00,14.098
2016-08-04 14:50:00,14.17
2016-08-04 15:00:00,14.218
2016-08-04 15:10:00,14.314
2016-08-04 15:20:00,14.409
2016-08-04 15:30:00,14.505
2016-08-04 15:40:00,14.505
2016-08-04 15:50:00,14.529
2016-08-04 16:00:00,14.625
2016-08-04 16:10:00,14.721
2016-08-04 16:20:00,14.577
2016-08-04 16:30:00,14.361
2016-08-04 16:40:00,14.266
2016-08-04 16:50:00,14.29
2016-08-04 17:00:00,14.314
2016-08-04 17:10:00,14.361
2016-08-04 17:20:00,14.337
2016-08-04 17:30:00,14.337
2016-08-04 17:40:00,14.385
2016-08-04 17:50:00,14.433
2016-08-04 18:00:00,14.481
2016-08-04 18:10:00,14.481
2016-08-04 18:20:00,14.409
2016-08-04 18:30:00,14.457
2016-08-04 18:40:00,14.457
2016-08-04 18:50:00,14.481
2016-08-04 19:00:00,14.529
2016-08-04 19:10:00,14.481
2016-08-04 19:20:00,14.529
2016-08-04 19:30:00,14.601
2016-08-04 19:40:00,14.625
2016-08-04 19:50:00,14.649
2016-08-04 20:00:00,14.625
2016-08-04 20:10:00,14.649
2016-08-04 20:20:00,14.745
2016-08-04 20:30:00,14.745
2016-08-04 20:40:00,14.745
2016-08-04 20:50:00,14.745
2016-08-04 21:00:00,14.625
2016-08-04 21:10:00,14.649
2016-08-04 21:20:00,14.673
2016-08-04 21:30:00,14.697
2016-08-04 21:40:00,14.721
2016-08-04 21:50:00,14.745
2016-08-04 22:00:00,14.745
2016-08-04 22:10:00,14.745
2016-08-04 22:20:00,14.792
2016-08-04 22:30:00,14.888
2016-08-04 22:40:00,15.103
2016-08-04 22:50:00,15.27
2016-08-04 23:00:00,15.247
2016-08-04 23:10:00,15.533
2016-08-04 23:20:00,15.485
2016-08-04 23:30:00,15.986
2016-08-04 23:40:00,16.225
2016-08-04 23:50:00,16.296
2016-08-05 00:00:00,16.534
2016-08-05 00:10:00,16.654
2016-08-05 00:20:00,16.677
2016-08-05 00:30:00,16.63
2016-08-05 00:40:00,16.368
2016-08-05 00:50:00,16.344
2016-08-05 01:00:00,16.272
2016-08-05 01:10:00,15.986
2016-08-05 01:20:00,15.796
2016-08-05 01:30:00,15.676
2016-08-05 01:40:00,15.485
2016-08-05 01:50:00,15.366
2016-08-05 02:00:00,15.223
2016-08-05 02:10:00,15.103
2016-08-05 02:20:00,14.96
2016-08-05 02:30:00,14.888
2016-08-05 02:40:00,14.792
2016-08-05 02:50:00,14.768
2016-08-05 03:00:00,14.673
2016-08-05 03:10:00,14.601
2016-08-05 03:20:00,14.577
2016-08-05 03:30:00,14.577
2016-08-05 03:40:00,14.577
2016-08-05 03:50:00,14.577
2016-08-05 04:00:00,14.577
2016-08-05 04:10:00,14.577
2016-08-05 04:20:00,14.553
2016-08-05 04:30:00,14.553
2016-08-05 04:40:00,14.529
2016-08-05 04:50:00,14.529
2016-08-05 05:00:00,14.505
2016-08-05 05:10:00,14.457
2016-08-05 05:20:00,14.433
2016-08-05 05:30:00,14.409
2016-08-05 05:40:00,14.409
2016-08-05 05:50:00,14.361
2016-08-05 06:00:00,14.337
2016-08-05 06:10:00,14.385
2016-08-05 06:20:00,14.433
2016-08-05 06:30:00,14.433
2016-08-05 06:40:00,14.433
2016-08-05 06:50:00,14.433
2016-08-05 07:00:00,14.433
2016-08-05 07:10:00,14.409
2016-08-05 07:20:00,14.409
2016-08-05 07:30:00,14.409
2016-08-05 07:40:00,14.385
2016-08-05 07:50:00,14.361
2016-08-05 08:00:00,14.314
2016-08-05 08:10:00,14.29
2016-08-05 08:20:00,14.29
2016-08-05 08:30:00,14.266
2016-08-05 08:40:00,14.218
2016-08-05 08:50:00,14.218
2016-08-05 09:00:00,14.194
2016-08-05 09:10:00,14.194
2016-08-05 09:20:00,14.17
2016-08-05 09:30:00,14.17
2016-08-05 09:40:00,14.17
2016-08-05 09:50:00,14.146
2016-08-05 10:00:00,14.146
2016-08-05 10:10:00,14.122
2016-08-05 10:20:00,14.074
2016-08-05 10:30:00,14.026
2016-08-05 10:40:00,13.978
2016-08-05 10:50:00,13.906
2016-08-05 11:00:00,13.858
2016-08-05 11:10:00,13.834
2016-08-05 11:20:00,13.81
2016-08-05 11:30:00,13.786
2016-08-05 11:40:00,13.786
2016-08-05 11:50:00,13.762
2016-08-05 12:00:00,13.714
2016-08-05 12:10:00,13.69
2016-08-05 12:20:00,13.642
2016-08-05 12:30:00,13.642
2016-08-05 12:40:00,13.642
2016-08-05 12:50:00,13.666
2016-08-05 13:00:00,13.666
2016-08-05 13:10:00,13.642
2016-08-05 13:20:00,13.666
2016-08-05 13:30:00,13.69
2016-08-05 13:40:00,13.69
2016-08-05 13:50:00,13.714
2016-08-05 14:00:00,13.762
2016-08-05 14:10:00,13.834
2016-08-05 14:20:00,13.93
2016-08-05 14:30:00,14.05
2016-08-05 14:40:00,14.218
2016-08-05 14:50:00,14.409
2016-08-05 15:00:00,14.529
2016-08-05 15:10:00,14.697
2016-08-05 15:20:00,14.912
2016-08-05 15:30:00,15.079
2016-08-05 15:40:00,15.294
2016-08-05 15:50:00,15.629
2016-08-05 16:00:00,15.915
2016-08-05 16:10:00,16.01
2016-08-05 16:20:00,16.153
2016-08-05 16:30:00,16.32
2016-08-05 16:40:00,16.201
2016-08-05 16:50:00,15.891
2016-08-05 17:00:00,15.055
2016-08-05 17:10:00,14.721
2016-08-05 17:20:00,14.553
2016-08-05 17:30:00,14.529
2016-08-05 17:40:00,14.481
2016-08-05 17:50:00,14.433
2016-08-05 18:00:00,14.433
2016-08-05 18:10:00,14.385
2016-08-05 18:20:00,14.385
2016-08-05 18:30:00,14.29
2016-08-05 18:40:00,14.242
2016-08-05 18:50:00,14.266
2016-08-05 19:00:00,14.266
2016-08-05 19:10:00,14.553
2016-08-05 19:20:00,14.577
2016-08-05 19:30:00,14.385
2016-08-05 19:40:00,14.361
2016-08-05 19:50:00,14.457
2016-08-05 20:00:00,14.409
2016-08-05 20:10:00,14.649
2016-08-05 20:20:00,14.792
2016-08-05 20:30:00,14.577
2016-08-05 20:40:00,14.529
2016-08-05 20:50:00,14.529
2016-08-05 21:00:00,14.577
2016-08-05 21:10:00,14.601
2016-08-05 21:20:00,14.577
2016-08-05 21:30:00,14.601
2016-08-05 21:40:00,14.649
2016-08-05 21:50:00,14.649
2016-08-05 22:00:00,14.625
2016-08-05 22:10:00,14.625
2016-08-05 22:20:00,14.625
2016-08-05 22:30:00,14.601
2016-08-05 22:40:00,14.601
2016-08-05 22:50:00,14.601
2016-08-05 23:00:00,14.888
2016-08-05 23:10:00,14.936
2016-08-05 23:20:00,15.151
2016-08-05 23:30:00,15.533
2016-08-05 23:40:00,15.986
2016-08-05 23:50:00,15.772
2016-08-06 00:00:00,15.843
2016-08-06 00:10:00,16.01
2016-08-06 00:20:00,16.01
2016-08-06 00:30:00,15.986
2016-08-06 00:40:00,15.939
2016-08-06 00:50:00,15.796
2016-08-06 01:00:00,15.819
2016-08-06 01:10:00,15.843
2016-08-06 01:20:00,15.819
2016-08-06 01:30:00,15.605
2016-08-06 01:40:00,15.414
2016-08-06 01:50:00,15.247
2016-08-06 02:00:00,15.079
2016-08-06 02:10:00,14.984
2016-08-06 02:20:00,14.792
2016-08-06 02:30:00,14.673
2016-08-06 02:40:00,14.553
2016-08-06 02:50:00,14.433
2016-08-06 03:00:00,14.337
2016-08-06 03:10:00,14.29
2016-08-06 03:20:00,14.361
2016-08-06 03:30:00,14.505
2016-08-06 03:40:00,14.529
2016-08-06 03:50:00,14.385
2016-08-06 04:00:00,14.266
2016-08-06 04:10:00,14.194
2016-08-06 04:20:00,14.146
2016-08-06 04:30:00,14.098
2016-08-06 04:40:00,14.074
2016-08-06 04:50:00,14.05
2016-08-06 05:00:00,14.05
2016-08-06 05:10:00,14.026
2016-08-06 05:20:00,14.026
2016-08-06 05:30:00,14.026
2016-08-06 05:40:00,14.002
2016-08-06 05:50:00,14.002
2016-08-06 06:00:00,14.026
2016-08-06 06:10:00,14.026
2016-08-06 06:20:00,14.026
2016-08-06 06:30:00,14.026
2016-08-06 06:40:00,14.05
2016-08-06 06:50:00,14.05
2016-08-06 07:00:00,14.05
2016-08-06 07:10:00,14.05
2016-08-06 07:20:00,14.05
2016-08-06 07:30:00,14.074
2016-08-06 07:40:00,14.05
2016-08-06 07:50:00,14.05
2016-08-06 08:00:00,14.026
2016-08-06 08:10:00,14.026
2016-08-06 08:20:00,14.026
2016-08-06 08:30:00,14.002
2016-08-06 08:40:00,14.002
2016-08-06 08:50:00,14.002
2016-08-06 09:00:00,13.978
2016-08-06 09:10:00,13.978
2016-08-06 09:20:00,13.978
2016-08-06 09:30:00,13.978
2016-08-06 09:40:00,13.954
2016-08-06 09:50:00,13.954
2016-08-06 10:00:00,13.93
2016-08-06 10:10:00,13.93
2016-08-06 10:20:00,13.906
2016-08-06 10:30:00,13.882
2016-08-06 10:40:00,13.858
2016-08-06 10:50:00,13.834
2016-08-06 11:00:00,13.762
2016-08-06 11:10:00,13.714
2016-08-06 11:20:00,13.666
2016-08-06 11:30:00,13.642
2016-08-06 11:40:00,13.642
2016-08-06 11:50:00,13.618
2016-08-06 12:00:00,13.618
2016-08-06 12:10:00,13.594
2016-08-06 12:20:00,13.594
2016-08-06 12:30:00,13.57
2016-08-06 12:40:00,13.546
2016-08-06 12:50:00,13.546
2016-08-06 13:00:00,13.546
2016-08-06 13:10:00,13.57
2016-08-06 13:20:00,13.57
2016-08-06 13:30:00,13.57
2016-08-06 13:40:00,13.594
2016-08-06 13:50:00,13.642
2016-08-06 14:00:00,13.642
2016-08-06 14:10:00,13.69
2016-08-06 14:20:00,13.714
2016-08-06 14:30:00,13.786
2016-08-06 14:40:00,13.882
2016-08-06 14:50:00,13.978
2016-08-06 15:00:00,14.074
2016-08-06 15:10:00,14.218
2016-08-06 15:20:00,14.385
2016-08-06 15:30:00,14.529
2016-08-06 15:40:00,14.649
2016-08-06 15:50:00,14.745
2016-08-06 16:00:00,14.936
2016-08-06 16:10:00,15.151
2016-08-06 16:20:00,15.461
2016-08-06 16:30:00,15.557
2016-08-06 16:40:00,15.39
2016-08-06 16:50:00,15.39
2016-08-06 17:00:00,15.27
2016-08-06 17:10:00,15.294
2016-08-06 17:20:00,15.724
2016-08-06 17:30:00,14.792
2016-08-06 17:40:00,14.266
2016-08-06 17:50:00,13.858
2016-08-06 18:00:00,14.146
2016-08-06 18:10:00,13.978
2016-08-06 18:20:00,13.978
2016-08-06 18:30:00,14.074
2016-08-06 18:40:00,14.194
2016-08-06 18:50:00,14.385
2016-08-06 19:00:00,14.314
2016-08-06 19:10:00,14.17
2016-08-06 19:20:00,14.05
2016-08-06 19:30:00,13.786
2016-08-06 19:40:00,13.81
2016-08-06 19:50:00,13.738
2016-08-06 20:00:00,13.738
2016-08-06 20:10:00,13.858
2016-08-06 20:20:00,13.882
2016-08-06 20:30:00,13.906
2016-08-06 20:40:00,13.978
2016-08-06 20:50:00,14.026
2016-08-06 21:00:00,14.122
2016-08-06 21:10:00,14.122
2016-08-06 21:20:00,14.074
2016-08-06 21:30:00,14.17
2016-08-06 21:40:00,14.122
2016-08-06 21:50:00,14.17
2016-08-06 22:00:00,14.218
2016-08-06 22:10:00,14.242
2016-08-06 22:20:00,14.194
2016-08-06 22:30:00,14.242
2016-08-06 22:40:00,14.266
2016-08-06 22:50:00,14.29
2016-08-06 23:00:00,14.337
2016-08-06 23:10:00,14.194
2016-08-06 23:20:00,14.17
2016-08-06 23:30:00,14.17
2016-08-06 23:40:00,14.242
2016-08-06 23:50:00,14.218
2016-08-07 00:00:00,14.242
2016-08-07 00:10:00,14.266
2016-08-07 00:20:00,14.361
2016-08-07 00:30:00,14.768
2016-08-07 00:40:00,14.697
2016-08-07 00:50:00,14.768
2016-08-07 01:00:00,14.912
2016-08-07 01:10:00,14.864
2016-08-07 01:20:00,14.816
2016-08-07 01:30:00,14.745
2016-08-07 01:40:00,14.601
2016-08-07 01:50:00,14.481
2016-08-07 02:00:00,14.385
2016-08-07 02:10:00,14.314
2016-08-07 02:20:00,14.218
2016-08-07 02:30:00,14.122
2016-08-07 02:40:00,14.05
2016-08-07 02:50:00,13.978
2016-08-07 03:00:00,13.93
2016-08-07 03:10:00,13.858
2016-08-07 03:20:00,13.834
2016-08-07 03:30:00,13.81
2016-08-07 03:40:00,13.762
2016-08-07 03:50:00,13.762
2016-08-07 04:00:00,13.81
2016-08-07 04:10:00,13.81
2016-08-07 04:20:00,13.786
2016-08-07 04:30:00,13.738
2016-08-07 04:40:00,13.69
2016-08-07 04:50:00,13.666
2016-08-07 05:00:00,13.618
2016-08-07 05:10:00,13.594
2016-08-07 05:20:00,13.57
2016-08-07 05:30:00,13.546
2016-08-07 05:40:00,13.546
2016-08-07 05:50:00,13.522
2016-08-07 06:00:00,13.497
2016-08-07 06:10:00,13.473
2016-08-07 06:20:00,13.425
2016-08-07 06:30:00,13.425
2016-08-07 06:40:00,13.425
2016-08-07 06:50:00,13.425
2016-08-07 07:00:00,13.425
2016-08-07 07:10:00,13.449
2016-08-07 07:20:00,13.449
2016-08-07 07:30:00,13.449
2016-08-07 07:40:00,13.449
2016-08-07 07:50:00,13.449
2016-08-07 08:00:00,13.449
2016-08-07 08:10:00,13.449
2016-08-07 08:20:00,13.449
2016-08-07 08:30:00,13.449
2016-08-07 08:40:00,13.449
2016-08-07 08:50:00,13.449
2016-08-07 09:00:00,13.449
2016-08-07 09:10:00,13.449
2016-08-07 09:20:00,13.425
2016-08-07 09:30:00,13.425
2016-08-07 09:40:00,13.449
2016-08-07 09:50:00,13.449
2016-08-07 10:00:00,13.449
2016-08-07 10:10:00,13.449
2016-08-07 10:20:00,13.449
2016-08-07 10:30:00,13.449
2016-08-07 10:40:00,13.449
2016-08-07 10:50:00,13.449
2016-08-07 11:00:00,13.449
2016-08-07 11:10:00,13.449
2016-08-07 11:20:00,13.449
2016-08-07 11:30:00,13.425
2016-08-07 11:40:00,13.377
2016-08-07 11:50:00,13.377
2016-08-07 12:00:00,13.353
2016-08-07 12:10:00,13.329
2016-08-07 12:20:00,13.329
2016-08-07 12:30:00,13.281
2016-08-07 12:40:00,13.281
2016-08-07 12:50:00,13.281
2016-08-07 13:00:00,13.257
2016-08-07 13:10:00,13.257
2016-08-07 13:20:00,13.209
2016-08-07 13:30:00,13.209
2016-08-07 13:40:00,13.233
2016-08-07 13:50:00,13.281
2016-08-07 14:00:00,13.329
2016-08-07 14:10:00,13.401
2016-08-07 14:20:00,13.497
2016-08-07 14:30:00,13.642
2016-08-07 14:40:00,13.786
2016-08-07 14:50:00,13.906
2016-08-07 15:00:00,14.074
2016-08-07 15:10:00,14.17
2016-08-07 15:20:00,14.361
2016-08-07 15:30:00,14.625
2016-08-07 15:40:00,14.888
2016-08-07 15:50:00,15.079
2016-08-07 16:00:00,15.294
2016-08-07 16:10:00,15.414
2016-08-07 16:20:00,15.652
2016-08-07 16:30:00,15.748
2016-08-07 16:40:00,16.01
2016-08-07 16:50:00,15.748
2016-08-07 17:00:00,15.891
2016-08-07 17:10:00,16.201
2016-08-07 17:20:00,16.153
2016-08-07 17:30:00,15.963
2016-08-07 17:40:00,16.034
2016-08-07 17:50:00,15.652
2016-08-07 18:00:00,14.529
2016-08-07 18:10:00,14.218
2016-08-07 18:20:00,14.337
2016-08-07 18:30:00,14.122
2016-08-07 18:40:00,13.93
2016-08-07 18:50:00,13.882
2016-08-07 19:00:00,13.906
2016-08-07 19:10:00,13.954
2016-08-07 19:20:00,13.834
2016-08-07 19:30:00,13.978
2016-08-07 19:40:00,13.978
2016-08-07 19:50:00,13.954
2016-08-07 20:00:00,13.93
2016-08-07 20:10:00,13.93
2016-08-07 20:20:00,13.906
2016-08-07 20:30:00,14.05
2016-08-07 20:40:00,14.002
2016-08-07 20:50:00,13.978
2016-08-07 21:00:00,13.978
2016-08-07 21:10:00,14.002
2016-08-07 21:20:00,13.93
2016-08-07 21:30:00,14.074
2016-08-07 21:40:00,14.05
2016-08-07 21:50:00,14.074
2016-08-07 22:00:00,14.098
2016-08-07 22:10:00,14.122
2016-08-07 22:20:00,14.098
2016-08-07 22:30:00,14.146
2016-08-07 22:40:00,14.146
2016-08-07 22:50:00,14.17
2016-08-07 23:00:00,14.05
2016-08-07 23:10:00,14.05
2016-08-07 23:20:00,14.074
2016-08-07 23:30:00,14.098
2016-08-07 23:40:00,14.122
2016-08-07 23:50:00,14.122
2016-08-08 00:00:00,14.146
2016-08-08 00:10:00,14.194
2016-08-08 00:20:00,14.218
2016-08-08 00:30:00,14.194
2016-08-08 00:40:00,14.194
2016-08-08 00:50:00,14.242
2016-08-08 01:00:00,14.266
2016-08-08 01:10:00,14.409
2016-08-08 01:20:00,14.337
2016-08-08 01:30:00,14.553
2016-08-08 01:40:00,14.697
2016-08-08 01:50:00,14.505
2016-08-08 02:00:00,14.361
2016-08-08 02:10:00,14.361
2016-08-08 02:20:00,14.29
2016-08-08 02:30:00,13.978
2016-08-08 02:40:00,13.738
2016-08-08 02:50:00,13.546
2016-08-08 03:00:00,13.401
2016-08-08 03:10:00,13.257
2016-08-08 03:20:00,13.209
2016-08-08 03:30:00,13.137
2016-08-08 03:40:00,13.088
2016-08-08 03:50:00,13.04
2016-08-08 04:00:00,12.944
2016-08-08 04:10:00,12.92
2016-08-08 04:20:00,12.968
2016-08-08 04:30:00,12.944
2016-08-08 04:40:00,12.871
2016-08-08 04:50:00,12.92
2016-08-08 05:00:00,12.823
2016-08-08 05:10:00,13.016
2016-08-08 05:20:00,13.185
2016-08-08 05:30:00,13.185
2016-08-08 05:40:00,13.209
2016-08-08 05:50:00,13.209
2016-08-08 06:00:00,13.209
2016-08-08 06:10:00,13.185
2016-08-08 06:20:00,13.185
2016-08-08 06:30:00,13.185
2016-08-08 06:40:00,13.185
2016-08-08 06:50:00,13.209
2016-08-08 07:00:00,13.185
2016-08-08 07:10:00,13.161
2016-08-08 07:20:00,13.161
2016-08-08 07:30:00,13.161
2016-08-08 07:40:00,13.161
2016-08-08 07:50:00,13.161
2016-08-08 08:00:00,13.185
2016-08-08 08:10:00,13.209
2016-08-08 08:20:00,13.209
2016-08-08 08:30:00,13.209
2016-08-08 08:40:00,13.233
2016-08-08 08:50:00,13.233
2016-08-08 09:00:00,13.233
2016-08-08 09:10:00,13.233
2016-08-08 09:20:00,13.233
2016-08-08 09:30:00,13.209
2016-08-08 09:40:00,13.209
2016-08-08 09:50:00,13.209
2016-08-08 10:00:00,13.209
2016-08-08 10:10:00,13.209
2016-08-08 10:20:00,13.209
2016-08-08 10:30:00,13.209
2016-08-08 10:40:00,13.209
2016-08-08 10:50:00,13.185
2016-08-08 11:00:00,13.185
2016-08-08 11:10:00,13.161
2016-08-08 11:20:00,13.161
2016-08-08 11:30:00,13.161
2016-08-08 11:40:00,13.137
2016-08-08 11:50:00,13.137
2016-08-08 12:00:00,13.137
2016-08-08 12:10:00,13.137
2016-08-08 12:20:00,13.137
2016-08-08 12:30:00,13.088
2016-08-08 12:40:00,13.064
2016-08-08 12:50:00,13.064
2016-08-08 13:00:00,13.04
2016-08-08 13:10:00,13.016
2016-08-08 13:20:00,12.992
2016-08-08 13:30:00,13.016
2016-08-08 13:40:00,13.04
2016-08-08 13:50:00,13.064
2016-08-08 14:00:00,13.088
2016-08-08 14:10:00,13.112
2016-08-08 14:20:00,13.161
2016-08-08 14:30:00,13.185
2016-08-08 14:40:00,13.233
2016-08-08 14:50:00,13.305
2016-08-08 15:00:00,13.425
2016-08-08 15:10:00,13.425
2016-08-08 15:20:00,13.594
2016-08-08 15:30:00,13.69
2016-08-08 15:40:00,13.81
2016-08-08 15:50:00,13.906
2016-08-08 16:00:00,14.098
2016-08-08 16:10:00,14.266
2016-08-08 16:20:00,14.409
2016-08-08 16:30:00,14.505
2016-08-08 16:40:00,14.768
2016-08-08 16:50:00,15.127
2016-08-08 17:00:00,15.366
2016-08-08 17:10:00,15.557
2016-08-08 17:20:00,15.867
2016-08-08 17:30:00,16.082
2016-08-08 17:40:00,16.463
2016-08-08 17:50:00,15.843
2016-08-08 18:00:00,15.605
2016-08-08 18:10:00,14.553
2016-08-08 18:20:00,14.05
2016-08-08 18:30:00,13.834
2016-08-08 18:40:00,13.594
2016-08-08 18:50:00,13.401
2016-08-08 19:00:00,13.257
2016-08-08 19:10:00,13.329
2016-08-08 19:20:00,13.57
2016-08-08 19:30:00,13.57
2016-08-08 19:40:00,13.497
2016-08-08 19:50:00,13.522
2016-08-08 20:00:00,13.449
2016-08-08 20:10:00,13.377
2016-08-08 20:20:00,13.401
2016-08-08 20:30:00,13.353
2016-08-08 20:40:00,13.353
2016-08-08 20:50:00,13.377
2016-08-08 21:00:00,13.401
2016-08-08 21:10:00,13.353
2016-08-08 21:20:00,13.353
2016-08-08 21:30:00,13.305
2016-08-08 21:40:00,13.305
2016-08-08 21:50:00,13.329
2016-08-08 22:00:00,13.329
2016-08-08 22:10:00,13.353
2016-08-08 22:20:00,13.401
2016-08-08 22:30:00,13.401
2016-08-08 22:40:00,13.401
2016-08-08 22:50:00,13.425
2016-08-08 23:00:00,13.449
2016-08-08 23:10:00,13.425
2016-08-08 23:20:00,13.401
2016-08-08 23:30:00,13.401
2016-08-08 23:40:00,13.449
2016-08-08 23:50:00,13.473
2016-08-09 00:00:00,13.425
2016-08-09 00:10:00,13.425
2016-08-09 00:20:00,13.449
2016-08-09 00:30:00,13.473
2016-08-09 00:40:00,13.473
2016-08-09 00:50:00,13.449
2016-08-09 01:00:00,13.449
2016-08-09 01:10:00,13.425
2016-08-09 01:20:00,13.425
2016-08-09 01:30:00,13.401
2016-08-09 01:40:00,13.449
2016-08-09 01:50:00,13.449
2016-08-09 02:00:00,13.449
2016-08-09 02:10:00,13.425
2016-08-09 02:20:00,13.401
2016-08-09 02:30:00,13.425
2016-08-09 02:40:00,13.401
2016-08-09 02:50:00,13.377
2016-08-09 03:00:00,13.353
2016-08-09 03:10:00,13.353
2016-08-09 03:20:00,13.305
2016-08-09 03:30:00,13.305
2016-08-09 03:40:00,13.305
2016-08-09 03:50:00,13.281
2016-08-09 04:00:00,13.281
2016-08-09 04:10:00,13.257
2016-08-09 04:20:00,13.257
2016-08-09 04:30:00,13.257
2016-08-09 04:40:00,13.257
2016-08-09 04:50:00,13.281
2016-08-09 05:00:00,13.233
2016-08-09 05:10:00,13.257
2016-08-09 05:20:00,13.161
2016-08-09 05:30:00,13.137
2016-08-09 05:40:00,13.137
2016-08-09 05:50:00,13.137
2016-08-09 06:00:00,13.112
2016-08-09 06:10:00,13.088
2016-08-09 06:20:00,12.992
2016-08-09 06:30:00,12.92
2016-08-09 06:40:00,12.92
2016-08-09 06:50:00,12.847
2016-08-09 07:00:00,12.823
2016-08-09 07:10:00,12.727
2016-08-09 07:20:00,12.654
2016-08-09 07:30:00,12.654
2016-08-09 07:40:00,12.63
2016-08-09 07:50:00,12.63
2016-08-09 08:00:00,12.63
2016-08-09 08:10:00,12.63
2016-08-09 08:20:00,12.654
2016-08-09 08:30:00,12.654
2016-08-09 08:40:00,12.654
2016-08-09 08:50:00,12.654
2016-08-09 09:00:00,12.678
2016-08-09 09:10:00,12.678
2016-08-09 09:20:00,12.678
2016-08-09 09:30:00,12.654
2016-08-09 09:40:00,12.654
2016-08-09 09:50:00,12.678
2016-08-09 10:00:00,12.678
2016-08-09 10:10:00,12.678
2016-08-09 10:20:00,12.678
2016-08-09 10:30:00,12.703
2016-08-09 10:40:00,12.703
2016-08-09 10:50:00,12.703
2016-08-09 11:00:00,12.727
2016-08-09 11:10:00,12.727
2016-08-09 11:20:00,12.727
2016-08-09 11:30:00,12.727
2016-08-09 11:40:00,12.727
2016-08-09 11:50:00,12.751
2016-08-09 12:00:00,12.727
2016-08-09 12:10:00,12.727
2016-08-09 12:20:00,12.727
2016-08-09 12:30:00,12.727
2016-08-09 12:40:00,12.727
2016-08-09 12:50:00,12.727
2016-08-09 13:00:00,12.727
2016-08-09 13:10:00,12.727
2016-08-09 13:20:00,12.727
2016-08-09 13:30:00,12.751
2016-08-09 13:40:00,12.751
2016-08-09 13:50:00,12.775
2016-08-09 14:00:00,12.823
2016-08-09 14:10:00,12.847
2016-08-09 14:20:00,12.871
2016-08-09 14:30:00,12.92
2016-08-09 14:40:00,12.992
2016-08-09 14:50:00,13.064
2016-08-09 15:00:00,13.137
2016-08-09 15:10:00,13.185
2016-08-09 15:20:00,13.257
2016-08-09 15:30:00,13.305
2016-08-09 15:40:00,13.449
2016-08-09 15:50:00,13.546
2016-08-09 16:00:00,13.642
2016-08-09 16:10:00,13.786
2016-08-09 16:20:00,13.858
2016-08-09 16:30:00,13.93
2016-08-09 16:40:00,14.002
2016-08-09 16:50:00,14.074
2016-08-09 17:00:00,14.218
2016-08-09 17:10:00,14.433
2016-08-09 17:20:00,14.433
2016-08-09 17:30:00,14.457
2016-08-09 17:40:00,14.433
2016-08-09 17:50:00,14.433
2016-08-09 18:00:00,14.505
2016-08-09 18:10:00,14.888
2016-08-09 18:20:00,14.505
2016-08-09 18:30:00,14.337
2016-08-09 18:40:00,14.122
2016-08-09 18:50:00,13.714
2016-08-09 19:00:00,14.002
2016-08-09 19:10:00,13.762
2016-08-09 19:20:00,13.618
2016-08-09 19:30:00,13.401
2016-08-09 19:40:00,13.401
2016-08-09 19:50:00,13.281
2016-08-09 20:00:00,13.209
2016-08-09 20:10:00,13.209
2016-08-09 20:20:00,13.137
2016-08-09 20:30:00,13.161
2016-08-09 20:40:00,13.137
2016-08-09 20:50:00,13.064
2016-08-09 21:00:00,13.088
2016-08-09 21:10:00,13.137
2016-08-09 21:20:00,13.161
2016-08-09 21:30:00,13.209
2016-08-09 21:40:00,13.209
2016-08-09 21:50:00,13.209
2016-08-09 22:00:00,13.209
2016-08-09 22:10:00,13.161
2016-08-09 22:20:00,13.185
2016-08-09 22:30:00,13.088
2016-08-09 22:40:00,13.064
2016-08-09 22:50:00,13.064
2016-08-09 23:00:00,13.088
2016-08-09 23:10:00,13.064
2016-08-09 23:20:00,13.064
2016-08-09 23:30:00,13.016
2016-08-09 23:40:00,12.992
2016-08-09 23:50:00,12.968
2016-08-10 00:00:00,12.944
2016-08-10 00:10:00,12.92
2016-08-10 00:20:00,12.92
2016-08-10 00:30:00,12.871
2016-08-10 00:40:00,12.847
2016-08-10 00:50:00,12.823
2016-08-10 01:00:00,12.775
2016-08-10 01:10:00,12.727
2016-08-10 01:20:00,12.703
2016-08-10 01:30:00,12.654
2016-08-10 01:40:00,12.63
2016-08-10 01:50:00,12.582
2016-08-10 02:00:00,12.558
2016-08-10 02:10:00,12.534
2016-08-10 02:20:00,12.509
2016-08-10 02:30:00,12.509
2016-08-10 02:40:00,12.509
2016-08-10 02:50:00,12.485
2016-08-10 03:00:00,12.509
2016-08-10 03:10:00,12.485
2016-08-10 03:20:00,12.534
2016-08-10 03:30:00,12.534
2016-08-10 03:40:00,12.509
2016-08-10 03:50:00,12.534
2016-08-10 04:00:00,12.582
2016-08-10 04:10:00,12.654
2016-08-10 04:20:00,12.678
2016-08-10 04:30:00,12.703
2016-08-10 04:40:00,12.727
2016-08-10 04:50:00,12.751
2016-08-10 05:00:00,12.775
2016-08-10 05:10:00,12.775
2016-08-10 05:20:00,12.799
2016-08-10 05:30:00,12.823
2016-08-10 05:40:00,12.799
2016-08-10 05:50:00,12.799
2016-08-10 06:00:00,12.799
2016-08-10 06:10:00,12.823
2016-08-10 06:20:00,12.823
2016-08-10 06:30:00,12.823
2016-08-10 06:40:00,12.823
2016-08-10 06:50:00,12.823
2016-08-10 07:00:00,12.799
2016-08-10 07:10:00,12.823
2016-08-10 07:20:00,12.823
2016-08-10 07:30:00,12.823
2016-08-10 07:40:00,12.823
2016-08-10 07:50:00,12.847
2016-08-10 08:00:00,12.847
2016-08-10 08:10:00,12.871
2016-08-10 08:20:00,12.871
2016-08-10 08:30:00,12.871
2016-08-10 08:40:00,12.92
2016-08-10 08:50:00,12.92
2016-08-10 09:00:00,12.944
2016-08-10 09:10:00,12.968
2016-08-10 09:20:00,12.968
2016-08-10 09:30:00,12.992
2016-08-10 09:40:00,13.016
2016-08-10 09:50:00,13.04
2016-08-10 10:00:00,13.04
2016-08-10 10:10:00,13.064
2016-08-10 10:20:00,13.064
2016-08-10 10:30:00,13.064
2016-08-10 10:40:00,13.064
2016-08-10 10:50:00,13.064
2016-08-10 11:00:00,13.064
2016-08-10 11:10:00,13.064
2016-08-10 11:20:00,13.064
2016-08-10 11:30:00,13.064
2016-08-10 11:40:00,13.064
2016-08-10 11:50:00,13.064
2016-08-10 12:00:00,13.064
2016-08-10 12:10:00,13.064
2016-08-10 12:20:00,13.064
2016-08-10 12:30:00,13.064
2016-08-10 12:40:00,13.064
2016-08-10 12:50:00,13.064
2016-08-10 13:00:00,13.064
2016-08-10 13:10:00,13.088
2016-08-10 13:20:00,13.088
2016-08-10 13:30:00,13.112
2016-08-10 13:40:00,13.137
2016-08-10 13:50:00,13.137
2016-08-10 14:00:00,13.161
2016-08-10 14:10:00,13.185
2016-08-10 14:20:00,13.233
2016-08-10 14:30:00,13.257
2016-08-10 14:40:00,13.233
2016-08-10 14:50:00,13.233
2016-08-10 15:00:00,13.329
2016-08-10 15:10:00,13.329
2016-08-10 15:20:00,13.401
2016-08-10 15:30:00,13.93
2016-08-10 15:40:00,13.978
2016-08-10 15:50:00,13.93
2016-08-10 16:00:00,14.002
2016-08-10 16:10:00,14.146
2016-08-10 16:20:00,14.146
2016-08-10 16:30:00,14.266
2016-08-10 16:40:00,14.074
2016-08-10 16:50:00,14.146
2016-08-10 17:00:00,14.337
2016-08-10 17:10:00,14.912
2016-08-10 17:20:00,14.697
2016-08-10 17:30:00,14.314
2016-08-10 17:40:00,14.84
2016-08-10 17:50:00,14.792
2016-08-10 18:00:00,15.031
2016-08-10 18:10:00,15.008
2016-08-10 18:20:00,14.745
2016-08-10 18:30:00,14.697
2016-08-10 18:40:00,15.223
2016-08-10 18:50:00,15.199
2016-08-10 19:00:00,15.079
2016-08-10 19:10:00,14.888
2016-08-10 19:20:00,15.079
2016-08-10 19:30:00,15.031
2016-08-10 19:40:00,14.936
2016-08-10 19:50:00,14.84
2016-08-10 20:00:00,14.625
2016-08-10 20:10:00,14.553
2016-08-10 20:20:00,14.481
2016-08-10 20:30:00,14.361
2016-08-10 20:40:00,14.361
2016-08-10 20:50:00,14.337
2016-08-10 21:00:00,14.385
2016-08-10 21:10:00,14.337
2016-08-10 21:20:00,14.361
2016-08-10 21:30:00,14.361
2016-08-10 21:40:00,14.337
2016-08-10 21:50:00,14.337
2016-08-10 22:00:00,14.337
2016-08-10 22:10:00,14.337
2016-08-10 22:20:00,14.314
2016-08-10 22:30:00,14.314
2016-08-10 22:40:00,14.314
2016-08-10 22:50:00,14.314
2016-08-10 23:00:00,14.337
2016-08-10 23:10:00,14.385
2016-08-10 23:20:00,14.433
2016-08-10 23:30:00,14.457
2016-08-10 23:40:00,14.481
2016-08-10 23:50:00,14.505
2016-08-11 00:00:00,14.529
2016-08-11 00:10:00,14.505
2016-08-11 00:20:00,14.505
2016-08-11 00:30:00,14.505
2016-08-11 00:40:00,14.505
2016-08-11 00:50:00,14.505
2016-08-11 01:00:00,14.481
2016-08-11 01:10:00,14.457
2016-08-11 01:20:00,14.433
2016-08-11 01:30:00,14.385
2016-08-11 01:40:00,14.361
2016-08-11 01:50:00,14.337
2016-08-11 02:00:00,14.314
2016-08-11 02:10:00,14.29
2016-08-11 02:20:00,14.266
2016-08-11 02:30:00,14.266
2016-08-11 02:40:00,14.242
2016-08-11 02:50:00,14.218
2016-08-11 03:00:00,14.218
2016-08-11 03:10:00,14.194
2016-08-11 03:20:00,14.194
2016-08-11 03:30:00,14.17
2016-08-11 03:40:00,14.146
2016-08-11 03:50:00,14.122
2016-08-11 04:00:00,14.122
2016-08-11 04:10:00,14.074
2016-08-11 04:20:00,14.05
2016-08-11 04:30:00,13.978
2016-08-11 04:40:00,13.93
2016-08-11 04:50:00,13.906
2016-08-11 05:00:00,13.906
2016-08-11 05:10:00,13.858
2016-08-11 05:20:00,13.81
2016-08-11 05:30:00,13.786
2016-08-11 05:40:00,13.762
2016-08-11 05:50:00,13.714
2016-08-11 06:00:00,13.69
2016-08-11 06:10:00,13.666
2016-08-11 06:20:00,13.666
2016-08-11 06:30:00,13.642
2016-08-11 06:40:00,13.642
2016-08-11 06:50:00,13.618
2016-08-11 07:00:00,13.594
2016-08-11 07:10:00,13.594
2016-08-11 07:20:00,13.57
2016-08-11 07:30:00,13.546
2016-08-11 07:40:00,13.522
2016-08-11 07:50:00,13.522
2016-08-11 08:00:00,13.473
2016-08-11 08:10:00,13.449
2016-08-11 08:20:00,13.401
2016-08-11 08:30:00,13.401
2016-08-11 08:40:00,13.353
2016-08-11 08:50:00,13.377
2016-08-11 09:00:00,13.377
2016-08-11 09:10:00,13.353
2016-08-11 09:20:00,13.329
2016-08-11 09:30:00,13.305
2016-08-11 09:40:00,13.305
2016-08-11 09:50:00,13.329
2016-08-11 10:00:00,13.305
2016-08-11 10:10:00,13.305
2016-08-11 10:20:00,13.353
2016-08-11 10:30:00,13.401
2016-08-11 10:40:00,13.377
2016-08-11 10:50:00,13.353
2016-08-11 11:00:00,13.377
2016-08-11 11:10:00,13.377
2016-08-11 11:20:00,13.353
2016-08-11 11:30:00,13.377
2016-08-11 11:40:00,13.377
2016-08-11 11:50:00,13.353
2016-08-11 12:00:00,13.353
2016-08-11 12:10:00,13.353
2016-08-11 12:20:00,13.353
2016-08-11 12:30:00,13.353
2016-08-11 12:40:00,13.353
2016-08-11 12:50:00,13.353
2016-08-11 13:00:00,13.329
2016-08-11 13:10:00,13.329
2016-08-11 13:20:00,13.329
2016-08-11 13:30:00,13.329
2016-08-11 13:40:00,13.329
2016-08-11 13:50:00,13.329
2016-08-11 14:00:00,13.353
2016-08-11 14:10:00,13.377
2016-08-11 14:20:00,13.377
2016-08-11 14:30:00,13.449
2016-08-11 14:40:00,13.425
2016-08-11 14:50:00,13.497
2016-08-11 15:00:00,13.666
2016-08-11 15:10:00,13.786
2016-08-11 15:20:00,13.882
2016-08-11 15:30:00,13.858
2016-08-11 15:40:00,14.242
2016-08-11 15:50:00,14.649
2016-08-11 16:00:00,15.414
2016-08-11 16:10:00,15.915
2016-08-11 16:20:00,16.534
2016-08-11 16:30:00,17.249
2016-08-11 16:40:00,18.366
2016-08-11 16:50:00,19.413
2016-08-11 17:00:00,20.65
2016-08-11 17:10:00,21.032
2016-08-11 17:20:00,21.557
2016-08-11 17:30:00,19.27
2016-08-11 17:40:00,20.722
2016-08-11 17:50:00,22.13
2016-08-11 18:00:00,23.328
2016-08-11 18:10:00,23.737
2016-08-11 18:20:00,22.8
2016-08-11 18:30:00,22.968
2016-08-11 18:40:00,23.4
2016-08-11 18:50:00,21.843
2016-08-11 19:00:00,21.413
2016-08-11 19:10:00,21.676
2016-08-11 19:20:00,22.011
2016-08-11 19:30:00,22.034
2016-08-11 19:40:00,21.27
2016-08-11 19:50:00,21.032
2016-08-11 20:00:00,19.508
2016-08-11 20:10:00,17.463
2016-08-11 20:20:00,17.034
2016-08-11 20:30:00,16.296
2016-08-11 20:40:00,16.106
2016-08-11 20:50:00,15.915
2016-08-11 21:00:00,15.509
2016-08-11 21:10:00,15.438
2016-08-11 21:20:00,15.581
2016-08-11 21:30:00,15.366
2016-08-11 21:40:00,15.223
2016-08-11 21:50:00,15.223
2016-08-11 22:00:00,15.27
2016-08-11 22:10:00,15.127
2016-08-11 22:20:00,15.103
2016-08-11 22:30:00,15.031
2016-08-11 22:40:00,15.008
2016-08-11 22:50:00,14.984
2016-08-11 23:00:00,14.984
2016-08-11 23:10:00,14.984
2016-08-11 23:20:00,14.888
2016-08-11 23:30:00,14.864
2016-08-11 23:40:00,14.912
2016-08-11 23:50:00,14.936
2016-08-12 00:00:00,14.888
2016-08-12 00:10:00,14.84
2016-08-12 00:20:00,14.792
2016-08-12 00:30:00,14.721
2016-08-12 00:40:00,14.673
2016-08-12 00:50:00,14.625
2016-08-12 01:00:00,14.553
2016-08-12 01:10:00,14.505
2016-08-12 01:20:00,14.433
2016-08-12 01:30:00,14.385
2016-08-12 01:40:00,14.29
2016-08-12 01:50:00,14.242
2016-08-12 02:00:00,14.218
2016-08-12 02:10:00,14.17
2016-08-12 02:20:00,14.122
2016-08-12 02:30:00,14.098
2016-08-12 02:40:00,14.05
2016-08-12 02:50:00,14.026
2016-08-12 03:00:00,14.002
2016-08-12 03:10:00,13.978
2016-08-12 03:20:00,13.978
2016-08-12 03:30:00,13.954
2016-08-12 03:40:00,13.93
2016-08-12 03:50:00,13.93
2016-08-12 04:00:00,13.93
2016-08-12 04:10:00,13.93
2016-08-12 04:20:00,13.906
2016-08-12 04:30:00,13.906
2016-08-12 04:40:00,13.882
2016-08-12 04:50:00,13.882
2016-08-12 05:00:00,13.93
2016-08-12 05:10:00,13.93
2016-08-12 05:20:00,13.93
2016-08-12 05:30:00,13.954
2016-08-12 05:40:00,13.954
2016-08-12 05:50:00,13.978
2016-08-12 06:00:00,13.978
2016-08-12 06:10:00,13.978
2016-08-12 06:20:00,13.978
2016-08-12 06:30:00,13.954
2016-08-12 06:40:00,13.954
2016-08-12 06:50:00,13.954
2016-08-12 07:00:00,13.954
2016-08-12 07:10:00,13.93
2016-08-12 07:20:00,13.93
2016-08-12 07:30:00,13.93
2016-08-12 07:40:00,13.906
2016-08-12 07:50:00,13.906
2016-08-12 08:00:00,13.906
2016-08-12 08:10:00,13.906
2016-08-12 08:20:00,13.882
2016-08-12 08:30:00,13.882
2016-08-12 08:40:00,13.858
2016-08-12 08:50:00,13.834
2016-08-12 09:00:00,13.81
2016-08-12 09:10:00,13.786
2016-08-12 09:20:00,13.762
2016-08-12 09:30:00,13.762
2016-08-12 09:40:00,13.738
2016-08-12 09:50:00,13.738
2016-08-12 10:00:00,13.714
2016-08-12 10:10:00,13.714
2016-08-12 10:20:00,13.69
2016-08-12 10:30:00,13.69
2016-08-12 10:40:00,13.69
2016-08-12 10:50:00,13.69
2016-08-12 11:00:00,13.69
2016-08-12 11:10:00,13.69
2016-08-12 11:20:00,13.69
2016-08-12 11:30:00,13.69
2016-08-12 11:40:00,13.666
2016-08-12 11:50:00,13.666
2016-08-12 12:00:00,13.69
2016-08-12 12:10:00,13.642
2016-08-12 12:20:00,13.642
2016-08-12 12:30:00,13.642
2016-08-12 12:40:00,13.69
2016-08-12 12:50:00,13.714
2016-08-12 13:00:00,13.762
2016-08-12 13:10:00,13.762
2016-08-12 13:20:00,13.786
2016-08-12 13:30:00,13.786
2016-08-12 13:40:00,13.81
2016-08-12 13:50:00,13.81
2016-08-12 14:00:00,13.834
2016-08-12 14:10:00,13.906
2016-08-12 14:20:00,13.954
2016-08-12 14:30:00,14.002
2016-08-12 14:40:00,14.05
2016-08-12 14:50:00,14.122
2016-08-12 15:00:00,14.146
2016-08-12 15:10:00,14.194
2016-08-12 15:20:00,14.29
2016-08-12 15:30:00,14.385
2016-08-12 15:40:00,14.314
2016-08-12 15:50:00,14.361
2016-08-12 16:00:00,14.457
2016-08-12 16:10:00,14.553
2016-08-12 16:20:00,14.577
2016-08-12 16:30:00,14.721
2016-08-12 16:40:00,14.816
2016-08-12 16:50:00,15.055
2016-08-12 17:00:00,15.008
2016-08-12 17:10:00,15.438
2016-08-12 17:20:00,15.724
2016-08-12 17:30:00,15.629
2016-08-12 17:40:00,15.915
2016-08-12 17:50:00,16.582
2016-08-12 18:00:00,16.439
2016-08-12 18:10:00,17.106
2016-08-12 18:20:00,17.748
2016-08-12 18:30:00,18.129
2016-08-12 18:40:00,18.747
2016-08-12 18:50:00,19.793
2016-08-12 19:00:00,19.793
2016-08-12 19:10:00,19.817
2016-08-12 19:20:00,19.841
2016-08-12 19:30:00,20.507
2016-08-12 19:40:00,20.555
2016-08-12 19:50:00,19.912
2016-08-12 20:00:00,19.246
2016-08-12 20:10:00,19.579
2016-08-12 20:20:00,18.057
2016-08-12 20:30:00,17.748
2016-08-12 20:40:00,17.272
2016-08-12 20:50:00,17.891
2016-08-12 21:00:00,16.63
2016-08-12 21:10:00,16.153
2016-08-12 21:20:00,15.986
2016-08-12 21:30:00,16.177
2016-08-12 21:40:00,16.01
2016-08-12 21:50:00,15.7
2016-08-12 22:00:00,15.7
2016-08-12 22:10:00,15.652
2016-08-12 22:20:00,15.605
2016-08-12 22:30:00,15.557
2016-08-12 22:40:00,15.461
2016-08-12 22:50:00,15.414
2016-08-12 23:00:00,15.414
2016-08-12 23:10:00,15.366
2016-08-12 23:20:00,15.342
2016-08-12 23:30:00,15.342
2016-08-12 23:40:00,15.318
2016-08-12 23:50:00,15.318
2016-08-13 00:00:00,15.342
2016-08-13 00:10:00,15.342
2016-08-13 00:20:00,15.342
2016-08-13 00:30:00,15.342
2016-08-13 00:40:00,15.342
2016-08-13 00:50:00,15.318
2016-08-13 01:00:00,15.318
2016-08-13 01:10:00,15.318
2016-08-13 01:20:00,15.318
2016-08-13 01:30:00,15.318
2016-08-13 01:40:00,15.294
2016-08-13 01:50:00,15.294
2016-08-13 02:00:00,15.27
2016-08-13 02:10:00,15.27
2016-08-13 02:20:00,15.27
2016-08-13 02:30:00,15.247
2016-08-13 02:40:00,15.247
2016-08-13 02:50:00,15.223
2016-08-13 03:00:00,15.223
2016-08-13 03:10:00,15.223
2016-08-13 03:20:00,15.223
2016-08-13 03:30:00,15.223
2016-08-13 03:40:00,15.223
2016-08-13 03:50:00,15.199
2016-08-13 04:00:00,15.199
2016-08-13 04:10:00,15.199
2016-08-13 04:20:00,15.175
2016-08-13 04:30:00,15.175
2016-08-13 04:40:00,15.151
2016-08-13 04:50:00,15.151
2016-08-13 05:00:00,15.127
2016-08-13 05:10:00,15.079
2016-08-13 05:20:00,15.008
2016-08-13 05:30:00,14.816
2016-08-13 05:40:00,14.673
2016-08-13 05:50:00,14.601
2016-08-13 06:00:00,14.529
2016-08-13 06:10:00,14.481
2016-08-13 06:20:00,14.457
2016-08-13 06:30:00,14.409
2016-08-13 06:40:00,14.361
2016-08-13 06:50:00,14.337
2016-08-13 07:00:00,14.314
2016-08-13 07:10:00,14.266
2016-08-13 07:20:00,14.266
2016-08-13 07:30:00,14.218
2016-08-13 07:40:00,14.194
2016-08-13 07:50:00,14.194
2016-08-13 08:00:00,14.194
2016-08-13 08:10:00,14.17
2016-08-13 08:20:00,14.146
2016-08-13 08:30:00,14.122
2016-08-13 08:40:00,14.122
2016-08-13 08:50:00,14.098
2016-08-13 09:00:00,14.122
2016-08-13 09:10:00,14.122
2016-08-13 09:20:00,14.122
2016-08-13 09:30:00,14.098
2016-08-13 09:40:00,14.098
2016-08-13 09:50:00,14.074
2016-08-13 10:00:00,14.05
2016-08-13 10:10:00,14.026
2016-08-13 10:20:00,14.002
2016-08-13 10:30:00,13.978
2016-08-13 10:40:00,13.954
2016-08-13 10:50:00,13.93
2016-08-13 11:00:00,13.93
2016-08-13 11:10:00,13.978
2016-08-13 11:20:00,13.954
2016-08-13 11:30:00,13.93
2016-08-13 11:40:00,13.93
2016-08-13 11:50:00,13.906
2016-08-13 12:00:00,13.882
2016-08-13 12:10:00,13.882
2016-08-13 12:20:00,13.858
2016-08-13 12:30:00,13.834
2016-08-13 12:40:00,13.858
2016-08-13 12:50:00,13.882
2016-08-13 13:00:00,13.978
2016-08-13 13:10:00,13.93
2016-08-13 13:20:00,13.978
2016-08-13 13:30:00,14.074
2016-08-13 13:40:00,14.17
2016-08-13 13:50:00,14.146
2016-08-13 14:00:00,14.218
2016-08-13 14:10:00,14.266
2016-08-13 14:20:00,14.29
2016-08-13 14:30:00,14.29
2016-08-13 14:40:00,14.29
2016-08-13 14:50:00,14.29
2016-08-13 15:00:00,14.29
2016-08-13 15:10:00,14.314
2016-08-13 15:20:00,14.314
2016-08-13 15:30:00,14.314
2016-08-13 15:40:00,14.29
2016-08-13 15:50:00,14.29
2016-08-13 16:00:00,14.29
2016-08-13 16:10:00,14.361
2016-08-13 16:20:00,14.361
2016-08-13 16:30:00,14.409
2016-08-13 16:40:00,14.433
2016-08-13 16:50:00,14.505
2016-08-13 17:00:00,14.577
2016-08-13 17:10:00,14.481
2016-08-13 17:20:00,14.84
2016-08-13 17:30:00,14.888
2016-08-13 17:40:00,15.008
2016-08-13 17:50:00,15.652
2016-08-13 18:00:00,15.366
2016-08-13 18:10:00,16.272
2016-08-13 18:20:00,17.201
2016-08-13 18:30:00,17.272
2016-08-13 18:40:00,17.701
2016-08-13 18:50:00,18.295
2016-08-13 19:00:00,18.604
2016-08-13 19:10:00,18.438
2016-08-13 19:20:00,18.461
2016-08-13 19:30:00,18.771
2016-08-13 19:40:00,18.961
2016-08-13 19:50:00,19.27
2016-08-13 20:00:00,19.555
2016-08-13 20:10:00,20.15
2016-08-13 20:20:00,20.055
2016-08-13 20:30:00,20.341
2016-08-13 20:40:00,20.269
2016-08-13 20:50:00,20.555
2016-08-13 21:00:00,20.627
2016-08-13 21:10:00,20.341
2016-08-13 21:20:00,18.461
2016-08-13 21:30:00,17.724
2016-08-13 21:40:00,16.63
2016-08-13 21:50:00,16.392
2016-08-13 22:00:00,15.891
2016-08-13 22:10:00,15.748
2016-08-13 22:20:00,15.461
2016-08-13 22:30:00,15.318
2016-08-13 22:40:00,15.151
2016-08-13 22:50:00,14.912
2016-08-13 23:00:00,14.984
2016-08-13 23:10:00,14.936
2016-08-13 23:20:00,14.912
2016-08-13 23:30:00,14.864
2016-08-13 23:40:00,14.864
2016-08-13 23:50:00,14.864
2016-08-14 00:00:00,14.84
2016-08-14 00:10:00,14.864
2016-08-14 00:20:00,14.792
2016-08-14 00:30:00,14.768
2016-08-14 00:40:00,14.745
2016-08-14 00:50:00,14.721
2016-08-14 01:00:00,14.673
2016-08-14 01:10:00,14.625
2016-08-14 01:20:00,14.577
2016-08-14 01:30:00,14.553
2016-08-14 01:40:00,14.553
2016-08-14 01:50:00,14.505
2016-08-14 02:00:00,14.481
2016-08-14 02:10:00,14.457
2016-08-14 02:20:00,14.433
2016-08-14 02:30:00,14.385
2016-08-14 02:40:00,14.361
2016-08-14 02:50:00,14.337
2016-08-14 03:00:00,14.314
2016-08-14 03:10:00,14.266
2016-08-14 03:20:00,14.242
2016-08-14 03:30:00,14.218
2016-08-14 03:40:00,14.194
2016-08-14 03:50:00,14.17
2016-08-14 04:00:00,14.122
2016-08-14 04:10:00,14.074
2016-08-14 04:20:00,14.026
2016-08-14 04:30:00,14.002
2016-08-14 04:40:00,13.978
2016-08-14 04:50:00,13.978
2016-08-14 05:00:00,13.954
2016-08-14 05:10:00,13.93
2016-08-14 05:20:00,13.906
2016-08-14 05:30:00,13.906
2016-08-14 05:40:00,13.906
2016-08-14 05:50:00,13.882
2016-08-14 06:00:00,13.906
2016-08-14 06:10:00,13.906
2016-08-14 06:20:00,13.906
2016-08-14 06:30:00,13.93
2016-08-14 06:40:00,13.906
2016-08-14 06:50:00,13.882
2016-08-14 07:00:00,13.882
2016-08-14 07:10:00,13.882
2016-08-14 07:20:00,13.882
2016-08-14 07:30:00,13.906
2016-08-14 07:40:00,13.906
2016-08-14 07:50:00,13.906
2016-08-14 08:00:00,13.906
2016-08-14 08:10:00,13.882
2016-08-14 08:20:00,13.858
2016-08-14 08:30:00,13.834
2016-08-14 08:40:00,13.81
2016-08-14 08:50:00,13.81
2016-08-14 09:00:00,13.786
2016-08-14 09:10:00,13.786
2016-08-14 09:20:00,13.762
2016-08-14 09:30:00,13.738
2016-08-14 09:40:00,13.714
2016-08-14 09:50:00,13.714
2016-08-14 10:00:00,13.69
2016-08-14 10:10:00,13.666
2016-08-14 10:20:00,13.642
2016-08-14 10:30:00,13.618
2016-08-14 10:40:00,13.618
2016-08-14 10:50:00,13.618
2016-08-14 11:00:00,13.594
2016-08-14 11:10:00,13.618
2016-08-14 11:20:00,13.618
2016-08-14 11:30:00,13.642
2016-08-14 11:40:00,13.642
2016-08-14 11:50:00,13.642
2016-08-14 12:00:00,13.594
2016-08-14 12:10:00,13.594
2016-08-14 12:20:00,13.594
2016-08-14 12:30:00,13.594
2016-08-14 12:40:00,13.57
2016-08-14 12:50:00,13.57
2016-08-14 13:00:00,13.57
2016-08-14 13:10:00,13.57
2016-08-14 13:20:00,13.546
2016-08-14 13:30:00,13.57
2016-08-14 13:40:00,13.594
2016-08-14 13:50:00,13.618
2016-08-14 14:00:00,13.642
2016-08-14 14:10:00,13.666
2016-08-14 14:20:00,13.69
2016-08-14 14:30:00,13.69
2016-08-14 14:40:00,13.714
2016-08-14 14:50:00,13.738
2016-08-14 15:00:00,13.738
2016-08-14 15:10:00,13.738
2016-08-14 15:20:00,13.714
2016-08-14 15:30:00,13.762
2016-08-14 15:40:00,13.762
2016-08-14 15:50:00,13.738
2016-08-14 16:00:00,13.762
2016-08-14 16:10:00,13.786
2016-08-14 16:20:00,13.834
2016-08-14 16:30:00,13.858
2016-08-14 16:40:00,13.906
2016-08-14 16:50:00,14.002
2016-08-14 17:00:00,13.978
2016-08-14 17:10:00,14.122
2016-08-14 17:20:00,14.242
2016-08-14 17:30:00,14.433
2016-08-14 17:40:00,14.553
2016-08-14 17:50:00,14.745
2016-08-14 18:00:00,14.625
2016-08-14 18:10:00,14.385
2016-08-14 18:20:00,14.601
2016-08-14 18:30:00,14.745
2016-08-14 18:40:00,15.27
2016-08-14 18:50:00,15.39
2016-08-14 19:00:00,16.249
2016-08-14 19:10:00,17.058
2016-08-14 19:20:00,16.511
2016-08-14 19:30:00,16.82
2016-08-14 19:40:00,17.558
2016-08-14 19:50:00,17.772
2016-08-14 20:00:00,17.225
2016-08-14 20:10:00,17.938
2016-08-14 20:20:00,18.628
2016-08-14 20:30:00,19.175
2016-08-14 20:40:00,19.246
2016-08-14 20:50:00,19.579
2016-08-14 21:00:00,19.389
2016-08-14 21:10:00,19.365
2016-08-14 21:20:00,17.748
2016-08-14 21:30:00,16.773
2016-08-14 21:40:00,17.011
2016-08-14 21:50:00,16.511
2016-08-14 22:00:00,16.558
2016-08-14 22:10:00,17.249
2016-08-14 22:20:00,15.843
2016-08-14 22:30:00,14.912
2016-08-14 22:40:00,14.745
2016-08-14 22:50:00,14.649
2016-08-14 23:00:00,14.505
2016-08-14 23:10:00,14.194
2016-08-14 23:20:00,14.242
2016-08-14 23:30:00,14.146
2016-08-14 23:40:00,14.05
2016-08-14 23:50:00,14.026
2016-08-15 00:00:00,13.906
2016-08-15 00:10:00,13.882
2016-08-15 00:20:00,13.834
2016-08-15 00:30:00,13.81
2016-08-15 00:40:00,13.81
2016-08-15 00:50:00,13.834
2016-08-15 01:00:00,13.858
2016-08-15 01:10:00,13.882
2016-08-15 01:20:00,13.882
2016-08-15 01:30:00,13.906
2016-08-15 01:40:00,13.906
2016-08-15 01:50:00,13.93
2016-08-15 02:00:00,13.954
2016-08-15 02:10:00,13.954
2016-08-15 02:20:00,13.978
2016-08-15 02:30:00,13.978
2016-08-15 02:40:00,13.978
2016-08-15 02:50:00,13.978
2016-08-15 03:00:00,13.978
2016-08-15 03:10:00,13.978
2016-08-15 03:20:00,13.978
2016-08-15 03:30:00,13.954
2016-08-15 03:40:00,13.954
2016-08-15 03:50:00,13.93
2016-08-15 04:00:00,13.93
2016-08-15 04:10:00,13.906
2016-08-15 04:20:00,13.906
2016-08-15 04:30:00,13.882
2016-08-15 04:40:00,13.882
2016-08-15 04:50:00,13.858
2016-08-15 05:00:00,13.858
2016-08-15 05:10:00,13.834
2016-08-15 05:20:00,13.834
2016-08-15 05:30:00,13.834
2016-08-15 05:40:00,13.834
2016-08-15 05:50:00,13.834
2016-08-15 06:00:00,13.81
2016-08-15 06:10:00,13.81
2016-08-15 06:20:00,13.81
2016-08-15 06:30:00,13.81
2016-08-15 06:40:00,13.81
2016-08-15 06:50:00,13.786
2016-08-15 07:00:00,13.786
2016-08-15 07:10:00,13.81
2016-08-15 07:20:00,13.786
2016-08-15 07:30:00,13.786
2016-08-15 07:40:00,13.786
2016-08-15 07:50:00,13.762
2016-08-15 08:00:00,13.762
2016-08-15 08:10:00,13.714
2016-08-15 08:20:00,13.69
2016-08-15 08:30:00,13.69
2016-08-15 08:40:00,13.642
2016-08-15 08:50:00,13.57
2016-08-15 09:00:00,13.546
2016-08-15 09:10:00,13.522
2016-08-15 09:20:00,13.522
2016-08-15 09:30:00,13.522
2016-08-15 09:40:00,13.497
2016-08-15 09:50:00,13.497
2016-08-15 10:00:00,13.473
2016-08-15 10:10:00,13.449
2016-08-15 10:20:00,13.425
2016-08-15 10:30:00,13.425
2016-08-15 10:40:00,13.425
2016-08-15 10:50:00,13.401
2016-08-15 11:00:00,13.401
2016-08-15 11:10:00,13.377
2016-08-15 11:20:00,13.377
2016-08-15 11:30:00,13.353
2016-08-15 11:40:00,13.329
2016-08-15 11:50:00,13.305
2016-08-15 12:00:00,13.305
2016-08-15 12:10:00,13.281
2016-08-15 12:20:00,13.281
2016-08-15 12:30:00,13.281
2016-08-15 12:40:00,13.257
2016-08-15 12:50:00,13.233
2016-08-15 13:00:00,13.233
2016-08-15 13:10:00,13.257
2016-08-15 13:20:00,13.281
2016-08-15 13:30:00,13.281
2016-08-15 13:40:00,13.257
2016-08-15 13:50:00,13.281
2016-08-15 14:00:00,13.305
2016-08-15 14:10:00,13.353
2016-08-15 14:20:00,13.377
2016-08-15 14:30:00,13.377
2016-08-15 14:40:00,13.377
2016-08-15 14:50:00,13.353
2016-08-15 15:00:00,13.353
2016-08-15 15:10:00,13.401
2016-08-15 15:20:00,13.425
2016-08-15 15:30:00,13.401
2016-08-15 15:40:00,13.522
2016-08-15 15:50:00,13.497
2016-08-15 16:00:00,13.473
2016-08-15 16:10:00,13.497
2016-08-15 16:20:00,13.497
2016-08-15 16:30:00,13.522
2016-08-15 16:40:00,13.497
2016-08-15 16:50:00,13.546
2016-08-15 17:00:00,13.546
2016-08-15 17:10:00,13.594
2016-08-15 17:20:00,13.618
2016-08-15 17:30:00,13.57
2016-08-15 17:40:00,13.618
2016-08-15 17:50:00,13.738
2016-08-15 18:00:00,13.786
2016-08-15 18:10:00,13.858
2016-08-15 18:20:00,13.93
2016-08-15 18:30:00,13.93
2016-08-15 18:40:00,14.05
2016-08-15 18:50:00,14.074
2016-08-15 19:00:00,14.29
2016-08-15 19:10:00,14.146
2016-08-15 19:20:00,14.361
2016-08-15 19:30:00,14.673
2016-08-15 19:40:00,15.247
2016-08-15 19:50:00,15.748
2016-08-15 20:00:00,17.034
2016-08-15 20:10:00,17.843
2016-08-15 20:20:00,18.057
2016-08-15 20:30:00,18.39
2016-08-15 20:40:00,18.985
2016-08-15 20:50:00,19.698
2016-08-15 21:00:00,20.46
2016-08-15 21:10:00,20.579
2016-08-15 21:20:00,20.817
2016-08-15 21:30:00,21.509
2016-08-15 21:40:00,20.722
2016-08-15 21:50:00,20.365
2016-08-15 22:00:00,19.817
2016-08-15 22:10:00,19.77
2016-08-15 22:20:00,20.055
2016-08-15 22:30:00,19.698
2016-08-15 22:40:00,18.961
2016-08-15 22:50:00,18.414
2016-08-15 23:00:00,17.058
2016-08-15 23:10:00,16.487
2016-08-15 23:20:00,15.342
2016-08-15 23:30:00,14.984
2016-08-15 23:40:00,14.816
2016-08-15 23:50:00,14.745
2016-08-16 00:00:00,14.505
2016-08-16 00:10:00,14.433
2016-08-16 00:20:00,14.361
2016-08-16 00:30:00,14.361
2016-08-16 00:40:00,14.29
2016-08-16 00:50:00,14.266
2016-08-16 01:00:00,14.218
2016-08-16 01:10:00,14.194
2016-08-16 01:20:00,14.17
2016-08-16 01:30:00,14.194
2016-08-16 01:40:00,14.17
2016-08-16 01:50:00,14.146
2016-08-16 02:00:00,14.122
2016-08-16 02:10:00,14.122
2016-08-16 02:20:00,14.098
2016-08-16 02:30:00,14.074
2016-08-16 02:40:00,14.05
2016-08-16 02:50:00,14.026
2016-08-16 03:00:00,14.002
2016-08-16 03:10:00,14.002
2016-08-16 03:20:00,14.002
2016-08-16 03:30:00,14.002
2016-08-16 03:40:00,13.978
2016-08-16 03:50:00,13.906
2016-08-16 04:00:00,13.882
2016-08-16 04:10:00,13.81
2016-08-16 04:20:00,13.762
2016-08-16 04:30:00,13.738
2016-08-16 04:40:00,13.714
2016-08-16 04:50:00,13.69
2016-08-16 05:00:00,13.666
2016-08-16 05:10:00,13.666
2016-08-16 05:20:00,13.642
2016-08-16 05:30:00,13.57
2016-08-16 05:40:00,13.546
2016-08-16 05:50:00,13.522
2016-08-16 06:00:00,13.497
2016-08-16 06:10:00,13.473
2016-08-16 06:20:00,13.473
2016-08-16 06:30:00,13.473
2016-08-16 06:40:00,13.473
2016-08-16 06:50:00,13.449
2016-08-16 07:00:00,13.449
2016-08-16 07:10:00,13.449
2016-08-16 07:20:00,13.425
2016-08-16 07:30:00,13.425
2016-08-16 07:40:00,13.401
2016-08-16 07:50:00,13.401
2016-08-16 08:00:00,13.377
2016-08-16 08:10:00,13.377
2016-08-16 08:20:00,13.377
2016-08-16 08:30:00,13.353
2016-08-16 08:40:00,13.353
2016-08-16 08:50:00,13.353
2016-08-16 09:00:00,13.305
2016-08-16 09:10:00,13.281
2016-08-16 09:20:00,13.233
2016-08-16 09:30:00,13.209
2016-08-16 09:40:00,13.185
2016-08-16 09:50:00,13.185
2016-08-16 10:00:00,13.161
2016-08-16 10:10:00,13.137
2016-08-16 10:20:00,13.137
2016-08-16 10:30:00,13.137
2016-08-16 10:40:00,13.088
2016-08-16 10:50:00,13.064
2016-08-16 11:00:00,13.064
2016-08-16 11:10:00,13.064
2016-08-16 11:20:00,13.04
2016-08-16 11:30:00,13.016
2016-08-16 11:40:00,12.968
2016-08-16 11:50:00,12.968
2016-08-16 12:00:00,12.944
2016-08-16 12:10:00,12.944
2016-08-16 12:20:00,12.944
2016-08-16 12:30:00,12.92
2016-08-16 12:40:00,12.896
2016-08-16 12:50:00,12.896
2016-08-16 13:00:00,12.896
2016-08-16 13:10:00,12.896
2016-08-16 13:20:00,12.871
2016-08-16 13:30:00,12.871
2016-08-16 13:40:00,12.871
2016-08-16 13:50:00,12.896
2016-08-16 14:00:00,12.968
2016-08-16 14:10:00,13.016
2016-08-16 14:20:00,13.04
2016-08-16 14:30:00,12.992
2016-08-16 14:40:00,12.92
2016-08-16 14:50:00,12.871
2016-08-16 15:00:00,12.847
2016-08-16 15:10:00,12.823
2016-08-16 15:20:00,12.799
2016-08-16 15:30:00,12.775
2016-08-16 15:40:00,12.751
2016-08-16 15:50:00,12.775
2016-08-16 16:00:00,12.751
2016-08-16 16:10:00,12.775
2016-08-16 16:20:00,12.775
2016-08-16 16:30:00,12.775
2016-08-16 16:40:00,12.799
2016-08-16 16:50:00,12.775
2016-08-16 17:00:00,12.775
2016-08-16 17:10:00,12.775
2016-08-16 17:20:00,12.871
2016-08-16 17:30:00,12.896
2016-08-16 17:40:00,12.92
2016-08-16 17:50:00,12.871
2016-08-16 18:00:00,12.92
2016-08-16 18:10:00,12.944
2016-08-16 18:20:00,12.992
2016-08-16 18:30:00,13.064
2016-08-16 18:40:00,13.185
2016-08-16 18:50:00,13.257
2016-08-16 19:00:00,13.449
2016-08-16 19:10:00,13.594
2016-08-16 19:20:00,13.882
2016-08-16 19:30:00,14.146
2016-08-16 19:40:00,14.984
2016-08-16 19:50:00,14.96
2016-08-16 20:00:00,14.84
2016-08-16 20:10:00,15.031
2016-08-16 20:20:00,16.749
2016-08-16 20:30:00,17.915
2016-08-16 20:40:00,18.461
2016-08-16 20:50:00,18.842
2016-08-16 21:00:00,19.603
2016-08-16 21:10:00,19.77
2016-08-16 21:20:00,20.46
2016-08-16 21:30:00,20.531
2016-08-16 21:40:00,20.746
2016-08-16 21:50:00,21.27
2016-08-16 22:00:00,21.342
2016-08-16 22:10:00,20.793
2016-08-16 22:20:00,19.555
2016-08-16 22:30:00,19.484
2016-08-16 22:40:00,19.032
2016-08-16 22:50:00,19.08
2016-08-16 23:00:00,18.081
2016-08-16 23:10:00,17.653
2016-08-16 23:20:00,17.724
2016-08-16 23:30:00,17.439
2016-08-16 23:40:00,16.225
2016-08-16 23:50:00,15.438
2016-08-17 00:00:00,14.721
2016-08-17 00:10:00,14.17
2016-08-17 00:20:00,13.69
2016-08-17 00:30:00,13.473
2016-08-17 00:40:00,13.305
2016-08-17 00:50:00,13.281
2016-08-17 01:00:00,13.137
2016-08-17 01:10:00,13.137
2016-08-17 01:20:00,13.088
2016-08-17 01:30:00,13.088
2016-08-17 01:40:00,13.088
2016-08-17 01:50:00,13.088
2016-08-17 02:00:00,13.088
2016-08-17 02:10:00,13.112
2016-08-17 02:20:00,13.137
2016-08-17 02:30:00,13.161
2016-08-17 02:40:00,13.209
2016-08-17 02:50:00,13.209
2016-08-17 03:00:00,13.257
2016-08-17 03:10:00,13.257
2016-08-17 03:20:00,13.281
2016-08-17 03:30:00,13.305
2016-08-17 03:40:00,13.305
2016-08-17 03:50:00,13.305
2016-08-17 04:00:00,13.305
2016-08-17 04:10:00,13.305
2016-08-17 04:20:00,13.281
2016-08-17 04:30:00,13.281
2016-08-17 04:40:00,13.281
2016-08-17 04:50:00,13.281
2016-08-17 05:00:00,13.281
2016-08-17 05:10:00,13.281
2016-08-17 05:20:00,13.281
2016-08-17 05:30:00,13.281
2016-08-17 05:40:00,13.281
2016-08-17 05:50:00,13.281
2016-08-17 06:00:00,13.257
2016-08-17 06:10:00,13.257
2016-08-17 06:20:00,13.233
2016-08-17 06:30:00,13.209
2016-08-17 06:40:00,13.209
2016-08-17 06:50:00,13.161
2016-08-17 07:00:00,13.137
2016-08-17 07:10:00,13.137
2016-08-17 07:20:00,13.112
2016-08-17 07:30:00,13.112
2016-08-17 07:40:00,13.112
2016-08-17 07:50:00,13.088
2016-08-17 08:00:00,13.04
2016-08-17 08:10:00,13.04
2016-08-17 08:20:00,13.04
2016-08-17 08:30:00,13.04
2016-08-17 08:40:00,13.04
2016-08-17 08:50:00,13.04
2016-08-17 09:00:00,13.04
2016-08-17 09:10:00,13.04
2016-08-17 09:20:00,13.04
2016-08-17 09:30:00,13.04
2016-08-17 09:40:00,13.04
2016-08-17 09:50:00,13.016
2016-08-17 10:00:00,13.016
2016-08-17 10:10:00,12.992
2016-08-17 10:20:00,12.968
2016-08-17 10:30:00,12.92
2016-08-17 10:40:00,12.896
2016-08-17 10:50:00,12.871
2016-08-17 11:00:00,12.847
2016-08-17 11:10:00,12.799
2016-08-17 11:20:00,12.775
2016-08-17 11:30:00,12.751
2016-08-17 11:40:00,12.775
2016-08-17 11:50:00,12.775
2016-08-17 12:00:00,12.799
2016-08-17 12:10:00,12.823
2016-08-17 12:20:00,12.823
2016-08-17 12:30:00,12.799
2016-08-17 12:40:00,12.799
2016-08-17 12:50:00,12.775
2016-08-17 13:00:00,12.775
2016-08-17 13:10:00,12.799
2016-08-17 13:20:00,12.799
2016-08-17 13:30:00,12.799
2016-08-17 13:40:00,12.799
2016-08-17 13:50:00,12.799
2016-08-17 14:00:00,12.823
2016-08-17 14:10:00,12.896
2016-08-17 14:20:00,12.92
2016-08-17 14:30:00,12.92
2016-08-17 14:40:00,12.944
2016-08-17 14:50:00,12.92
2016-08-17 15:00:00,12.799
2016-08-17 15:10:00,12.678
2016-08-17 15:20:00,12.558
2016-08-17 15:30:00,12.509
2016-08-17 15:40:00,12.509
2016-08-17 15:50:00,12.582
2016-08-17 16:00:00,12.582
2016-08-17 16:10:00,12.582
2016-08-17 16:20:00,12.606
2016-08-17 16:30:00,12.63
2016-08-17 16:40:00,12.654
2016-08-17 16:50:00,12.678
2016-08-17 17:00:00,12.678
2016-08-17 17:10:00,12.678
2016-08-17 17:20:00,12.727
2016-08-17 17:30:00,12.727
2016-08-17 17:40:00,12.775
2016-08-17 17:50:00,12.775
2016-08-17 18:00:00,12.847
2016-08-17 18:10:00,12.896
2016-08-17 18:20:00,12.944
2016-08-17 18:30:00,12.992
2016-08-17 18:40:00,12.823
2016-08-17 18:50:00,12.847
2016-08-17 19:00:00,12.871
2016-08-17 19:10:00,12.896
2016-08-17 19:20:00,12.944
2016-08-17 19:30:00,12.992
2016-08-17 19:40:00,13.064
2016-08-17 19:50:00,13.064
2016-08-17 20:00:00,13.064
2016-08-17 20:10:00,13.161
2016-08-17 20:20:00,13.377
2016-08-17 20:30:00,13.329
2016-08-17 20:40:00,13.522
2016-08-17 20:50:00,13.858
2016-08-17 21:00:00,14.912
2016-08-17 21:10:00,15.008
2016-08-17 21:20:00,15.986
2016-08-17 21:30:00,15.867
2016-08-17 21:40:00,16.463
2016-08-17 21:50:00,17.011
2016-08-17 22:00:00,17.915
2016-08-17 22:10:00,17.748
2016-08-17 22:20:00,18.271
2016-08-17 22:30:00,18.461
2016-08-17 22:40:00,18.604
2016-08-17 22:50:00,18.889
2016-08-17 23:00:00,18.343
2016-08-17 23:10:00,18.295
2016-08-17 23:20:00,18.129
2016-08-17 23:30:00,17.415
2016-08-17 23:40:00,17.415
2016-08-17 23:50:00,16.892
2016-08-18 00:00:00,15.629
2016-08-18 00:10:00,14.912
2016-08-18 00:20:00,14.601
2016-08-18 00:30:00,13.81
2016-08-18 00:40:00,13.353
2016-08-18 00:50:00,13.185
2016-08-18 01:00:00,12.992
2016-08-18 01:10:00,12.871
2016-08-18 01:20:00,12.775
2016-08-18 01:30:00,12.727
2016-08-18 01:40:00,12.678
2016-08-18 01:50:00,12.63
2016-08-18 02:00:00,12.606
2016-08-18 02:10:00,12.582
2016-08-18 02:20:00,12.558
2016-08-18 02:30:00,12.558
2016-08-18 02:40:00,12.582
2016-08-18 02:50:00,12.582
2016-08-18 03:00:00,12.606
2016-08-18 03:10:00,12.606
2016-08-18 03:20:00,12.63
2016-08-18 03:30:00,12.63
2016-08-18 03:40:00,12.654
2016-08-18 03:50:00,12.678
2016-08-18 04:00:00,12.703
2016-08-18 04:10:00,12.727
2016-08-18 04:20:00,12.727
2016-08-18 04:30:00,12.751
2016-08-18 04:40:00,12.775
2016-08-18 04:50:00,12.799
2016-08-18 05:00:00,12.823
2016-08-18 05:10:00,12.823
2016-08-18 05:20:00,12.847
2016-08-18 05:30:00,12.847
2016-08-18 05:40:00,12.847
2016-08-18 05:50:00,12.847
2016-08-18 06:00:00,12.847
2016-08-18 06:10:00,12.823
2016-08-18 06:20:00,12.823
2016-08-18 06:30:00,12.823
2016-08-18 06:40:00,12.823
2016-08-18 06:50:00,12.823
2016-08-18 07:00:00,12.823
2016-08-18 07:10:00,12.823
2016-08-18 07:20:00,12.823
2016-08-18 07:30:00,12.847
2016-08-18 07:40:00,12.847
2016-08-18 07:50:00,12.847
2016-08-18 08:00:00,12.823
2016-08-18 08:10:00,12.847
2016-08-18 08:20:00,12.823
2016-08-18 08:30:00,12.823
2016-08-18 08:40:00,12.823
2016-08-18 08:50:00,12.775
2016-08-18 09:00:00,12.751
2016-08-18 09:10:00,12.727
2016-08-18 09:20:00,12.703
2016-08-18 09:30:00,12.703
2016-08-18 09:40:00,12.703
2016-08-18 09:50:00,12.727
2016-08-18 10:00:00,12.727
2016-08-18 10:10:00,12.727
2016-08-18 10:20:00,12.727
2016-08-18 10:30:00,12.703
2016-08-18 10:40:00,12.703
2016-08-18 10:50:00,12.703
2016-08-18 11:00:00,12.678
2016-08-18 11:10:00,12.678
2016-08-18 11:20:00,12.654
2016-08-18 11:30:00,12.63
2016-08-18 11:40:00,12.63
2016-08-18 11:50:00,12.63
2016-08-18 12:00:00,12.63
2016-08-18 12:10:00,12.63
2016-08-18 12:20:00,12.63
2016-08-18 12:30:00,12.63
2016-08-18 12:40:00,12.63
2016-08-18 12:50:00,12.63
2016-08-18 13:00:00,12.654
2016-08-18 13:10:00,12.654
2016-08-18 13:20:00,12.678
2016-08-18 13:30:00,12.678
2016-08-18 13:40:00,12.703
2016-08-18 13:50:00,12.751
2016-08-18 14:00:00,12.823
2016-08-18 14:10:00,12.871
2016-08-18 14:20:00,12.968
2016-08-18 14:30:00,13.064
2016-08-18 14:40:00,13.185
2016-08-18 14:50:00,13.281
2016-08-18 15:00:00,13.473
2016-08-18 15:10:00,13.305
2016-08-18 15:20:00,12.992
2016-08-18 15:30:00,12.799
2016-08-18 15:40:00,12.751
2016-08-18 15:50:00,12.703
2016-08-18 16:00:00,12.678
2016-08-18 16:10:00,12.63
2016-08-18 16:20:00,12.654
2016-08-18 16:30:00,12.703
2016-08-18 16:40:00,12.703
2016-08-18 16:50:00,12.678
2016-08-18 17:00:00,12.727
2016-08-18 17:10:00,12.727
2016-08-18 17:20:00,12.775
2016-08-18 17:30:00,12.847
2016-08-18 17:40:00,12.992
2016-08-18 17:50:00,13.185
2016-08-18 18:00:00,13.209
2016-08-18 18:10:00,13.088
2016-08-18 18:20:00,13.112
2016-08-18 18:30:00,13.137
2016-08-18 18:40:00,13.185
2016-08-18 18:50:00,13.401
2016-08-18 19:00:00,13.473
2016-08-18 19:10:00,13.522
2016-08-18 19:20:00,13.57
2016-08-18 19:30:00,13.594
2016-08-18 19:40:00,13.594
2016-08-18 19:50:00,13.618
2016-08-18 20:00:00,13.618
2016-08-18 20:10:00,13.618
2016-08-18 20:20:00,13.594
2016-08-18 20:30:00,13.738
2016-08-18 20:40:00,13.786
2016-08-18 20:50:00,14.002
2016-08-18 21:00:00,14.146
2016-08-18 21:10:00,14.17
2016-08-18 21:20:00,14.29
2016-08-18 21:30:00,14.553
2016-08-18 21:40:00,14.697
2016-08-18 21:50:00,15.509
2016-08-18 22:00:00,17.701
2016-08-18 22:10:00,19.08
2016-08-18 22:20:00,19.151
2016-08-18 22:30:00,18.937
2016-08-18 22:40:00,19.555
2016-08-18 22:50:00,19.365
2016-08-18 23:00:00,19.532
2016-08-18 23:10:00,19.436
2016-08-18 23:20:00,19.246
2016-08-18 23:30:00,19.175
2016-08-18 23:40:00,19.032
2016-08-18 23:50:00,18.818
2016-08-19 00:00:00,18.438
2016-08-19 00:10:00,18.152
2016-08-19 00:20:00,17.701
2016-08-19 00:30:00,17.153
2016-08-19 00:40:00,17.082
2016-08-19 00:50:00,16.701
2016-08-19 01:00:00,15.939
2016-08-19 01:10:00,15.342
2016-08-19 01:20:00,14.768
2016-08-19 01:30:00,14.29
2016-08-19 01:40:00,14.026
2016-08-19 01:50:00,13.714
2016-08-19 02:00:00,13.642
2016-08-19 02:10:00,13.594
2016-08-19 02:20:00,13.594
2016-08-19 02:30:00,13.618
2016-08-19 02:40:00,13.618
2016-08-19 02:50:00,13.594
2016-08-19 03:00:00,13.57
2016-08-19 03:10:00,13.57
2016-08-19 03:20:00,13.57
2016-08-19 03:30:00,13.546
2016-08-19 03:40:00,13.522
2016-08-19 03:50:00,13.522
2016-08-19 04:00:00,13.497
2016-08-19 04:10:00,13.497
2016-08-19 04:20:00,13.497
2016-08-19 04:30:00,13.449
2016-08-19 04:40:00,13.425
2016-08-19 04:50:00,13.425
2016-08-19 05:00:00,13.401
2016-08-19 05:10:00,13.401
2016-08-19 05:20:00,13.401
2016-08-19 05:30:00,13.377
2016-08-19 05:40:00,13.377
2016-08-19 05:50:00,13.353
2016-08-19 06:00:00,13.329
2016-08-19 06:10:00,13.329
2016-08-19 06:20:00,13.329
2016-08-19 06:30:00,13.329
2016-08-19 06:40:00,13.305
2016-08-19 06:50:00,13.305
2016-08-19 07:00:00,13.305
2016-08-19 07:10:00,13.305
2016-08-19 07:20:00,13.305
2016-08-19 07:30:00,13.305
2016-08-19 07:40:00,13.329
2016-08-19 07:50:00,13.305
2016-08-19 08:00:00,13.329
2016-08-19 08:10:00,13.353
2016-08-19 08:20:00,13.353
2016-08-19 08:30:00,13.353
2016-08-19 08:40:00,13.353
2016-08-19 08:50:00,13.353
2016-08-19 09:00:00,13.353
2016-08-19 09:10:00,13.353
2016-08-19 09:20:00,13.353
2016-08-19 09:30:00,13.353
2016-08-19 09:40:00,13.353
2016-08-19 09:50:00,13.353
2016-08-19 10:00:00,13.329
2016-08-19 10:10:00,13.329
2016-08-19 10:20:00,13.329
2016-08-19 10:30:00,13.329
2016-08-19 10:40:00,13.329
2016-08-19 10:50:00,13.329
2016-08-19 11:00:00,13.329
2016-08-19 11:10:00,13.353
2016-08-19 11:20:00,13.353
2016-08-19 11:30:00,13.353
2016-08-19 11:40:00,13.353
2016-08-19 11:50:00,13.353
2016-08-19 12:00:00,13.353
2016-08-19 12:10:00,13.353
2016-08-19 12:20:00,13.353
2016-08-19 12:30:00,13.353
2016-08-19 12:40:00,13.353
2016-08-19 12:50:00,13.377
2016-08-19 13:00:00,13.377
2016-08-19 13:10:00,13.353
2016-08-19 13:20:00,13.353
2016-08-19 13:30:00,13.329
2016-08-19 13:40:00,13.305
2016-08-19 13:50:00,13.353
2016-08-19 14:00:00,13.425
2016-08-19 14:10:00,13.522
2016-08-19 14:20:00,13.642
2016-08-19 14:30:00,13.858
2016-08-19 14:40:00,14.026
2016-08-19 14:50:00,14.242
2016-08-19 15:00:00,14.505
2016-08-19 15:10:00,14.649
2016-08-19 15:20:00,14.721
2016-08-19 15:30:00,14.505
2016-08-19 15:40:00,14.218
2016-08-19 15:50:00,13.978
2016-08-19 16:00:00,13.834
2016-08-19 16:10:00,13.81
2016-08-19 16:20:00,13.81
2016-08-19 16:30:00,13.834
2016-08-19 16:40:00,13.858
2016-08-19 16:50:00,13.906
2016-08-19 17:00:00,13.882
2016-08-19 17:10:00,13.882
2016-08-19 17:20:00,13.978
2016-08-19 17:30:00,13.906
2016-08-19 17:40:00,13.954
2016-08-19 17:50:00,14.002
2016-08-19 18:00:00,14.05
2016-08-19 18:10:00,14.218
2016-08-19 18:20:00,14.385
2016-08-19 18:30:00,14.481
2016-08-19 18:40:00,14.697
2016-08-19 18:50:00,14.768
2016-08-19 19:00:00,14.96
2016-08-19 19:10:00,15.055
2016-08-19 19:20:00,15.485
2016-08-19 19:30:00,15.509
2016-08-19 19:40:00,15.629
2016-08-19 19:50:00,15.7
2016-08-19 20:00:00,15.7
2016-08-19 20:10:00,15.724
2016-08-19 20:20:00,15.843
2016-08-19 20:30:00,15.939
2016-08-19 20:40:00,15.986
2016-08-19 20:50:00,16.058
2016-08-19 21:00:00,16.106
2016-08-19 21:10:00,15.963
2016-08-19 21:20:00,16.058
2016-08-19 21:30:00,16.082
2016-08-19 21:40:00,16.463
2016-08-19 21:50:00,16.749
2016-08-19 22:00:00,17.153
2016-08-19 22:10:00,17.391
2016-08-19 22:20:00,18.58
2016-08-19 22:30:00,19.865
2016-08-19 22:40:00,21.127
2016-08-19 22:50:00,22.154
2016-08-19 23:00:00,22.465
2016-08-19 23:10:00,22.824
2016-08-19 23:20:00,23.472
2016-08-19 23:30:00,23.641
2016-08-19 23:40:00,23.352
2016-08-19 23:50:00,23.328
2016-08-20 00:00:00,22.968
2016-08-20 00:10:00,22.178
2016-08-20 00:20:00,21.652
2016-08-20 00:30:00,21.127
2016-08-20 00:40:00,20.77
2016-08-20 00:50:00,20.388
2016-08-20 01:00:00,19.912
2016-08-20 01:10:00,19.318
2016-08-20 01:20:00,18.794
2016-08-20 01:30:00,18.176
2016-08-20 01:40:00,17.534
2016-08-20 01:50:00,16.915
2016-08-20 02:00:00,16.511
2016-08-20 02:10:00,16.225
2016-08-20 02:20:00,16.272
2016-08-20 02:30:00,16.344
2016-08-20 02:40:00,16.225
2016-08-20 02:50:00,16.106
2016-08-20 03:00:00,16.034
2016-08-20 03:10:00,16.01
2016-08-20 03:20:00,15.986
2016-08-20 03:30:00,15.939
2016-08-20 03:40:00,15.939
2016-08-20 03:50:00,15.915
2016-08-20 04:00:00,15.891
2016-08-20 04:10:00,15.843
2016-08-20 04:20:00,15.843
2016-08-20 04:30:00,15.819
2016-08-20 04:40:00,15.796
2016-08-20 04:50:00,15.796
2016-08-20 05:00:00,15.796
2016-08-20 05:10:00,15.772
2016-08-20 05:20:00,15.748
2016-08-20 05:30:00,15.748
2016-08-20 05:40:00,15.748
2016-08-20 05:50:00,15.724
2016-08-20 06:00:00,15.724
2016-08-20 06:10:00,15.7
2016-08-20 06:20:00,15.7
2016-08-20 06:30:00,15.652
2016-08-20 06:40:00,15.629
2016-08-20 06:50:00,15.581
2016-08-20 07:00:00,15.557
2016-08-20 07:10:00,15.509
2016-08-20 07:20:00,15.485
2016-08-20 07:30:00,15.461
2016-08-20 07:40:00,15.438
2016-08-20 07:50:00,15.39
2016-08-20 08:00:00,15.366
2016-08-20 08:10:00,15.342
2016-08-20 08:20:00,15.342
2016-08-20 08:30:00,15.342
2016-08-20 08:40:00,15.318
2016-08-20 08:50:00,15.318
2016-08-20 09:00:00,15.294
2016-08-20 09:10:00,15.294
2016-08-20 09:20:00,15.27
2016-08-20 09:30:00,15.27
2016-08-20 09:40:00,15.223
2016-08-20 09:50:00,15.199
2016-08-20 10:00:00,15.103
2016-08-20 10:10:00,15.031
2016-08-20 10:20:00,14.912
2016-08-20 10:30:00,14.816
2016-08-20 10:40:00,14.745
2016-08-20 10:50:00,14.697
2016-08-20 11:00:00,14.649
2016-08-20 11:10:00,14.649
2016-08-20 11:20:00,14.601
2016-08-20 11:30:00,14.553
2016-08-20 11:40:00,14.505
2016-08-20 11:50:00,14.505
2016-08-20 12:00:00,14.505
2016-08-20 12:10:00,14.457
2016-08-20 12:20:00,14.457
2016-08-20 12:30:00,14.433
2016-08-20 12:40:00,14.409
2016-08-20 12:50:00,14.409
2016-08-20 13:00:00,14.385
2016-08-20 13:10:00,14.361
2016-08-20 13:20:00,14.361
2016-08-20 13:30:00,14.337
2016-08-20 13:40:00,14.314
2016-08-20 13:50:00,14.337
2016-08-20 14:00:00,14.385
2016-08-20 14:10:00,14.433
2016-08-20 14:20:00,14.457
2016-08-20 14:30:00,14.529
2016-08-20 14:40:00,14.625
2016-08-20 14:50:00,14.697
2016-08-20 15:00:00,14.84
2016-08-20 15:10:00,14.984
2016-08-20 15:20:00,15.127
2016-08-20 15:30:00,15.223
2016-08-20 15:40:00,15.366
2016-08-20 15:50:00,15.461
2016-08-20 16:00:00,15.461
2016-08-20 16:10:00,15.342
2016-08-20 16:20:00,15.318
2016-08-20 16:30:00,15.27
2016-08-20 16:40:00,15.247
2016-08-20 16:50:00,15.199
2016-08-20 17:00:00,15.223
2016-08-20 17:10:00,15.247
2016-08-20 17:20:00,15.199
2016-08-20 17:30:00,15.247
2016-08-20 17:40:00,15.27
2016-08-20 17:50:00,15.366
2016-08-20 18:00:00,15.39
2016-08-20 18:10:00,15.414
2016-08-20 18:20:00,15.438
2016-08-20 18:30:00,15.557
2016-08-20 18:40:00,15.7
2016-08-20 18:50:00,15.915
2016-08-20 19:00:00,16.106
2016-08-20 19:10:00,15.963
2016-08-20 19:20:00,16.082
2016-08-20 19:30:00,16.106
2016-08-20 19:40:00,16.106
2016-08-20 19:50:00,15.915
2016-08-20 20:00:00,16.058
2016-08-20 20:10:00,15.796
2016-08-20 20:20:00,16.034
2016-08-20 20:30:00,16.153
2016-08-20 20:40:00,16.129
2016-08-20 20:50:00,15.939
2016-08-20 21:00:00,15.939
2016-08-20 21:10:00,15.986
2016-08-20 21:20:00,15.986
2016-08-20 21:30:00,15.986
2016-08-20 21:40:00,15.986
2016-08-20 21:50:00,15.963
2016-08-20 22:00:00,16.082
2016-08-20 22:10:00,16.058
2016-08-20 22:20:00,16.249
2016-08-20 22:30:00,16.773
2016-08-20 22:40:00,17.058
2016-08-20 22:50:00,17.605
2016-08-20 23:00:00,18.176
2016-08-20 23:10:00,18.485
2016-08-20 23:20:00,18.961
2016-08-20 23:30:00,18.628
2016-08-20 23:40:00,19.698
2016-08-20 23:50:00,19.651
2016-08-21 00:00:00,19.127
2016-08-21 00:10:00,19.08
2016-08-21 00:20:00,18.557
2016-08-21 00:30:00,18.343
2016-08-21 00:40:00,17.891
2016-08-21 00:50:00,17.534
2016-08-21 01:00:00,17.153
2016-08-21 01:10:00,16.796
2016-08-21 01:20:00,16.534
2016-08-21 01:30:00,16.32
2016-08-21 01:40:00,16.129
2016-08-21 01:50:00,15.963
2016-08-21 02:00:00,15.796
2016-08-21 02:10:00,15.557
2016-08-21 02:20:00,15.414
2016-08-21 02:30:00,15.318
2016-08-21 02:40:00,15.223
2016-08-21 02:50:00,15.103
2016-08-21 03:00:00,15.008
2016-08-21 03:10:00,14.936
2016-08-21 03:20:00,14.864
2016-08-21 03:30:00,14.912
2016-08-21 03:40:00,15.031
2016-08-21 03:50:00,15.008
2016-08-21 04:00:00,14.984
2016-08-21 04:10:00,14.936
2016-08-21 04:20:00,14.888
2016-08-21 04:30:00,14.84
2016-08-21 04:40:00,14.768
2016-08-21 04:50:00,14.721
2016-08-21 05:00:00,14.697
2016-08-21 05:10:00,14.649
2016-08-21 05:20:00,14.649
2016-08-21 05:30:00,14.625
2016-08-21 05:40:00,14.601
2016-08-21 05:50:00,14.577
2016-08-21 06:00:00,14.577
2016-08-21 06:10:00,14.553
2016-08-21 06:20:00,14.553
2016-08-21 06:30:00,14.529
2016-08-21 06:40:00,14.505
2016-08-21 06:50:00,14.505
2016-08-21 07:00:00,14.481
2016-08-21 07:10:00,14.457
2016-08-21 07:20:00,14.457
2016-08-21 07:30:00,14.433
2016-08-21 07:40:00,14.433
2016-08-21 07:50:00,14.433
2016-08-21 08:00:00,14.433
2016-08-21 08:10:00,14.433
2016-08-21 08:20:00,14.433
2016-08-21 08:30:00,14.457
2016-08-21 08:40:00,14.457
2016-08-21 08:50:00,14.457
2016-08-21 09:00:00,14.457
2016-08-21 09:10:00,14.457
2016-08-21 09:20:00,14.457
2016-08-21 09:30:00,14.433
2016-08-21 09:40:00,14.433
2016-08-21 09:50:00,14.433
2016-08-21 10:00:00,14.409
2016-08-21 10:10:00,14.409
2016-08-21 10:20:00,14.385
2016-08-21 10:30:00,14.314
2016-08-21 10:40:00,14.266
2016-08-21 10:50:00,14.218
2016-08-21 11:00:00,14.194
2016-08-21 11:10:00,14.194
2016-08-21 11:20:00,14.194
2016-08-21 11:30:00,14.17
2016-08-21 11:40:00,14.146
2016-08-21 11:50:00,14.122
2016-08-21 12:00:00,14.098
2016-08-21 12:10:00,14.098
2016-08-21 12:20:00,14.098
2016-08-21 12:30:00,14.098
2016-08-21 12:40:00,14.098
2016-08-21 12:50:00,14.098
2016-08-21 13:00:00,14.098
2016-08-21 13:10:00,14.098
2016-08-21 13:20:00,14.074
2016-08-21 13:30:00,14.074
2016-08-21 13:40:00,14.074
2016-08-21 13:50:00,14.05
2016-08-21 14:00:00,14.074
2016-08-21 14:10:00,14.074
2016-08-21 14:20:00,14.122
2016-08-21 14:30:00,14.218
2016-08-21 14:40:00,14.266
2016-08-21 14:50:00,14.361
2016-08-21 15:00:00,14.505
2016-08-21 15:10:00,14.625
2016-08-21 15:20:00,14.792
2016-08-21 15:30:00,14.936
2016-08-21 15:40:00,15.055
2016-08-21 15:50:00,15.175
2016-08-21 16:00:00,15.318
2016-08-21 16:10:00,15.438
2016-08-21 16:20:00,15.676
2016-08-21 16:30:00,15.748
2016-08-21 16:40:00,15.414
2016-08-21 16:50:00,14.984
2016-08-21 17:00:00,14.816
2016-08-21 17:10:00,14.84
2016-08-21 17:20:00,14.649
2016-08-21 17:30:00,14.577
2016-08-21 17:40:00,14.553
2016-08-21 17:50:00,14.553
2016-08-21 18:00:00,14.553
2016-08-21 18:10:00,14.529
2016-08-21 18:20:00,14.577
2016-08-21 18:30:00,14.601
2016-08-21 18:40:00,14.601
2016-08-21 18:50:00,14.625
2016-08-21 19:00:00,14.673
2016-08-21 19:10:00,14.745
2016-08-21 19:20:00,14.721
2016-08-21 19:30:00,14.768
2016-08-21 19:40:00,15.175
2016-08-21 19:50:00,15.127
2016-08-21 20:00:00,14.84
2016-08-21 20:10:00,14.745
2016-08-21 20:20:00,14.912
2016-08-21 20:30:00,14.888
2016-08-21 20:40:00,14.864
2016-08-21 20:50:00,14.912
2016-08-21 21:00:00,14.84
2016-08-21 21:10:00,14.768
2016-08-21 21:20:00,14.768
2016-08-21 21:30:00,14.792
2016-08-21 21:40:00,14.816
2016-08-21 21:50:00,14.84
2016-08-21 22:00:00,14.864
2016-08-21 22:10:00,14.936
2016-08-21 22:20:00,15.008
2016-08-21 22:30:00,14.96
2016-08-21 22:40:00,14.936
2016-08-21 22:50:00,14.936
2016-08-21 23:00:00,14.96
2016-08-21 23:10:00,14.96
2016-08-21 23:20:00,15.175
2016-08-21 23:30:00,15.342
2016-08-21 23:40:00,15.796
2016-08-21 23:50:00,16.415
2016-08-22 00:00:00,16.963
2016-08-22 00:10:00,17.177
2016-08-22 00:20:00,17.629
2016-08-22 00:30:00,17.843
2016-08-22 00:40:00,17.677
2016-08-22 00:50:00,17.653
2016-08-22 01:00:00,17.51
2016-08-22 01:10:00,17.439
2016-08-22 01:20:00,17.201
2016-08-22 01:30:00,16.939
2016-08-22 01:40:00,16.796
2016-08-22 01:50:00,16.582
2016-08-22 02:00:00,16.272
2016-08-22 02:10:00,15.986
2016-08-22 02:20:00,15.748
2016-08-22 02:30:00,15.533
2016-08-22 02:40:00,15.39
2016-08-22 02:50:00,15.27
2016-08-22 03:00:00,15.175
2016-08-22 03:10:00,15.079
2016-08-22 03:20:00,15.008
2016-08-22 03:30:00,14.984
2016-08-22 03:40:00,14.936
2016-08-22 03:50:00,14.888
2016-08-22 04:00:00,14.84
2016-08-22 04:10:00,14.745
2016-08-22 04:20:00,14.673
2016-08-22 04:30:00,14.625
2016-08-22 04:40:00,14.481
2016-08-22 04:50:00,14.314
2016-08-22 05:00:00,14.266
2016-08-22 05:10:00,14.242
2016-08-22 05:20:00,14.146
2016-08-22 05:30:00,14.122
2016-08-22 05:40:00,14.05
2016-08-22 05:50:00,14.002
2016-08-22 06:00:00,13.978
2016-08-22 06:10:00,13.978
2016-08-22 06:20:00,13.978
2016-08-22 06:30:00,13.978
2016-08-22 06:40:00,13.978
2016-08-22 06:50:00,13.978
2016-08-22 07:00:00,13.978
2016-08-22 07:10:00,13.978
2016-08-22 07:20:00,14.002
2016-08-22 07:30:00,14.002
2016-08-22 07:40:00,14.002
2016-08-22 07:50:00,14.026
2016-08-22 08:00:00,14.026
2016-08-22 08:10:00,14.05
2016-08-22 08:20:00,14.05
2016-08-22 08:30:00,14.074
2016-08-22 08:40:00,14.074
2016-08-22 08:50:00,14.074
2016-08-22 09:00:00,14.098
2016-08-22 09:10:00,14.098
2016-08-22 09:20:00,14.098
2016-08-22 09:30:00,14.122
2016-08-22 09:40:00,14.122
2016-08-22 09:50:00,14.122
2016-08-22 10:00:00,14.122
2016-08-22 10:10:00,14.122
2016-08-22 10:20:00,14.122
2016-08-22 10:30:00,14.122
2016-08-22 10:40:00,14.122
2016-08-22 10:50:00,14.122
2016-08-22 11:00:00,14.146
2016-08-22 11:10:00,14.146
2016-08-22 11:20:00,14.098
2016-08-22 11:30:00,14.074
2016-08-22 11:40:00,14.026
2016-08-22 11:50:00,13.858
2016-08-22 12:00:00,13.858
2016-08-22 12:10:00,13.93
2016-08-22 12:20:00,13.978
2016-08-22 12:30:00,13.954
2016-08-22 12:40:00,13.858
2016-08-22 12:50:00,13.786
2016-08-22 13:00:00,13.594
2016-08-22 13:10:00,13.546
2016-08-22 13:20:00,13.546
2016-08-22 13:30:00,13.546
2016-08-22 13:40:00,13.546
2016-08-22 13:50:00,13.594
2016-08-22 14:00:00,13.762
2016-08-22 14:10:00,13.882
2016-08-22 14:20:00,14.074
2016-08-22 14:30:00,14.242
2016-08-22 14:40:00,14.409
2016-08-22 14:50:00,14.601
2016-08-22 15:00:00,14.816
2016-08-22 15:10:00,14.984
2016-08-22 15:20:00,15.199
2016-08-22 15:30:00,15.414
2016-08-22 15:40:00,15.629
2016-08-22 15:50:00,15.819
2016-08-22 16:00:00,16.01
2016-08-22 16:10:00,16.177
2016-08-22 16:20:00,16.344
2016-08-22 16:30:00,16.439
2016-08-22 16:40:00,16.415
2016-08-22 16:50:00,16.606
2016-08-22 17:00:00,16.606
2016-08-22 17:10:00,16.725
2016-08-22 17:20:00,16.534
2016-08-22 17:30:00,15.652
2016-08-22 17:40:00,15.151
2016-08-22 17:50:00,14.673
2016-08-22 18:00:00,14.457
2016-08-22 18:10:00,14.314
2016-08-22 18:20:00,14.17
2016-08-22 18:30:00,14.194
2016-08-22 18:40:00,14.05
2016-08-22 18:50:00,14.17
2016-08-22 19:00:00,14.146
2016-08-22 19:10:00,14.17
2016-08-22 19:20:00,13.954
2016-08-22 19:30:00,13.906
2016-08-22 19:40:00,13.882
2016-08-22 19:50:00,13.93
2016-08-22 20:00:00,13.978
2016-08-22 20:10:00,13.954
2016-08-22 20:20:00,13.954
2016-08-22 20:30:00,14.122
2016-08-22 20:40:00,14.146
2016-08-22 20:50:00,14.218
2016-08-22 21:00:00,14.218
2016-08-22 21:10:00,14.361
2016-08-22 21:20:00,14.218
2016-08-22 21:30:00,14.218
2016-08-22 21:40:00,14.218
2016-08-22 21:50:00,14.218
2016-08-22 22:00:00,14.098
2016-08-22 22:10:00,14.074
2016-08-22 22:20:00,14.122
2016-08-22 22:30:00,14.266
2016-08-22 22:40:00,14.385
2016-08-22 22:50:00,14.553
2016-08-22 23:00:00,14.601
2016-08-22 23:10:00,14.625
2016-08-22 23:20:00,14.697
2016-08-22 23:30:00,14.577
2016-08-22 23:40:00,14.697
2016-08-22 23:50:00,14.888
2016-08-23 00:00:00,14.768
2016-08-23 00:10:00,14.984
2016-08-23 00:20:00,15.366
2016-08-23 00:30:00,16.225
2016-08-23 00:40:00,16.701
2016-08-23 00:50:00,17.011
2016-08-23 01:00:00,17.082
2016-08-23 01:10:00,16.987
2016-08-23 01:20:00,16.749
2016-08-23 01:30:00,16.606
2016-08-23 01:40:00,16.32
2016-08-23 01:50:00,15.986
2016-08-23 02:00:00,15.724
2016-08-23 02:10:00,15.461
2016-08-23 02:20:00,15.294
2016-08-23 02:30:00,15.151
2016-08-23 02:40:00,15.055
2016-08-23 02:50:00,14.984
2016-08-23 03:00:00,14.888
2016-08-23 03:10:00,14.816
2016-08-23 03:20:00,14.792
2016-08-23 03:30:00,14.745
2016-08-23 03:40:00,14.697
2016-08-23 03:50:00,14.601
2016-08-23 04:00:00,14.337
2016-08-23 04:10:00,14.074
2016-08-23 04:20:00,13.954
2016-08-23 04:30:00,14.002
2016-08-23 04:40:00,14.122
2016-08-23 04:50:00,14.218
2016-08-23 05:00:00,14.314
2016-08-23 05:10:00,14.361
2016-08-23 05:20:00,14.385
2016-08-23 05:30:00,14.409
2016-08-23 05:40:00,14.409
2016-08-23 05:50:00,14.385
2016-08-23 06:00:00,14.361
2016-08-23 06:10:00,14.17
2016-08-23 06:20:00,13.978
2016-08-23 06:30:00,13.786
2016-08-23 06:40:00,13.666
2016-08-23 06:50:00,13.666
2016-08-23 07:00:00,13.666
2016-08-23 07:10:00,13.738
2016-08-23 07:20:00,13.714
2016-08-23 07:30:00,13.69
2016-08-23 07:40:00,13.642
2016-08-23 07:50:00,13.618
2016-08-23 08:00:00,13.618
2016-08-23 08:10:00,13.618
2016-08-23 08:20:00,13.618
2016-08-23 08:30:00,13.618
2016-08-23 08:40:00,13.618
2016-08-23 08:50:00,13.618
2016-08-23 09:00:00,13.618
2016-08-23 09:10:00,13.618
2016-08-23 09:20:00,13.618
2016-08-23 09:30:00,13.618
2016-08-23 09:40:00,13.594
2016-08-23 09:50:00,13.594
2016-08-23 10:00:00,13.618
2016-08-23 10:10:00,13.618
2016-08-23 10:20:00,13.642
2016-08-23 10:30:00,13.642
2016-08-23 10:40:00,13.69
2016-08-23 10:50:00,13.69
2016-08-23 11:00:00,13.714
2016-08-23 11:10:00,13.714
2016-08-23 11:20:00,13.738
2016-08-23 11:30:00,13.738
2016-08-23 11:40:00,13.762
2016-08-23 11:50:00,13.786
2016-08-23 12:00:00,13.786
2016-08-23 12:10:00,13.81
2016-08-23 12:20:00,13.81
2016-08-23 12:30:00,13.834
2016-08-23 12:40:00,13.834
2016-08-23 12:50:00,13.834
2016-08-23 13:00:00,13.858
2016-08-23 13:10:00,13.858
2016-08-23 13:20:00,13.882
2016-08-23 13:30:00,13.882
2016-08-23 13:40:00,13.906
2016-08-23 13:50:00,13.906
2016-08-23 14:00:00,13.93
2016-08-23 14:10:00,13.954
2016-08-23 14:20:00,13.978
2016-08-23 14:30:00,14.002
2016-08-23 14:40:00,14.074
2016-08-23 14:50:00,14.146
2016-08-23 15:00:00,14.266
2016-08-23 15:10:00,14.385
2016-08-23 15:20:00,14.577
2016-08-23 15:30:00,14.816
2016-08-23 15:40:00,14.984
2016-08-23 15:50:00,15.223
2016-08-23 16:00:00,15.414
2016-08-23 16:10:00,15.581
2016-08-23 16:20:00,15.796
2016-08-23 16:30:00,16.034
2016-08-23 16:40:00,16.225
2016-08-23 16:50:00,16.439
2016-08-23 17:00:00,16.582
2016-08-23 17:10:00,16.749
2016-08-23 17:20:00,16.915
2016-08-23 17:30:00,17.177
2016-08-23 17:40:00,17.724
2016-08-23 17:50:00,17.772
2016-08-23 18:00:00,18.01
2016-08-23 18:10:00,18.319
2016-08-23 18:20:00,17.629
2016-08-23 18:30:00,17.677
2016-08-23 18:40:00,16.939
2016-08-23 18:50:00,16.106
2016-08-23 19:00:00,15.461
2016-08-23 19:10:00,15.199
2016-08-23 19:20:00,14.84
2016-08-23 19:30:00,14.912
2016-08-23 19:40:00,14.792
2016-08-23 19:50:00,14.649
2016-08-23 20:00:00,14.601
2016-08-23 20:10:00,14.314
2016-08-23 20:20:00,14.194
2016-08-23 20:30:00,14.218
2016-08-23 20:40:00,14.409
2016-08-23 20:50:00,14.409
2016-08-23 21:00:00,14.433
2016-08-23 21:10:00,14.361
2016-08-23 21:20:00,14.337
2016-08-23 21:30:00,14.29
2016-08-23 21:40:00,14.266
2016-08-23 21:50:00,14.266
2016-08-23 22:00:00,14.266
2016-08-23 22:10:00,14.266
2016-08-23 22:20:00,14.314
2016-08-23 22:30:00,14.337
2016-08-23 22:40:00,14.385
2016-08-23 22:50:00,14.433
2016-08-23 23:00:00,14.433
2016-08-23 23:10:00,14.409
2016-08-23 23:20:00,14.385
2016-08-23 23:30:00,14.266
2016-08-23 23:40:00,14.266
2016-08-23 23:50:00,14.122
2016-08-24 00:00:00,14.098
2016-08-24 00:10:00,14.146
2016-08-24 00:20:00,14.146
2016-08-24 00:30:00,14.194
2016-08-24 00:40:00,14.146
2016-08-24 00:50:00,14.266
2016-08-24 01:00:00,14.433
2016-08-24 01:10:00,14.625
2016-08-24 01:20:00,14.697
2016-08-24 01:30:00,14.721
2016-08-24 01:40:00,14.721
2016-08-24 01:50:00,14.697
2016-08-24 02:00:00,14.625
2016-08-24 02:10:00,14.577
2016-08-24 02:20:00,14.505
2016-08-24 02:30:00,14.433
2016-08-24 02:40:00,14.385
2016-08-24 02:50:00,14.361
2016-08-24 03:00:00,14.337
2016-08-24 03:10:00,14.337
2016-08-24 03:20:00,14.314
2016-08-24 03:30:00,14.314
2016-08-24 03:40:00,14.29
2016-08-24 03:50:00,14.266
2016-08-24 04:00:00,14.242
2016-08-24 04:10:00,14.17
2016-08-24 04:20:00,14.122
2016-08-24 04:30:00,14.002
2016-08-24 04:40:00,13.834
2016-08-24 04:50:00,13.69
2016-08-24 05:00:00,13.594
2016-08-24 05:10:00,13.497
2016-08-24 05:20:00,13.401
2016-08-24 05:30:00,13.329
2016-08-24 05:40:00,13.257
2016-08-24 05:50:00,13.161
2016-08-24 06:00:00,13.04
2016-08-24 06:10:00,12.968
2016-08-24 06:20:00,12.92
2016-08-24 06:30:00,12.896
2016-08-24 06:40:00,12.871
2016-08-24 06:50:00,12.847
2016-08-24 07:00:00,12.896
2016-08-24 07:10:00,12.992
2016-08-24 07:20:00,13.088
2016-08-24 07:30:00,13.209
2016-08-24 07:40:00,13.281
2016-08-24 07:50:00,13.377
2016-08-24 08:00:00,13.473
2016-08-24 08:10:00,13.497
2016-08-24 08:20:00,13.522
2016-08-24 08:30:00,13.546
2016-08-24 08:40:00,13.522
2016-08-24 08:50:00,13.522
2016-08-24 09:00:00,13.473
2016-08-24 09:10:00,13.425
2016-08-24 09:20:00,13.305
2016-08-24 09:30:00,13.209
2016-08-24 09:40:00,13.209
2016-08-24 09:50:00,13.209
2016-08-24 10:00:00,13.137
2016-08-24 10:10:00,13.112
2016-08-24 10:20:00,13.112
2016-08-24 10:30:00,13.137
2016-08-24 10:40:00,13.088
2016-08-24 10:50:00,13.112
2016-08-24 11:00:00,13.064
2016-08-24 11:10:00,13.04
2016-08-24 11:20:00,13.04
2016-08-24 11:30:00,13.04
2016-08-24 11:40:00,13.088
2016-08-24 11:50:00,13.112
2016-08-24 12:00:00,13.112
2016-08-24 12:10:00,13.064
2016-08-24 12:20:00,13.064
2016-08-24 12:30:00,13.185
2016-08-24 12:40:00,13.185
2016-08-24 12:50:00,13.185
2016-08-24 13:00:00,13.233
2016-08-24 13:10:00,13.233
2016-08-24 13:20:00,13.257
2016-08-24 13:30:00,13.281
2016-08-24 13:40:00,13.305
2016-08-24 13:50:00,13.329
2016-08-24 14:00:00,13.353
2016-08-24 14:10:00,13.401
2016-08-24 14:20:00,13.449
2016-08-24 14:30:00,13.522
2016-08-24 14:40:00,13.642
2016-08-24 14:50:00,13.762
2016-08-24 15:00:00,13.858
2016-08-24 15:10:00,13.93
2016-08-24 15:20:00,14.002
2016-08-24 15:30:00,14.17
2016-08-24 15:40:00,14.361
2016-08-24 15:50:00,14.505
2016-08-24 16:00:00,14.697
2016-08-24 16:10:00,14.912
2016-08-24 16:20:00,15.127
2016-08-24 16:30:00,15.342
2016-08-24 16:40:00,15.676
2016-08-24 16:50:00,16.106
2016-08-24 17:00:00,16.439
2016-08-24 17:10:00,17.058
2016-08-24 17:20:00,17.534
2016-08-24 17:30:00,18.057
2016-08-24 17:40:00,18.604
2016-08-24 17:50:00,19.294
2016-08-24 18:00:00,19.746
2016-08-24 18:10:00,19.865
2016-08-24 18:20:00,19.865
2016-08-24 18:30:00,19.841
2016-08-24 18:40:00,19.484
2016-08-24 18:50:00,18.842
2016-08-24 19:00:00,18.39
2016-08-24 19:10:00,18.057
2016-08-24 19:20:00,17.13
2016-08-24 19:30:00,15.533
2016-08-24 19:40:00,14.984
2016-08-24 19:50:00,14.745
2016-08-24 20:00:00,14.337
2016-08-24 20:10:00,14.337
2016-08-24 20:20:00,14.29
2016-08-24 20:30:00,14.266
2016-08-24 20:40:00,14.314
2016-08-24 20:50:00,14.218
2016-08-24 21:00:00,14.146
2016-08-24 21:10:00,14.074
2016-08-24 21:20:00,13.954
2016-08-24 21:30:00,13.906
2016-08-24 21:40:00,13.858
2016-08-24 21:50:00,13.786
2016-08-24 22:00:00,13.786
2016-08-24 22:10:00,13.858
2016-08-24 22:20:00,14.002
2016-08-24 22:30:00,13.978
2016-08-24 22:40:00,13.954
2016-08-24 22:50:00,13.954
2016-08-24 23:00:00,13.93
2016-08-24 23:10:00,13.81
2016-08-24 23:20:00,13.786
2016-08-24 23:30:00,13.81
2016-08-24 23:40:00,13.738
2016-08-24 23:50:00,13.738
2016-08-25 00:00:00,13.714
2016-08-25 00:10:00,13.69
2016-08-25 00:20:00,13.666
2016-08-25 00:30:00,13.618
2016-08-25 00:40:00,13.594
2016-08-25 00:50:00,13.57
2016-08-25 01:00:00,13.546
2016-08-25 01:10:00,13.522
2016-08-25 01:20:00,13.497
2016-08-25 01:30:00,13.473
2016-08-25 01:40:00,13.425
2016-08-25 01:50:00,13.425
2016-08-25 02:00:00,13.449
2016-08-25 02:10:00,13.497
2016-08-25 02:20:00,13.546
2016-08-25 02:30:00,13.618
2016-08-25 02:40:00,13.642
2016-08-25 02:50:00,13.666
2016-08-25 03:00:00,13.69
2016-08-25 03:10:00,13.69
2016-08-25 03:20:00,13.714
2016-08-25 03:30:00,13.738
2016-08-25 03:40:00,13.738
2016-08-25 03:50:00,13.738
2016-08-25 04:00:00,13.738
2016-08-25 04:10:00,13.738
2016-08-25 04:20:00,13.762
2016-08-25 04:30:00,13.738
2016-08-25 04:40:00,13.738
2016-08-25 04:50:00,13.738
2016-08-25 05:00:00,13.738
2016-08-25 05:10:00,13.762
2016-08-25 05:20:00,13.762
2016-08-25 05:30:00,13.786
2016-08-25 05:40:00,13.786
2016-08-25 05:50:00,13.786
2016-08-25 06:00:00,13.786
2016-08-25 06:10:00,13.786
2016-08-25 06:20:00,13.786
2016-08-25 06:30:00,13.762
2016-08-25 06:40:00,13.738
2016-08-25 06:50:00,13.714
2016-08-25 07:00:00,13.714
2016-08-25 07:10:00,13.69
2016-08-25 07:20:00,13.69
2016-08-25 07:30:00,13.666
2016-08-25 07:40:00,13.666
2016-08-25 07:50:00,13.666
2016-08-25 08:00:00,13.666
2016-08-25 08:10:00,13.642
2016-08-25 08:20:00,13.618
2016-08-25 08:30:00,13.618
2016-08-25 08:40:00,13.594
2016-08-25 08:50:00,13.57
2016-08-25 09:00:00,13.546
2016-08-25 09:10:00,13.546
2016-08-25 09:20:00,13.497
2016-08-25 09:30:00,13.497
2016-08-25 09:40:00,13.449
2016-08-25 09:50:00,13.425
2016-08-25 10:00:00,13.401
2016-08-25 10:10:00,13.353
2016-08-25 10:20:00,13.305
2016-08-25 10:30:00,13.257
2016-08-25 10:40:00,13.233
2016-08-25 10:50:00,13.233
2016-08-25 11:00:00,13.185
2016-08-25 11:10:00,13.137
2016-08-25 11:20:00,13.112
2016-08-25 11:30:00,13.112
2016-08-25 11:40:00,13.112
2016-08-25 11:50:00,13.112
2016-08-25 12:00:00,13.064
2016-08-25 12:10:00,13.064
2016-08-25 12:20:00,13.04
2016-08-25 12:30:00,13.064
2016-08-25 12:40:00,13.04
2016-08-25 12:50:00,13.04
2016-08-25 13:00:00,13.04
2016-08-25 13:10:00,13.04
2016-08-25 13:20:00,13.04
2016-08-25 13:30:00,13.064
2016-08-25 13:40:00,13.064
2016-08-25 13:50:00,13.064
2016-08-25 14:00:00,13.088
2016-08-25 14:10:00,13.088
2016-08-25 14:20:00,13.064
2016-08-25 14:30:00,13.088
2016-08-25 14:40:00,13.233
2016-08-25 14:50:00,13.377
2016-08-25 15:00:00,13.449
2016-08-25 15:10:00,13.594
2016-08-25 15:20:00,13.786
2016-08-25 15:30:00,13.954
2016-08-25 15:40:00,14.074
2016-08-25 15:50:00,14.266
2016-08-25 16:00:00,14.529
2016-08-25 16:10:00,14.697
2016-08-25 16:20:00,14.936
2016-08-25 16:30:00,15.127
2016-08-25 16:40:00,15.223
2016-08-25 16:50:00,15.461
2016-08-25 17:00:00,15.557
2016-08-25 17:10:00,15.891
2016-08-25 17:20:00,16.487
2016-08-25 17:30:00,17.058
2016-08-25 17:40:00,17.772
2016-08-25 17:50:00,18.913
2016-08-25 18:00:00,19.674
2016-08-25 18:10:00,20.055
2016-08-25 18:20:00,20.055
2016-08-25 18:30:00,19.96
2016-08-25 18:40:00,19.912
2016-08-25 18:50:00,19.77
2016-08-25 19:00:00,18.675
2016-08-25 19:10:00,18.366
2016-08-25 19:20:00,17.796
2016-08-25 19:30:00,16.129
2016-08-25 19:40:00,15.652
2016-08-25 19:50:00,15.39
2016-08-25 20:00:00,15.008
2016-08-25 20:10:00,14.697
2016-08-25 20:20:00,14.433
2016-08-25 20:30:00,14.266
2016-08-25 20:40:00,14.242
2016-08-25 20:50:00,14.074
2016-08-25 21:00:00,14.002
2016-08-25 21:10:00,13.93
2016-08-25 21:20:00,13.906
2016-08-25 21:30:00,13.858
2016-08-25 21:40:00,13.666
2016-08-25 21:50:00,13.594
2016-08-25 22:00:00,13.57
2016-08-25 22:10:00,13.594
2016-08-25 22:20:00,13.57
2016-08-25 22:30:00,13.57
2016-08-25 22:40:00,13.594
2016-08-25 22:50:00,13.666
2016-08-25 23:00:00,13.666
2016-08-25 23:10:00,13.522
2016-08-25 23:20:00,13.497
2016-08-25 23:30:00,13.473
2016-08-25 23:40:00,13.449
2016-08-25 23:50:00,13.449
2016-08-26 00:00:00,13.497
2016-08-26 00:10:00,13.497
2016-08-26 00:20:00,13.546
2016-08-26 00:30:00,13.57
2016-08-26 00:40:00,13.594
2016-08-26 00:50:00,13.594
2016-08-26 01:00:00,13.594
2016-08-26 01:10:00,13.57
2016-08-26 01:20:00,13.594
2016-08-26 01:30:00,13.594
2016-08-26 01:40:00,13.594
2016-08-26 01:50:00,13.594
2016-08-26 02:00:00,13.594
2016-08-26 02:10:00,13.594
2016-08-26 02:20:00,13.594
2016-08-26 02:30:00,13.594
2016-08-26 02:40:00,13.594
2016-08-26 02:50:00,13.594
2016-08-26 03:00:00,13.594
2016-08-26 03:10:00,13.594
2016-08-26 03:20:00,13.594
2016-08-26 03:30:00,13.618
2016-08-26 03:40:00,13.618
2016-08-26 03:50:00,13.618
2016-08-26 04:00:00,13.594
2016-08-26 04:10:00,13.594
2016-08-26 04:20:00,13.594
2016-08-26 04:30:00,13.594
2016-08-26 04:40:00,13.594
2016-08-26 04:50:00,13.594
2016-08-26 05:00:00,13.618
2016-08-26 05:10:00,13.618
2016-08-26 05:20:00,13.618
2016-08-26 05:30:00,13.642
2016-08-26 05:40:00,13.666
2016-08-26 05:50:00,13.69
2016-08-26 06:00:00,13.69
2016-08-26 06:10:00,13.69
2016-08-26 06:20:00,13.69
2016-08-26 06:30:00,13.666
2016-08-26 06:40:00,13.666
2016-08-26 06:50:00,13.666
2016-08-26 07:00:00,13.642
2016-08-26 07:10:00,13.642
2016-08-26 07:20:00,13.618
2016-08-26 07:30:00,13.618
2016-08-26 07:40:00,13.594
2016-08-26 07:50:00,13.594
2016-08-26 08:00:00,13.594
2016-08-26 08:10:00,13.594
2016-08-26 08:20:00,13.57
2016-08-26 08:30:00,13.57
2016-08-26 08:40:00,13.546
2016-08-26 08:50:00,13.546
2016-08-26 09:00:00,13.546
2016-08-26 09:10:00,13.522
2016-08-26 09:20:00,13.546
2016-08-26 09:30:00,13.546
2016-08-26 09:40:00,13.546
2016-08-26 09:50:00,13.546
2016-08-26 10:00:00,13.546
2016-08-26 10:10:00,13.546
2016-08-26 10:20:00,13.546
2016-08-26 10:30:00,13.497
2016-08-26 10:40:00,13.497
2016-08-26 10:50:00,13.473
2016-08-26 11:00:00,13.401
2016-08-26 11:10:00,13.377
2016-08-26 11:20:00,13.329
2016-08-26 11:30:00,13.281
2016-08-26 11:40:00,13.281
2016-08-26 11:50:00,13.257
2016-08-26 12:00:00,13.233
2016-08-26 12:10:00,13.233
2016-08-26 12:20:00,13.209
2016-08-26 12:30:00,13.209
2016-08-26 12:40:00,13.209
2016-08-26 12:50:00,13.209
2016-08-26 13:00:00,13.209
2016-08-26 13:10:00,13.209
2016-08-26 13:20:00,13.209
2016-08-26 13:30:00,13.209
2016-08-26 13:40:00,13.209
2016-08-26 13:50:00,13.209
2016-08-26 14:00:00,13.209
2016-08-26 14:10:00,13.209
2016-08-26 14:20:00,13.233
2016-08-26 14:30:00,13.257
2016-08-26 14:40:00,13.257
2016-08-26 14:50:00,13.257
2016-08-26 15:00:00,13.281
2016-08-26 15:10:00,13.329
2016-08-26 15:20:00,13.329
2016-08-26 15:30:00,13.377
2016-08-26 15:40:00,13.497
2016-08-26 15:50:00,13.449
2016-08-26 16:00:00,13.473
2016-08-26 16:10:00,13.546
2016-08-26 16:20:00,13.618
2016-08-26 16:30:00,13.666
2016-08-26 16:40:00,13.882
2016-08-26 16:50:00,13.882
2016-08-26 17:00:00,14.385
2016-08-26 17:10:00,15.342
2016-08-26 17:20:00,15.342
2016-08-26 17:30:00,15.915
2016-08-26 17:40:00,16.32
2016-08-26 17:50:00,16.868
2016-08-26 18:00:00,16.439
2016-08-26 18:10:00,16.82
2016-08-26 18:20:00,17.249
2016-08-26 18:30:00,17.153
2016-08-26 18:40:00,17.391
2016-08-26 18:50:00,17.51
2016-08-26 19:00:00,17.772
2016-08-26 19:10:00,18.271
2016-08-26 19:20:00,18.747
2016-08-26 19:30:00,19.294
2016-08-26 19:40:00,19.484
2016-08-26 19:50:00,17.962
2016-08-26 20:00:00,17.368
2016-08-26 20:10:00,16.892
2016-08-26 20:20:00,15.891
2016-08-26 20:30:00,15.438
2016-08-26 20:40:00,15.39
2016-08-26 20:50:00,15.342
2016-08-26 21:00:00,15.509
2016-08-26 21:10:00,15.342
2016-08-26 21:20:00,14.721
2016-08-26 21:30:00,14.673
2016-08-26 21:40:00,14.577
2016-08-26 21:50:00,14.553
2016-08-26 22:00:00,14.529
2016-08-26 22:10:00,14.529
2016-08-26 22:20:00,14.409
2016-08-26 22:30:00,14.314
2016-08-26 22:40:00,14.409
2016-08-26 22:50:00,14.481
2016-08-26 23:00:00,14.433
2016-08-26 23:10:00,14.385
2016-08-26 23:20:00,14.337
2016-08-26 23:30:00,14.242
2016-08-26 23:40:00,14.194
2016-08-26 23:50:00,14.194
2016-08-27 00:00:00,14.194
2016-08-27 00:10:00,14.194
2016-08-27 00:20:00,14.17
2016-08-27 00:30:00,14.146
2016-08-27 00:40:00,14.122
2016-08-27 00:50:00,14.146
2016-08-27 01:00:00,14.122
2016-08-27 01:10:00,14.098
2016-08-27 01:20:00,14.098
2016-08-27 01:30:00,14.098
2016-08-27 01:40:00,14.074
2016-08-27 01:50:00,14.074
2016-08-27 02:00:00,14.05
2016-08-27 02:10:00,14.026
2016-08-27 02:20:00,14.026
2016-08-27 02:30:00,14.026
2016-08-27 02:40:00,14.002
2016-08-27 02:50:00,14.026
2016-08-27 03:00:00,14.026
2016-08-27 03:10:00,14.026
2016-08-27 03:20:00,14.002
2016-08-27 03:30:00,14.002
2016-08-27 03:40:00,13.978
2016-08-27 03:50:00,13.954
2016-08-27 04:00:00,13.93
2016-08-27 04:10:00,13.93
2016-08-27 04:20:00,13.882
2016-08-27 04:30:00,13.81
2016-08-27 04:40:00,13.738
2016-08-27 04:50:00,13.497
2016-08-27 05:00:00,13.233
2016-08-27 05:10:00,13.016
2016-08-27 05:20:00,12.896
2016-08-27 05:30:00,12.775
2016-08-27 05:40:00,12.678
2016-08-27 05:50:00,12.654
2016-08-27 06:00:00,12.606
2016-08-27 06:10:00,12.558
2016-08-27 06:20:00,12.558
2016-08-27 06:30:00,12.654
2016-08-27 06:40:00,12.678
2016-08-27 06:50:00,12.703
2016-08-27 07:00:00,12.703
2016-08-27 07:10:00,12.751
2016-08-27 07:20:00,12.751
2016-08-27 07:30:00,12.944
2016-08-27 07:40:00,13.161
2016-08-27 07:50:00,13.329
2016-08-27 08:00:00,13.401
2016-08-27 08:10:00,13.473
2016-08-27 08:20:00,13.497
2016-08-27 08:30:00,13.522
2016-08-27 08:40:00,13.57
2016-08-27 08:50:00,13.57
2016-08-27 09:00:00,13.594
2016-08-27 09:10:00,13.618
2016-08-27 09:20:00,13.666
2016-08-27 09:30:00,13.738
2016-08-27 09:40:00,13.762
2016-08-27 09:50:00,13.81
2016-08-27 10:00:00,13.81
2016-08-27 10:10:00,13.834
2016-08-27 10:20:00,13.81
2016-08-27 10:30:00,13.81
2016-08-27 10:40:00,13.81
2016-08-27 10:50:00,13.81
2016-08-27 11:00:00,13.81
2016-08-27 11:10:00,13.81
2016-08-27 11:20:00,13.81
2016-08-27 11:30:00,13.81
2016-08-27 11:40:00,13.81
2016-08-27 11:50:00,13.834
2016-08-27 12:00:00,13.834
2016-08-27 12:10:00,13.834
2016-08-27 12:20:00,13.858
2016-08-27 12:30:00,13.834
2016-08-27 12:40:00,13.834
2016-08-27 12:50:00,13.834
2016-08-27 13:00:00,13.834
2016-08-27 13:10:00,13.858
2016-08-27 13:20:00,13.858
2016-08-27 13:30:00,13.882
2016-08-27 13:40:00,13.882
2016-08-27 13:50:00,13.882
2016-08-27 14:00:00,13.906
2016-08-27 14:10:00,13.906
2016-08-27 14:20:00,13.93
2016-08-27 14:30:00,13.93
2016-08-27 14:40:00,13.93
2016-08-27 14:50:00,13.93
2016-08-27 15:00:00,13.954
2016-08-27 15:10:00,13.978
2016-08-27 15:20:00,14.002
2016-08-27 15:30:00,14.026
2016-08-27 15:40:00,14.026
2016-08-27 15:50:00,13.978
2016-08-27 16:00:00,13.954
2016-08-27 16:10:00,13.978
2016-08-27 16:20:00,13.954
2016-08-27 16:30:00,13.978
2016-08-27 16:40:00,13.978
2016-08-27 16:50:00,14.098
2016-08-27 17:00:00,14.074
2016-08-27 17:10:00,14.17
2016-08-27 17:20:00,14.242
2016-08-27 17:30:00,14.266
2016-08-27 17:40:00,14.266
2016-08-27 17:50:00,14.601
2016-08-27 18:00:00,14.936
2016-08-27 18:10:00,15.605
2016-08-27 18:20:00,16.439
2016-08-27 18:30:00,17.344
2016-08-27 18:40:00,17.843
2016-08-27 18:50:00,18.414
2016-08-27 19:00:00,18.461
2016-08-27 19:10:00,18.557
2016-08-27 19:20:00,19.175
2016-08-27 19:30:00,19.27
2016-08-27 19:40:00,19.484
2016-08-27 19:50:00,20.007
2016-08-27 20:00:00,20.341
2016-08-27 20:10:00,20.317
2016-08-27 20:20:00,20.293
2016-08-27 20:30:00,20.388
2016-08-27 20:40:00,19.888
2016-08-27 20:50:00,19.627
2016-08-27 21:00:00,18.366
2016-08-27 21:10:00,17.32
2016-08-27 21:20:00,18.509
2016-08-27 21:30:00,19.436
2016-08-27 21:40:00,17.938
2016-08-27 21:50:00,16.654
2016-08-27 22:00:00,15.939
2016-08-27 22:10:00,15.509
2016-08-27 22:20:00,15.581
2016-08-27 22:30:00,15.366
2016-08-27 22:40:00,15.127
2016-08-27 22:50:00,15.031
2016-08-27 23:00:00,15.031
2016-08-27 23:10:00,15.079
2016-08-27 23:20:00,15.079
2016-08-27 23:30:00,15.079
2016-08-27 23:40:00,15.031
2016-08-27 23:50:00,15.008
2016-08-28 00:00:00,15.008
2016-08-28 00:10:00,15.008
2016-08-28 00:20:00,15.008
2016-08-28 00:30:00,15.008
2016-08-28 00:40:00,14.96
2016-08-28 00:50:00,14.912
2016-08-28 01:00:00,14.912
2016-08-28 01:10:00,14.912
2016-08-28 01:20:00,14.888
2016-08-28 01:30:00,14.888
2016-08-28 01:40:00,14.888
2016-08-28 01:50:00,14.888
2016-08-28 02:00:00,14.888
2016-08-28 02:10:00,14.888
2016-08-28 02:20:00,14.888
2016-08-28 02:30:00,14.864
2016-08-28 02:40:00,14.864
2016-08-28 02:50:00,14.864
2016-08-28 03:00:00,14.84
2016-08-28 03:10:00,14.84
2016-08-28 03:20:00,14.816
2016-08-28 03:30:00,14.816
2016-08-28 03:40:00,14.792
2016-08-28 03:50:00,14.768
2016-08-28 04:00:00,14.721
2016-08-28 04:10:00,14.673
2016-08-28 04:20:00,14.649
2016-08-28 04:30:00,14.601
2016-08-28 04:40:00,14.553
2016-08-28 04:50:00,14.505
2016-08-28 05:00:00,14.481
2016-08-28 05:10:00,14.457
2016-08-28 05:20:00,14.409
2016-08-28 05:30:00,14.385
2016-08-28 05:40:00,14.314
2016-08-28 05:50:00,14.218
2016-08-28 06:00:00,13.93
2016-08-28 06:10:00,13.738
2016-08-28 06:20:00,13.666
2016-08-28 06:30:00,13.57
2016-08-28 06:40:00,13.473
2016-08-28 06:50:00,13.401
2016-08-28 07:00:00,13.281
2016-08-28 07:10:00,13.137
2016-08-28 07:20:00,13.04
2016-08-28 07:30:00,12.92
2016-08-28 07:40:00,12.847
2016-08-28 07:50:00,12.775
2016-08-28 08:00:00,12.678
2016-08-28 08:10:00,12.63
2016-08-28 08:20:00,12.582
2016-08-28 08:30:00,12.558
2016-08-28 08:40:00,12.534
2016-08-28 08:50:00,12.509
2016-08-28 09:00:00,12.534
2016-08-28 09:10:00,12.509
2016-08-28 09:20:00,12.461
2016-08-28 09:30:00,12.413
2016-08-28 09:40:00,12.413
2016-08-28 09:50:00,12.413
2016-08-28 10:00:00,12.389
2016-08-28 10:10:00,12.389
2016-08-28 10:20:00,12.389
2016-08-28 10:30:00,12.34
2016-08-28 10:40:00,12.268
2016-08-28 10:50:00,12.171
2016-08-28 11:00:00,12.195
2016-08-28 11:10:00,12.074
2016-08-28 11:20:00,11.929
2016-08-28 11:30:00,11.832
2016-08-28 11:40:00,11.953
2016-08-28 11:50:00,11.953
2016-08-28 12:00:00,11.977
2016-08-28 12:10:00,12.05
2016-08-28 12:20:00,12.025
2016-08-28 12:30:00,12.001
2016-08-28 12:40:00,11.977
2016-08-28 12:50:00,11.977
2016-08-28 13:00:00,12.001
2016-08-28 13:10:00,12.098
2016-08-28 13:20:00,12.195
2016-08-28 13:30:00,13.016
2016-08-28 13:40:00,13.546
2016-08-28 13:50:00,13.69
2016-08-28 14:00:00,13.93
2016-08-28 14:10:00,13.978
2016-08-28 14:20:00,14.098
2016-08-28 14:30:00,14.17
2016-08-28 14:40:00,14.266
2016-08-28 14:50:00,14.218
2016-08-28 15:00:00,14.361
2016-08-28 15:10:00,14.625
2016-08-28 15:20:00,14.721
2016-08-28 15:30:00,14.96
2016-08-28 15:40:00,15.175
2016-08-28 15:50:00,15.103
2016-08-28 16:00:00,15.175
2016-08-28 16:10:00,15.509
2016-08-28 16:20:00,15.294
2016-08-28 16:30:00,15.079
2016-08-28 16:40:00,14.864
2016-08-28 16:50:00,14.649
2016-08-28 17:00:00,14.792
2016-08-28 17:10:00,15.031
2016-08-28 17:20:00,15.079
2016-08-28 17:30:00,14.912
2016-08-28 17:40:00,15.247
2016-08-28 17:50:00,15.366
2016-08-28 18:00:00,15.915
2016-08-28 18:10:00,15.963
2016-08-28 18:20:00,16.01
2016-08-28 18:30:00,16.129
2016-08-28 18:40:00,16.82
2016-08-28 18:50:00,18.794
2016-08-28 19:00:00,20.841
2016-08-28 19:10:00,22.25
2016-08-28 19:20:00,21.461
2016-08-28 19:30:00,23.352
2016-08-28 19:40:00,23.761
2016-08-28 19:50:00,24.508
2016-08-28 20:00:00,25.04
2016-08-28 20:10:00,25.477
2016-08-28 20:20:00,25.525
2016-08-28 20:30:00,26.061
2016-08-28 20:40:00,26.72
2016-08-28 20:50:00,27.259
2016-08-28 21:00:00,26.451
2016-08-28 21:10:00,26.818
2016-08-28 21:20:00,26.549
2016-08-28 21:30:00,26.72
2016-08-28 21:40:00,26.671
2016-08-28 21:50:00,26.207
2016-08-28 22:00:00,25.331
2016-08-28 22:10:00,24.774
2016-08-28 22:20:00,22.465
2016-08-28 22:30:00,22.561
2016-08-28 22:40:00,22.489
2016-08-28 22:50:00,21.413
2016-08-28 23:00:00,20.96
2016-08-28 23:10:00,18.533
2016-08-28 23:20:00,17.653
2016-08-28 23:30:00,16.915
2016-08-28 23:40:00,16.558
2016-08-28 23:50:00,16.272
2016-08-29 00:00:00,16.177
2016-08-29 00:10:00,16.082
2016-08-29 00:20:00,15.986
2016-08-29 00:30:00,15.915
2016-08-29 00:40:00,15.867
2016-08-29 00:50:00,15.796
2016-08-29 01:00:00,15.724
2016-08-29 01:10:00,15.724
2016-08-29 01:20:00,15.7
2016-08-29 01:30:00,15.676
2016-08-29 01:40:00,15.652
2016-08-29 01:50:00,15.676
2016-08-29 02:00:00,15.605
2016-08-29 02:10:00,15.557
2016-08-29 02:20:00,15.509
2016-08-29 02:30:00,15.509
2016-08-29 02:40:00,15.461
2016-08-29 02:50:00,15.414
2016-08-29 03:00:00,15.414
2016-08-29 03:10:00,15.366
2016-08-29 03:20:00,15.366
2016-08-29 03:30:00,15.342
2016-08-29 03:40:00,15.294
2016-08-29 03:50:00,15.27
2016-08-29 04:00:00,15.27
2016-08-29 04:10:00,15.199
2016-08-29 04:20:00,15.175
2016-08-29 04:30:00,15.127
2016-08-29 04:40:00,15.055
2016-08-29 04:50:00,15.031
2016-08-29 05:00:00,15.008
2016-08-29 05:10:00,14.984
2016-08-29 05:20:00,14.984
2016-08-29 05:30:00,14.936
2016-08-29 05:40:00,14.912
2016-08-29 05:50:00,14.888
2016-08-29 06:00:00,14.84
2016-08-29 06:10:00,14.792
2016-08-29 06:20:00,14.745
2016-08-29 06:30:00,14.457
2016-08-29 06:40:00,14.266
2016-08-29 06:50:00,14.098
2016-08-29 07:00:00,13.978
2016-08-29 07:10:00,13.882
2016-08-29 07:20:00,13.834
2016-08-29 07:30:00,13.738
2016-08-29 07:40:00,13.69
2016-08-29 07:50:00,13.69
2016-08-29 08:00:00,13.81
2016-08-29 08:10:00,13.93
2016-08-29 08:20:00,13.906
2016-08-29 08:30:00,13.786
2016-08-29 08:40:00,13.642
2016-08-29 08:50:00,13.546
2016-08-29 09:00:00,13.57
2016-08-29 09:10:00,13.594
2016-08-29 09:20:00,13.618
2016-08-29 09:30:00,13.618
2016-08-29 09:40:00,13.618
2016-08-29 09:50:00,13.594
2016-08-29 10:00:00,13.57
2016-08-29 10:10:00,13.449
2016-08-29 10:20:00,13.281
2016-08-29 10:30:00,13.064
2016-08-29 10:40:00,12.847
2016-08-29 10:50:00,12.678
2016-08-29 11:00:00,12.871
2016-08-29 11:10:00,13.137
2016-08-29 11:20:00,13.353
2016-08-29 11:30:00,13.57
2016-08-29 11:40:00,13.786
2016-08-29 11:50:00,13.882
2016-08-29 12:00:00,13.978
2016-08-29 12:10:00,14.026
2016-08-29 12:20:00,14.05
2016-08-29 12:30:00,14.026
2016-08-29 12:40:00,14.026
2016-08-29 12:50:00,14.05
2016-08-29 13:00:00,14.05
2016-08-29 13:10:00,14.05
2016-08-29 13:20:00,14.05
2016-08-29 13:30:00,14.074
2016-08-29 13:40:00,14.026
2016-08-29 13:50:00,14.05
2016-08-29 14:00:00,14.098
2016-08-29 14:10:00,14.122
2016-08-29 14:20:00,14.122
2016-08-29 14:30:00,14.122
2016-08-29 14:40:00,14.122
2016-08-29 14:50:00,14.122
2016-08-29 15:00:00,14.098
2016-08-29 15:10:00,14.098
2016-08-29 15:20:00,14.122
2016-08-29 15:30:00,14.146
2016-08-29 15:40:00,14.146
2016-08-29 15:50:00,14.194
2016-08-29 16:00:00,14.218
2016-08-29 16:10:00,14.242
2016-08-29 16:20:00,14.385
2016-08-29 16:30:00,14.433
2016-08-29 16:40:00,14.361
2016-08-29 16:50:00,14.529
2016-08-29 17:00:00,14.481
2016-08-29 17:10:00,14.553
2016-08-29 17:20:00,14.553
2016-08-29 17:30:00,14.409
2016-08-29 17:40:00,14.433
2016-08-29 17:50:00,14.457
2016-08-29 18:00:00,14.505
2016-08-29 18:10:00,14.553
2016-08-29 18:20:00,14.697
2016-08-29 18:30:00,14.888
2016-08-29 18:40:00,15.151
2016-08-29 18:50:00,15.223
2016-08-29 19:00:00,15.39
2016-08-29 19:10:00,15.7
2016-08-29 19:20:00,15.7
2016-08-29 19:30:00,17.463
2016-08-29 19:40:00,19.151
2016-08-29 19:50:00,20.031
2016-08-29 20:00:00,19.77
2016-08-29 20:10:00,20.793
2016-08-29 20:20:00,21.915
2016-08-29 20:30:00,22.513
2016-08-29 20:40:00,23.569
2016-08-29 20:50:00,24.46
2016-08-29 21:00:00,24.702
2016-08-29 21:10:00,25.016
2016-08-29 21:20:00,25.21
2016-08-29 21:30:00,25.841
2016-08-29 21:40:00,26.329
2016-08-29 21:50:00,26.695
2016-08-29 22:00:00,26.646
2016-08-29 22:10:00,26.158
2016-08-29 22:20:00,26.036
2016-08-29 22:30:00,25.939
2016-08-29 22:40:00,25.866
2016-08-29 22:50:00,25.55
2016-08-29 23:00:00,24.388
2016-08-29 23:10:00,23.112
2016-08-29 23:20:00,22.25
2016-08-29 23:30:00,19.199
2016-08-29 23:40:00,17.153
2016-08-29 23:50:00,15.676
2016-08-30 00:00:00,14.84
2016-08-30 00:10:00,14.529
2016-08-30 00:20:00,14.385
2016-08-30 00:30:00,14.194
2016-08-30 00:40:00,14.05
2016-08-30 00:50:00,13.882
2016-08-30 01:00:00,13.81
2016-08-30 01:10:00,13.762
2016-08-30 01:20:00,13.69
2016-08-30 01:30:00,13.618
2016-08-30 01:40:00,13.57
2016-08-30 01:50:00,13.57
2016-08-30 02:00:00,13.594
2016-08-30 02:10:00,13.618
2016-08-30 02:20:00,13.666
2016-08-30 02:30:00,13.714
2016-08-30 02:40:00,13.738
2016-08-30 02:50:00,13.81
2016-08-30 03:00:00,13.834
2016-08-30 03:10:00,13.834
2016-08-30 03:20:00,13.834
2016-08-30 03:30:00,13.81
2016-08-30 03:40:00,13.81
2016-08-30 03:50:00,13.81
2016-08-30 04:00:00,13.81
2016-08-30 04:10:00,13.81
2016-08-30 04:20:00,13.786
2016-08-30 04:30:00,13.762
2016-08-30 04:40:00,13.762
2016-08-30 04:50:00,13.786
2016-08-30 05:00:00,13.786
2016-08-30 05:10:00,13.762
2016-08-30 05:20:00,13.762
2016-08-30 05:30:00,13.786
2016-08-30 05:40:00,13.786
2016-08-30 05:50:00,13.786
2016-08-30 06:00:00,13.786
2016-08-30 06:10:00,13.786
2016-08-30 06:20:00,13.786
2016-08-30 06:30:00,13.786
2016-08-30 06:40:00,13.762
2016-08-30 06:50:00,13.762
2016-08-30 07:00:00,13.738
2016-08-30 07:10:00,13.714
2016-08-30 07:20:00,13.618
2016-08-30 07:30:00,13.209
2016-08-30 07:40:00,12.823
2016-08-30 07:50:00,12.461
2016-08-30 08:00:00,12.268
2016-08-30 08:10:00,12.147
2016-08-30 08:20:00,12.001
2016-08-30 08:30:00,11.856
2016-08-30 08:40:00,11.637
2016-08-30 08:50:00,11.492
2016-08-30 09:00:00,11.37
2016-08-30 09:10:00,11.297
2016-08-30 09:20:00,11.273
2016-08-30 09:30:00,11.2
2016-08-30 09:40:00,11.102
2016-08-30 09:50:00,11.029
2016-08-30 10:00:00,11.029
2016-08-30 10:10:00,11.273
2016-08-30 10:20:00,11.565
2016-08-30 10:30:00,11.759
2016-08-30 10:40:00,11.856
2016-08-30 10:50:00,11.929
2016-08-30 11:00:00,12.025
2016-08-30 11:10:00,12.171
2016-08-30 11:20:00,12.219
2016-08-30 11:30:00,12.001
2016-08-30 11:40:00,11.71
2016-08-30 11:50:00,11.492
2016-08-30 12:00:00,11.419
2016-08-30 12:10:00,11.37
2016-08-30 12:20:00,11.419
2016-08-30 12:30:00,11.467
2016-08-30 12:40:00,11.54
2016-08-30 12:50:00,11.443
2016-08-30 13:00:00,11.443
2016-08-30 13:10:00,11.297
2016-08-30 13:20:00,11.224
2016-08-30 13:30:00,10.98
2016-08-30 13:40:00,10.932
2016-08-30 13:50:00,11.029
2016-08-30 14:00:00,11.37
2016-08-30 14:10:00,11.953
2016-08-30 14:20:00,12.727
2016-08-30 14:30:00,13.088
2016-08-30 14:40:00,13.257
2016-08-30 14:50:00,13.329
2016-08-30 15:00:00,13.449
2016-08-30 15:10:00,13.522
2016-08-30 15:20:00,13.714
2016-08-30 15:30:00,13.69
2016-08-30 15:40:00,13.834
2016-08-30 15:50:00,14.122
2016-08-30 16:00:00,14.122
2016-08-30 16:10:00,13.834
2016-08-30 16:20:00,13.882
2016-08-30 16:30:00,13.882
2016-08-30 16:40:00,13.93
2016-08-30 16:50:00,13.954
2016-08-30 17:00:00,13.978
2016-08-30 17:10:00,14.05
2016-08-30 17:20:00,14.098
2016-08-30 17:30:00,14.194
2016-08-30 17:40:00,14.194
2016-08-30 17:50:00,14.218
2016-08-30 18:00:00,14.242
2016-08-30 18:10:00,14.266
2016-08-30 18:20:00,14.29
2016-08-30 18:30:00,14.337
2016-08-30 18:40:00,14.409
2016-08-30 18:50:00,14.457
2016-08-30 19:00:00,14.505
2016-08-30 19:10:00,14.601
2016-08-30 19:20:00,14.721
2016-08-30 19:30:00,14.84
2016-08-30 19:40:00,14.96
2016-08-30 19:50:00,15.151
2016-08-30 20:00:00,15.39
2016-08-30 20:10:00,16.177
2016-08-30 20:20:00,16.63
2016-08-30 20:30:00,17.51
2016-08-30 20:40:00,19.698
2016-08-30 20:50:00,21.581
2016-08-30 21:00:00,23.064
2016-08-30 21:10:00,24.171
2016-08-30 21:20:00,24.992
2016-08-30 21:30:00,25.089
2016-08-30 21:40:00,25.234
2016-08-30 21:50:00,25.89
2016-08-30 22:00:00,26.085
2016-08-30 22:10:00,26.378
2016-08-30 22:20:00,26.646
2016-08-30 22:30:00,26.867
2016-08-30 22:40:00,26.793
2016-08-30 22:50:00,26.451
2016-08-30 23:00:00,26.304
2016-08-30 23:10:00,26.207
2016-08-30 23:20:00,25.404
2016-08-30 23:30:00,24.557
2016-08-30 23:40:00,23.304
2016-08-30 23:50:00,21.652
2016-08-31 00:00:00,21.151
2016-08-31 00:10:00,19.793
2016-08-31 00:20:00,18.533
2016-08-31 00:30:00,17.106
2016-08-31 00:40:00,16.582
2016-08-31 00:50:00,15.533
2016-08-31 01:00:00,15.127
2016-08-31 01:10:00,14.888
2016-08-31 01:20:00,14.697
2016-08-31 01:30:00,14.601
2016-08-31 01:40:00,14.505
2016-08-31 01:50:00,14.433
2016-08-31 02:00:00,14.433
2016-08-31 02:10:00,14.481
2016-08-31 02:20:00,14.433
2016-08-31 02:30:00,14.409
2016-08-31 02:40:00,14.409
2016-08-31 02:50:00,14.385
2016-08-31 03:00:00,14.385
2016-08-31 03:10:00,14.409
2016-08-31 03:20:00,14.385
2016-08-31 03:30:00,14.385
2016-08-31 03:40:00,14.385
2016-08-31 03:50:00,14.385
2016-08-31 04:00:00,14.361
2016-08-31 04:10:00,14.361
2016-08-31 04:20:00,14.361
2016-08-31 04:30:00,14.385
2016-08-31 04:40:00,14.385
2016-08-31 04:50:00,14.385
2016-08-31 05:00:00,14.361
2016-08-31 05:10:00,14.361
2016-08-31 05:20:00,14.361
2016-08-31 05:30:00,14.361
2016-08-31 05:40:00,14.337
2016-08-31 05:50:00,14.314
2016-08-31 06:00:00,14.314
2016-08-31 06:10:00,14.314
2016-08-31 06:20:00,14.29
2016-08-31 06:30:00,14.266
2016-08-31 06:40:00,14.266
2016-08-31 06:50:00,14.242
2016-08-31 07:00:00,14.242
2016-08-31 07:10:00,14.218
2016-08-31 07:20:00,14.218
2016-08-31 07:30:00,14.218
2016-08-31 07:40:00,14.194
2016-08-31 07:50:00,14.17
2016-08-31 08:00:00,14.074
2016-08-31 08:10:00,13.954
2016-08-31 08:20:00,13.81
2016-08-31 08:30:00,13.738
2016-08-31 08:40:00,13.594
2016-08-31 08:50:00,13.497
2016-08-31 09:00:00,13.329
2016-08-31 09:10:00,13.185
2016-08-31 09:20:00,13.088
2016-08-31 09:30:00,13.112
2016-08-31 09:40:00,13.185
2016-08-31 09:50:00,13.209
2016-08-31 10:00:00,13.209
2016-08-31 10:10:00,13.209
2016-08-31 10:20:00,13.209
2016-08-31 10:30:00,13.161
2016-08-31 10:40:00,13.112
2016-08-31 10:50:00,13.064
2016-08-31 11:00:00,12.992
2016-08-31 11:10:00,12.896
2016-08-31 11:20:00,12.871
2016-08-31 11:30:00,12.871
2016-08-31 11:40:00,12.944
2016-08-31 11:50:00,13.137
2016-08-31 12:00:00,13.305
2016-08-31 12:10:00,13.401
2016-08-31 12:20:00,13.449
2016-08-31 12:30:00,13.497
2016-08-31 12:40:00,13.522
2016-08-31 12:50:00,13.546
2016-08-31 13:00:00,13.594
2016-08-31 13:10:00,13.618
2016-08-31 13:20:00,13.618
2016-08-31 13:30:00,13.642
2016-08-31 13:40:00,13.666
2016-08-31 13:50:00,13.642
2016-08-31 14:00:00,13.401
2016-08-31 14:10:00,13.305
2016-08-31 14:20:00,13.281
2016-08-31 14:30:00,13.329
2016-08-31 14:40:00,13.497
2016-08-31 14:50:00,14.337
2016-08-31 15:00:00,14.266
2016-08-31 15:10:00,13.834
2016-08-31 15:20:00,13.738
2016-08-31 15:30:00,13.762
2016-08-31 15:40:00,14.314
2016-08-31 15:50:00,13.882
2016-08-31 16:00:00,14.17
2016-08-31 16:10:00,14.337
2016-08-31 16:20:00,14.385
2016-08-31 16:30:00,13.978
2016-08-31 16:40:00,13.81
2016-08-31 16:50:00,13.57
2016-08-31 17:00:00,13.738
2016-08-31 17:10:00,13.834
2016-08-31 17:20:00,13.666
2016-08-31 17:30:00,13.618
2016-08-31 17:40:00,13.666
2016-08-31 17:50:00,13.714
2016-08-31 18:00:00,13.882
2016-08-31 18:10:00,13.93
2016-08-31 18:20:00,13.906
2016-08-31 18:30:00,14.074
2016-08-31 18:40:00,13.858
2016-08-31 18:50:00,13.882
2016-08-31 19:00:00,13.906
2016-08-31 19:10:00,13.954
2016-08-31 19:20:00,14.026
2016-08-31 19:30:00,14.098
2016-08-31 19:40:00,14.098
2016-08-31 19:50:00,14.194
2016-08-31 20:00:00,14.337
2016-08-31 20:10:00,14.433
2016-08-31 20:20:00,14.625
2016-08-31 20:30:00,15.127
2016-08-31 20:40:00,15.652
2016-08-31 20:50:00,16.106
2016-08-31 21:00:00,16.701
2016-08-31 21:10:00,17.534
2016-08-31 21:20:00,18.081
2016-08-31 21:30:00,18.889
2016-08-31 21:40:00,19.508
2016-08-31 21:50:00,19.722
2016-08-31 22:00:00,19.77
2016-08-31 22:10:00,20.031
2016-08-31 22:20:00,20.365
2016-08-31 22:30:00,20.746
2016-08-31 22:40:00,20.913
2016-08-31 22:50:00,20.865
2016-08-31 23:00:00,20.627
2016-08-31 23:10:00,20.579
2016-08-31 23:20:00,20.722
2016-08-31 23:30:00,20.627
2016-08-31 23:40:00,20.603
2016-08-31 23:50:00,20.365
2016-09-01 00:00:00,20.007
2016-09-01 00:10:00,19.793
2016-09-01 00:20:00,19.389
2016-09-01 00:30:00,18.747
2016-09-01 00:40:00,18.224
2016-09-01 00:50:00,17.51
2016-09-01 01:00:00,16.725
2016-09-01 01:10:00,15.843
2016-09-01 01:20:00,15.7
2016-09-01 01:30:00,15.533
2016-09-01 01:40:00,14.745
2016-09-01 01:50:00,14.409
2016-09-01 02:00:00,14.218
2016-09-01 02:10:00,14.05
2016-09-01 02:20:00,13.906
2016-09-01 02:30:00,13.834
2016-09-01 02:40:00,13.81
2016-09-01 02:50:00,13.858
2016-09-01 03:00:00,13.882
2016-09-01 03:10:00,13.882
2016-09-01 03:20:00,13.882
2016-09-01 03:30:00,13.834
2016-09-01 03:40:00,13.81
2016-09-01 03:50:00,13.738
2016-09-01 04:00:00,13.738
2016-09-01 04:10:00,13.714
2016-09-01 04:20:00,13.666
2016-09-01 04:30:00,13.642
2016-09-01 04:40:00,13.642
2016-09-01 04:50:00,13.618
2016-09-01 05:00:00,13.57
2016-09-01 05:10:00,13.522
2016-09-01 05:20:00,13.522
2016-09-01 05:30:00,13.473
2016-09-01 05:40:00,13.473
2016-09-01 05:50:00,13.473
2016-09-01 06:00:00,13.473
2016-09-01 06:10:00,13.449
2016-09-01 06:20:00,13.473
2016-09-01 06:30:00,13.473
2016-09-01 06:40:00,13.497
2016-09-01 06:50:00,13.522
2016-09-01 07:00:00,13.546
2016-09-01 07:10:00,13.57
2016-09-01 07:20:00,13.594
2016-09-01 07:30:00,13.594
2016-09-01 07:40:00,13.642
2016-09-01 07:50:00,13.642
2016-09-01 08:00:00,13.642
2016-09-01 08:10:00,13.642
2016-09-01 08:20:00,13.642
2016-09-01 08:30:00,13.666
2016-09-01 08:40:00,13.69
2016-09-01 08:50:00,13.69
2016-09-01 09:00:00,13.666
2016-09-01 09:10:00,13.69
2016-09-01 09:20:00,13.69
2016-09-01 09:30:00,13.69
2016-09-01 09:40:00,13.69
2016-09-01 09:50:00,13.69
2016-09-01 10:00:00,13.642
2016-09-01 10:10:00,13.618
2016-09-01 10:20:00,13.642
2016-09-01 10:30:00,13.642
2016-09-01 10:40:00,13.618
2016-09-01 10:50:00,13.594
2016-09-01 11:00:00,13.57
2016-09-01 11:10:00,13.57
2016-09-01 11:20:00,13.57
2016-09-01 11:30:00,13.546
2016-09-01 11:40:00,13.546
2016-09-01 11:50:00,13.522
2016-09-01 12:00:00,13.497
2016-09-01 12:10:00,13.473
2016-09-01 12:20:00,13.449
2016-09-01 12:30:00,13.449
2016-09-01 12:40:00,13.425
2016-09-01 12:50:00,13.401
2016-09-01 13:00:00,13.401
2016-09-01 13:10:00,13.353
2016-09-01 13:20:00,13.329
2016-09-01 13:30:00,13.305
2016-09-01 13:40:00,13.305
2016-09-01 13:50:00,13.305
2016-09-01 14:00:00,13.353
2016-09-01 14:10:00,13.377
2016-09-01 14:20:00,13.401
2016-09-01 14:30:00,13.497
2016-09-01 14:40:00,13.57
2016-09-01 14:50:00,13.69
2016-09-01 15:00:00,13.762
2016-09-01 15:10:00,13.666
2016-09-01 15:20:00,13.786
2016-09-01 15:30:00,13.546
2016-09-01 15:40:00,13.401
2016-09-01 15:50:00,13.377
2016-09-01 16:00:00,13.329
2016-09-01 16:10:00,13.281
2016-09-01 16:20:00,13.233
2016-09-01 16:30:00,13.185
2016-09-01 16:40:00,13.185
2016-09-01 16:50:00,13.161
2016-09-01 17:00:00,13.185
2016-09-01 17:10:00,13.185
2016-09-01 17:20:00,13.209
2016-09-01 17:30:00,13.209
2016-09-01 17:40:00,13.233
2016-09-01 17:50:00,13.233
2016-09-01 18:00:00,13.233
2016-09-01 18:10:00,13.209
2016-09-01 18:20:00,13.209
2016-09-01 18:30:00,13.209
2016-09-01 18:40:00,13.185
2016-09-01 18:50:00,13.161
2016-09-01 19:00:00,13.185
2016-09-01 19:10:00,13.233
2016-09-01 19:20:00,13.281
2016-09-01 19:30:00,13.329
2016-09-01 19:40:00,13.377
2016-09-01 19:50:00,13.377
2016-09-01 20:00:00,13.401
2016-09-01 20:10:00,13.377
2016-09-01 20:20:00,13.473
2016-09-01 20:30:00,13.522
2016-09-01 20:40:00,13.762
2016-09-01 20:50:00,13.762
2016-09-01 21:00:00,13.882
2016-09-01 21:10:00,14.553
2016-09-01 21:20:00,14.768
2016-09-01 21:30:00,15.294
2016-09-01 21:40:00,15.605
2016-09-01 21:50:00,15.772
2016-09-01 22:00:00,15.963
2016-09-01 22:10:00,16.225
2016-09-01 22:20:00,16.368
2016-09-01 22:30:00,16.415
2016-09-01 22:40:00,16.558
2016-09-01 22:50:00,16.915
2016-09-01 23:00:00,17.439
2016-09-01 23:10:00,17.629
2016-09-01 23:20:00,17.962
2016-09-01 23:30:00,18.461
2016-09-01 23:40:00,18.771
2016-09-01 23:50:00,18.723
2016-09-02 00:00:00,18.39
2016-09-02 00:10:00,18.604
2016-09-02 00:20:00,18.699
2016-09-02 00:30:00,18.438
2016-09-02 00:40:00,18.057
2016-09-02 00:50:00,17.653
2016-09-02 01:00:00,17.225
2016-09-02 01:10:00,16.82
2016-09-02 01:20:00,16.558
2016-09-02 01:30:00,16.296
2016-09-02 01:40:00,15.986
2016-09-02 01:50:00,15.414
2016-09-02 02:00:00,15.031
2016-09-02 02:10:00,14.409
2016-09-02 02:20:00,14.266
2016-09-02 02:30:00,14.098
2016-09-02 02:40:00,13.81
2016-09-02 02:50:00,13.618
2016-09-02 03:00:00,13.522
2016-09-02 03:10:00,13.425
2016-09-02 03:20:00,13.377
2016-09-02 03:30:00,13.377
2016-09-02 03:40:00,13.353
2016-09-02 03:50:00,13.329
2016-09-02 04:00:00,13.305
2016-09-02 04:10:00,13.257
2016-09-02 04:20:00,13.209
2016-09-02 04:30:00,13.185
2016-09-02 04:40:00,13.161
2016-09-02 04:50:00,13.161
2016-09-02 05:00:00,13.161
2016-09-02 05:10:00,13.137
2016-09-02 05:20:00,13.112
2016-09-02 05:30:00,13.088
2016-09-02 05:40:00,13.064
2016-09-02 05:50:00,13.064
2016-09-02 06:00:00,13.04
2016-09-02 06:10:00,12.992
2016-09-02 06:20:00,12.968
2016-09-02 06:30:00,12.968
2016-09-02 06:40:00,12.968
2016-09-02 06:50:00,12.944
2016-09-02 07:00:00,12.92
2016-09-02 07:10:00,12.92
2016-09-02 07:20:00,12.896
2016-09-02 07:30:00,12.896
2016-09-02 07:40:00,12.871
2016-09-02 07:50:00,12.871
2016-09-02 08:00:00,12.871
2016-09-02 08:10:00,12.871
2016-09-02 08:20:00,12.871
2016-09-02 08:30:00,12.871
2016-09-02 08:40:00,12.871
2016-09-02 08:50:00,12.896
2016-09-02 09:00:00,12.896
2016-09-02 09:10:00,12.896
2016-09-02 09:20:00,12.92
2016-09-02 09:30:00,12.944
2016-09-02 09:40:00,12.944
2016-09-02 09:50:00,12.968
2016-09-02 10:00:00,12.968
2016-09-02 10:10:00,12.968
2016-09-02 10:20:00,12.992
2016-09-02 10:30:00,13.016
2016-09-02 10:40:00,13.016
2016-09-02 10:50:00,13.04
2016-09-02 11:00:00,13.064
2016-09-02 11:10:00,13.064
2016-09-02 11:20:00,13.064
2016-09-02 11:30:00,13.088
2016-09-02 11:40:00,13.088
2016-09-02 11:50:00,13.088
2016-09-02 12:00:00,13.112
2016-09-02 12:10:00,13.112
2016-09-02 12:20:00,13.112
2016-09-02 12:30:00,13.112
2016-09-02 12:40:00,13.088
2016-09-02 12:50:00,13.064
2016-09-02 13:00:00,13.064
2016-09-02 13:10:00,13.064
2016-09-02 13:20:00,13.064
2016-09-02 13:30:00,13.064
2016-09-02 13:40:00,13.064
2016-09-02 13:50:00,13.088
2016-09-02 14:00:00,13.112
2016-09-02 14:10:00,13.137
2016-09-02 14:20:00,13.209
2016-09-02 14:30:00,13.257
2016-09-02 14:40:00,13.281
2016-09-02 14:50:00,13.401
2016-09-02 15:00:00,13.546
2016-09-02 15:10:00,13.57
2016-09-02 15:20:00,13.497
2016-09-02 15:30:00,13.377
2016-09-02 15:40:00,13.209
2016-09-02 15:50:00,12.968
2016-09-02 16:00:00,12.871
2016-09-02 16:10:00,12.823
2016-09-02 16:20:00,12.799
2016-09-02 16:30:00,12.847
2016-09-02 16:40:00,12.823
2016-09-02 16:50:00,12.823
2016-09-02 17:00:00,12.847
2016-09-02 17:10:00,12.92
2016-09-02 17:20:00,12.92
2016-09-02 17:30:00,12.968
2016-09-02 17:40:00,13.016
2016-09-02 17:50:00,12.968
2016-09-02 18:00:00,13.161
2016-09-02 18:10:00,13.161
2016-09-02 18:20:00,13.233
2016-09-02 18:30:00,13.257
2016-09-02 18:40:00,13.064
2016-09-02 18:50:00,13.257
2016-09-02 19:00:00,13.329
2016-09-02 19:10:00,13.522
2016-09-02 19:20:00,13.546
2016-09-02 19:30:00,13.546
2016-09-02 19:40:00,13.618
2016-09-02 19:50:00,13.642
2016-09-02 20:00:00,13.69
2016-09-02 20:10:00,13.738
2016-09-02 20:20:00,13.69
2016-09-02 20:30:00,13.69
2016-09-02 20:40:00,13.618
2016-09-02 20:50:00,13.546
2016-09-02 21:00:00,13.594
2016-09-02 21:10:00,13.666
2016-09-02 21:20:00,13.69
2016-09-02 21:30:00,13.858
2016-09-02 21:40:00,13.978
2016-09-02 21:50:00,14.385
2016-09-02 22:00:00,14.912
2016-09-02 22:10:00,15.103
2016-09-02 22:20:00,16.034
2016-09-02 22:30:00,16.987
2016-09-02 22:40:00,17.32
2016-09-02 22:50:00,17.296
2016-09-02 23:00:00,17.415
2016-09-02 23:10:00,17.677
2016-09-02 23:20:00,17.724
2016-09-02 23:30:00,17.653
2016-09-02 23:40:00,17.582
2016-09-02 23:50:00,17.653
2016-09-03 00:00:00,17.558
2016-09-03 00:10:00,17.486
2016-09-03 00:20:00,17.439
2016-09-03 00:30:00,17.201
2016-09-03 00:40:00,16.844
2016-09-03 00:50:00,16.582
2016-09-03 01:00:00,16.296
2016-09-03 01:10:00,16.082
2016-09-03 01:20:00,15.915
2016-09-03 01:30:00,15.7
2016-09-03 01:40:00,15.461
2016-09-03 01:50:00,15.223
2016-09-03 02:00:00,14.984
2016-09-03 02:10:00,14.673
2016-09-03 02:20:00,14.385
2016-09-03 02:30:00,14.122
2016-09-03 02:40:00,13.906
2016-09-03 02:50:00,13.786
2016-09-03 03:00:00,13.69
2016-09-03 03:10:00,13.57
2016-09-03 03:20:00,13.401
2016-09-03 03:30:00,13.257
2016-09-03 03:40:00,13.209
2016-09-03 03:50:00,13.209
2016-09-03 04:00:00,13.137
2016-09-03 04:10:00,13.137
2016-09-03 04:20:00,13.112
2016-09-03 04:30:00,13.088
2016-09-03 04:40:00,13.088
2016-09-03 04:50:00,13.064
2016-09-03 05:00:00,13.064
2016-09-03 05:10:00,13.088
2016-09-03 05:20:00,13.137
2016-09-03 05:30:00,13.161
2016-09-03 05:40:00,13.161
2016-09-03 05:50:00,13.185
2016-09-03 06:00:00,13.185
2016-09-03 06:10:00,13.161
2016-09-03 06:20:00,13.161
2016-09-03 06:30:00,13.161
2016-09-03 06:40:00,13.161
2016-09-03 06:50:00,13.161
2016-09-03 07:00:00,13.137
2016-09-03 07:10:00,13.137
2016-09-03 07:20:00,13.112
2016-09-03 07:30:00,13.112
2016-09-03 07:40:00,13.112
2016-09-03 07:50:00,13.112
2016-09-03 08:00:00,13.137
2016-09-03 08:10:00,13.137
2016-09-03 08:20:00,13.112
2016-09-03 08:30:00,13.112
2016-09-03 08:40:00,13.112
2016-09-03 08:50:00,13.112
2016-09-03 09:00:00,13.112
2016-09-03 09:10:00,13.088
2016-09-03 09:20:00,13.088
2016-09-03 09:30:00,13.064
2016-09-03 09:40:00,13.064
2016-09-03 09:50:00,13.064
2016-09-03 10:00:00,13.088
2016-09-03 10:10:00,13.137
2016-09-03 10:20:00,13.161
2016-09-03 10:30:00,13.161
2016-09-03 10:40:00,13.161
2016-09-03 10:50:00,13.161
2016-09-03 11:00:00,13.161
2016-09-03 11:10:00,13.161
2016-09-03 11:20:00,13.161
2016-09-03 11:30:00,13.161
2016-09-03 11:40:00,13.137
2016-09-03 11:50:00,13.137
2016-09-03 12:00:00,13.112
2016-09-03 12:10:00,13.112
2016-09-03 12:20:00,13.112
2016-09-03 12:30:00,13.112
2016-09-03 12:40:00,13.112
2016-09-03 12:50:00,13.112
2016-09-03 13:00:00,13.112
2016-09-03 13:10:00,13.112
2016-09-03 13:20:00,13.112
2016-09-03 13:30:00,13.112
2016-09-03 13:40:00,13.112
2016-09-03 13:50:00,13.112
2016-09-03 14:00:00,13.161
2016-09-03 14:10:00,13.209
2016-09-03 14:20:00,13.257
2016-09-03 14:30:00,13.353
2016-09-03 14:40:00,13.473
2016-09-03 14:50:00,13.666
2016-09-03 15:00:00,13.858
2016-09-03 15:10:00,13.978
2016-09-03 15:20:00,13.978
2016-09-03 15:30:00,13.978
2016-09-03 15:40:00,13.738
2016-09-03 15:50:00,13.69
2016-09-03 16:00:00,13.473
2016-09-03 16:10:00,13.233
2016-09-03 16:20:00,13.161
2016-09-03 16:30:00,13.137
2016-09-03 16:40:00,13.209
2016-09-03 16:50:00,13.209
2016-09-03 17:00:00,13.161
2016-09-03 17:10:00,13.185
2016-09-03 17:20:00,13.257
2016-09-03 17:30:00,13.449
2016-09-03 17:40:00,13.449
2016-09-03 17:50:00,13.522
2016-09-03 18:00:00,13.762
2016-09-03 18:10:00,13.762
2016-09-03 18:20:00,13.738
2016-09-03 18:30:00,13.882
2016-09-03 18:40:00,13.762
2016-09-03 18:50:00,13.786
2016-09-03 19:00:00,13.834
2016-09-03 19:10:00,13.81
2016-09-03 19:20:00,13.834
2016-09-03 19:30:00,13.618
2016-09-03 19:40:00,13.497
2016-09-03 19:50:00,13.497
2016-09-03 20:00:00,13.522
2016-09-03 20:10:00,13.594
2016-09-03 20:20:00,13.666
2016-09-03 20:30:00,13.714
2016-09-03 20:40:00,13.738
2016-09-03 20:50:00,13.81
2016-09-03 21:00:00,13.858
2016-09-03 21:10:00,13.906
2016-09-03 21:20:00,13.978
2016-09-03 21:30:00,14.05
2016-09-03 21:40:00,14.146
2016-09-03 21:50:00,14.385
2016-09-03 22:00:00,14.601
2016-09-03 22:10:00,14.768
2016-09-03 22:20:00,14.577
2016-09-03 22:30:00,15.676
2016-09-03 22:40:00,15.843
2016-09-03 22:50:00,15.843
2016-09-03 23:00:00,15.939
2016-09-03 23:10:00,15.963
2016-09-03 23:20:00,16.01
2016-09-03 23:30:00,16.201
2016-09-03 23:40:00,16.439
2016-09-03 23:50:00,16.511
2016-09-04 00:00:00,16.153
2016-09-04 00:10:00,15.986
2016-09-04 00:20:00,15.891
2016-09-04 00:30:00,15.748
2016-09-04 00:40:00,15.748
2016-09-04 00:50:00,15.652
2016-09-04 01:00:00,15.557
2016-09-04 01:10:00,15.342
2016-09-04 01:20:00,15.223
2016-09-04 01:30:00,15.103
2016-09-04 01:40:00,14.96
2016-09-04 01:50:00,14.864
2016-09-04 02:00:00,14.745
2016-09-04 02:10:00,14.625
2016-09-04 02:20:00,14.505
2016-09-04 02:30:00,14.29
2016-09-04 02:40:00,14.074
2016-09-04 02:50:00,13.834
2016-09-04 03:00:00,13.69
2016-09-04 03:10:00,13.834
2016-09-04 03:20:00,13.954
2016-09-04 03:30:00,14.026
2016-09-04 03:40:00,14.074
2016-09-04 03:50:00,14.146
2016-09-04 04:00:00,14.194
2016-09-04 04:10:00,14.17
2016-09-04 04:20:00,14.146
2016-09-04 04:30:00,14.146
2016-09-04 04:40:00,14.122
2016-09-04 04:50:00,14.122
2016-09-04 05:00:00,14.122
2016-09-04 05:10:00,14.122
2016-09-04 05:20:00,14.122
2016-09-04 05:30:00,14.122
2016-09-04 05:40:00,14.122
2016-09-04 05:50:00,14.122
2016-09-04 06:00:00,14.122
2016-09-04 06:10:00,14.122
2016-09-04 06:20:00,14.098
2016-09-04 06:30:00,14.098
2016-09-04 06:40:00,14.098
2016-09-04 06:50:00,14.098
2016-09-04 07:00:00,14.098
2016-09-04 07:10:00,14.098
2016-09-04 07:20:00,14.098
2016-09-04 07:30:00,14.098
2016-09-04 07:40:00,14.098
2016-09-04 07:50:00,14.098
2016-09-04 08:00:00,14.098
2016-09-04 08:10:00,14.098
2016-09-04 08:20:00,14.098
2016-09-04 08:30:00,14.098
2016-09-04 08:40:00,14.098
2016-09-04 08:50:00,14.098
2016-09-04 09:00:00,14.098
2016-09-04 09:10:00,14.098
2016-09-04 09:20:00,14.098
2016-09-04 09:30:00,14.098
2016-09-04 09:40:00,14.074
2016-09-04 09:50:00,14.074
2016-09-04 10:00:00,14.074
2016-09-04 10:10:00,14.074
2016-09-04 10:20:00,14.026
2016-09-04 10:30:00,13.954
2016-09-04 10:40:00,13.93
2016-09-04 10:50:00,13.81
2016-09-04 11:00:00,13.738
2016-09-04 11:10:00,13.69
2016-09-04 11:20:00,13.642
2016-09-04 11:30:00,13.642
2016-09-04 11:40:00,13.594
2016-09-04 11:50:00,13.57
2016-09-04 12:00:00,13.57
2016-09-04 12:10:00,13.546
2016-09-04 12:20:00,13.546
2016-09-04 12:30:00,13.546
2016-09-04 12:40:00,13.497
2016-09-04 12:50:00,13.449
2016-09-04 13:00:00,13.449
2016-09-04 13:10:00,13.425
2016-09-04 13:20:00,13.401
2016-09-04 13:30:00,13.401
2016-09-04 13:40:00,13.401
2016-09-04 13:50:00,13.449
2016-09-04 14:00:00,13.473
2016-09-04 14:10:00,13.522
2016-09-04 14:20:00,13.594
2016-09-04 14:30:00,13.738
2016-09-04 14:40:00,13.882
2016-09-04 14:50:00,14.026
2016-09-04 15:00:00,14.122
2016-09-04 15:10:00,14.194
2016-09-04 15:20:00,14.242
2016-09-04 15:30:00,14.361
2016-09-04 15:40:00,14.433
2016-09-04 15:50:00,14.625
2016-09-04 16:00:00,14.792
2016-09-04 16:10:00,14.84
2016-09-04 16:20:00,14.816
2016-09-04 16:30:00,14.505
2016-09-04 16:40:00,14.385
2016-09-04 16:50:00,14.361
2016-09-04 17:00:00,14.361
2016-09-04 17:10:00,14.314
2016-09-04 17:20:00,14.242
2016-09-04 17:30:00,14.29
2016-09-04 17:40:00,14.29
2016-09-04 17:50:00,14.361
2016-09-04 18:00:00,14.409
2016-09-04 18:10:00,14.625
2016-09-04 18:20:00,14.505
2016-09-04 18:30:00,14.673
2016-09-04 18:40:00,14.721
2016-09-04 18:50:00,14.745
2016-09-04 19:00:00,14.84
2016-09-04 19:10:00,14.96
2016-09-04 19:20:00,14.96
2016-09-04 19:30:00,14.984
2016-09-04 19:40:00,15.008
2016-09-04 19:50:00,14.96
2016-09-04 20:00:00,14.96
2016-09-04 20:10:00,14.721
2016-09-04 20:20:00,14.721
2016-09-04 20:30:00,14.745
2016-09-04 20:40:00,14.745
2016-09-04 20:50:00,14.768
2016-09-04 21:00:00,14.792
2016-09-04 21:10:00,14.864
2016-09-04 21:20:00,14.864
2016-09-04 21:30:00,14.888
2016-09-04 21:40:00,14.888
2016-09-04 21:50:00,14.936
2016-09-04 22:00:00,14.984
2016-09-04 22:10:00,14.984
2016-09-04 22:20:00,15.199
2016-09-04 22:30:00,15.223
2016-09-04 22:40:00,15.247
2016-09-04 22:50:00,15.485
2016-09-04 23:00:00,15.796
2016-09-04 23:10:00,16.63
2016-09-04 23:20:00,16.963
2016-09-04 23:30:00,16.677
2016-09-04 23:40:00,17.082
2016-09-04 23:50:00,16.892
2016-09-05 00:00:00,16.892
2016-09-05 00:10:00,16.558
2016-09-05 00:20:00,16.368
2016-09-05 00:30:00,16.415
2016-09-05 00:40:00,16.177
2016-09-05 00:50:00,15.915
2016-09-05 01:00:00,15.652
2016-09-05 01:10:00,15.533
2016-09-05 01:20:00,15.39
2016-09-05 01:30:00,15.151
2016-09-05 01:40:00,14.984
2016-09-05 01:50:00,14.912
2016-09-05 02:00:00,14.792
2016-09-05 02:10:00,14.721
2016-09-05 02:20:00,14.673
2016-09-05 02:30:00,14.577
2016-09-05 02:40:00,14.529
2016-09-05 02:50:00,14.481
2016-09-05 03:00:00,14.433
2016-09-05 03:10:00,14.361
2016-09-05 03:20:00,14.266
2016-09-05 03:30:00,14.242
2016-09-05 03:40:00,14.218
2016-09-05 03:50:00,14.17
2016-09-05 04:00:00,14.17
2016-09-05 04:10:00,14.194
2016-09-05 04:20:00,14.266
2016-09-05 04:30:00,14.457
2016-09-05 04:40:00,14.577
2016-09-05 04:50:00,14.577
2016-09-05 05:00:00,14.577
2016-09-05 05:10:00,14.577
2016-09-05 05:20:00,14.553
2016-09-05 05:30:00,14.553
2016-09-05 05:40:00,14.529
2016-09-05 05:50:00,14.505
2016-09-05 06:00:00,14.481
2016-09-05 06:10:00,14.481
2016-09-05 06:20:00,14.481
2016-09-05 06:30:00,14.457
2016-09-05 06:40:00,14.433
2016-09-05 06:50:00,14.433
2016-09-05 07:00:00,14.433
2016-09-05 07:10:00,14.385
2016-09-05 07:20:00,14.385
2016-09-05 07:30:00,14.361
2016-09-05 07:40:00,14.337
2016-09-05 07:50:00,14.337
2016-09-05 08:00:00,14.314
2016-09-05 08:10:00,14.314
2016-09-05 08:20:00,14.29
2016-09-05 08:30:00,14.29
2016-09-05 08:40:00,14.29
2016-09-05 08:50:00,14.29
2016-09-05 09:00:00,14.29
2016-09-05 09:10:00,14.29
2016-09-05 09:20:00,14.29
2016-09-05 09:30:00,14.266
2016-09-05 09:40:00,14.266
2016-09-05 09:50:00,14.266
2016-09-05 10:00:00,14.266
2016-09-05 10:10:00,14.266
2016-09-05 10:20:00,14.266
2016-09-05 10:30:00,14.266
2016-09-05 10:40:00,14.266
2016-09-05 10:50:00,14.242
2016-09-05 11:00:00,14.17
2016-09-05 11:10:00,14.17
2016-09-05 11:20:00,14.05
2016-09-05 11:30:00,13.978
2016-09-05 11:40:00,13.954
2016-09-05 11:50:00,13.882
2016-09-05 12:00:00,13.762
2016-09-05 12:10:00,13.714
2016-09-05 12:20:00,13.69
2016-09-05 12:30:00,13.594
2016-09-05 12:40:00,13.546
2016-09-05 12:50:00,13.497
2016-09-05 13:00:00,13.473
2016-09-05 13:10:00,13.425
2016-09-05 13:20:00,13.401
2016-09-05 13:30:00,13.377
2016-09-05 13:40:00,13.377
2016-09-05 13:50:00,13.377
2016-09-05 14:00:00,13.401
2016-09-05 14:10:00,13.425
2016-09-05 14:20:00,13.473
2016-09-05 14:30:00,13.497
2016-09-05 14:40:00,13.618
2016-09-05 14:50:00,13.762
2016-09-05 15:00:00,13.954
2016-09-05 15:10:00,13.954
2016-09-05 15:20:00,14.242
2016-09-05 15:30:00,14.625
2016-09-05 15:40:00,14.936
2016-09-05 15:50:00,14.936
2016-09-05 16:00:00,14.553
2016-09-05 16:10:00,14.529
2016-09-05 16:20:00,14.673
2016-09-05 16:30:00,14.553
2016-09-05 16:40:00,14.721
2016-09-05 16:50:00,14.625
2016-09-05 17:00:00,14.745
2016-09-05 17:10:00,15.175
2016-09-05 17:20:00,14.864
2016-09-05 17:30:00,14.984
2016-09-05 17:40:00,15.008
2016-09-05 17:50:00,14.864
2016-09-05 18:00:00,14.745
2016-09-05 18:10:00,14.768
2016-09-05 18:20:00,14.649
2016-09-05 18:30:00,14.649
2016-09-05 18:40:00,14.385
2016-09-05 18:50:00,14.649
2016-09-05 19:00:00,14.697
2016-09-05 19:10:00,14.673
2016-09-05 19:20:00,14.697
2016-09-05 19:30:00,14.792
2016-09-05 19:40:00,14.864
2016-09-05 19:50:00,14.912
2016-09-05 20:00:00,14.912
2016-09-05 20:10:00,14.936
2016-09-05 20:20:00,14.96
2016-09-05 20:30:00,14.745
2016-09-05 20:40:00,14.721
2016-09-05 20:50:00,14.721
2016-09-05 21:00:00,14.768
2016-09-05 21:10:00,14.888
2016-09-05 21:20:00,14.984
2016-09-05 21:30:00,14.984
2016-09-05 21:40:00,14.912
2016-09-05 21:50:00,14.936
2016-09-05 22:00:00,14.912
2016-09-05 22:10:00,14.936
2016-09-05 22:20:00,14.864
2016-09-05 22:30:00,14.888
2016-09-05 22:40:00,14.888
2016-09-05 22:50:00,14.864
2016-09-05 23:00:00,14.84
2016-09-05 23:10:00,14.84
2016-09-05 23:20:00,14.768
2016-09-05 23:30:00,14.792
2016-09-05 23:40:00,14.792
2016-09-05 23:50:00,14.768
2016-09-06 00:00:00,14.816
2016-09-06 00:10:00,14.888
2016-09-06 00:20:00,14.84
2016-09-06 00:30:00,14.888
2016-09-06 00:40:00,15.055
2016-09-06 00:50:00,15.103
2016-09-06 01:00:00,15.079
2016-09-06 01:10:00,14.984
2016-09-06 01:20:00,14.936
2016-09-06 01:30:00,14.864
2016-09-06 01:40:00,14.768
2016-09-06 01:50:00,14.601
2016-09-06 02:00:00,14.457
2016-09-06 02:10:00,14.314
2016-09-06 02:20:00,14.194
2016-09-06 02:30:00,14.146
2016-09-06 02:40:00,14.074
2016-09-06 02:50:00,13.954
2016-09-06 03:00:00,13.81
2016-09-06 03:10:00,13.81
2016-09-06 03:20:00,13.786
2016-09-06 03:30:00,13.81
2016-09-06 03:40:00,13.762
2016-09-06 03:50:00,13.738
2016-09-06 04:00:00,13.69
2016-09-06 04:10:00,13.642
2016-09-06 04:20:00,13.522
2016-09-06 04:30:00,13.305
2016-09-06 04:40:00,13.064
2016-09-06 04:50:00,12.992
2016-09-06 05:00:00,13.233
2016-09-06 05:10:00,13.57
2016-09-06 05:20:00,13.666
2016-09-06 05:30:00,13.738
2016-09-06 05:40:00,13.738
2016-09-06 05:50:00,13.69
2016-09-06 06:00:00,13.69
2016-09-06 06:10:00,13.69
2016-09-06 06:20:00,13.666
2016-09-06 06:30:00,13.642
2016-09-06 06:40:00,13.642
2016-09-06 06:50:00,13.618
2016-09-06 07:00:00,13.618
2016-09-06 07:10:00,13.594
2016-09-06 07:20:00,13.57
2016-09-06 07:30:00,13.57
2016-09-06 07:40:00,13.57
2016-09-06 07:50:00,13.546
2016-09-06 08:00:00,13.546
2016-09-06 08:10:00,13.546
2016-09-06 08:20:00,13.522
2016-09-06 08:30:00,13.522
2016-09-06 08:40:00,13.522
2016-09-06 08:50:00,13.497
2016-09-06 09:00:00,13.497
2016-09-06 09:10:00,13.497
2016-09-06 09:20:00,13.473
2016-09-06 09:30:00,13.449
2016-09-06 09:40:00,13.449
2016-09-06 09:50:00,13.449
2016-09-06 10:00:00,13.425
2016-09-06 10:10:00,13.401
2016-09-06 10:20:00,13.401
2016-09-06 10:30:00,13.377
2016-09-06 10:40:00,13.377
2016-09-06 10:50:00,13.377
2016-09-06 11:00:00,13.377
2016-09-06 11:10:00,13.377
2016-09-06 11:20:00,13.353
2016-09-06 11:30:00,13.353
2016-09-06 11:40:00,13.329
2016-09-06 11:50:00,13.305
2016-09-06 12:00:00,13.305
2016-09-06 12:10:00,13.257
2016-09-06 12:20:00,13.233
2016-09-06 12:30:00,13.281
2016-09-06 12:40:00,13.088
2016-09-06 12:50:00,13.137
2016-09-06 13:00:00,13.04
2016-09-06 13:10:00,12.992
2016-09-06 13:20:00,12.92
2016-09-06 13:30:00,12.871
2016-09-06 13:40:00,12.678
2016-09-06 13:50:00,12.799
2016-09-06 14:00:00,12.751
2016-09-06 14:10:00,12.92
2016-09-06 14:20:00,12.944
2016-09-06 14:30:00,12.871
2016-09-06 14:40:00,12.92
2016-09-06 14:50:00,13.088
2016-09-06 15:00:00,13.329
2016-09-06 15:10:00,13.425
2016-09-06 15:20:00,13.546
2016-09-06 15:30:00,13.738
2016-09-06 15:40:00,13.714
2016-09-06 15:50:00,13.906
2016-09-06 16:00:00,13.906
2016-09-06 16:10:00,14.026
2016-09-06 16:20:00,13.882
2016-09-06 16:30:00,13.906
2016-09-06 16:40:00,14.122
2016-09-06 16:50:00,14.146
2016-09-06 17:00:00,14.17
2016-09-06 17:10:00,14.17
2016-09-06 17:20:00,14.002
2016-09-06 17:30:00,14.002
2016-09-06 17:40:00,14.002
2016-09-06 17:50:00,13.978
2016-09-06 18:00:00,13.93
2016-09-06 18:10:00,13.906
2016-09-06 18:20:00,13.954
2016-09-06 18:30:00,13.978
2016-09-06 18:40:00,13.954
2016-09-06 18:50:00,13.93
2016-09-06 19:00:00,13.954
2016-09-06 19:10:00,13.978
2016-09-06 19:20:00,14.026
2016-09-06 19:30:00,14.002
2016-09-06 19:40:00,14.074
2016-09-06 19:50:00,14.098
2016-09-06 20:00:00,14.098
2016-09-06 20:10:00,14.122
2016-09-06 20:20:00,14.05
2016-09-06 20:30:00,14.026
2016-09-06 20:40:00,14.026
2016-09-06 20:50:00,14.074
2016-09-06 21:00:00,14.098
2016-09-06 21:10:00,14.098
2016-09-06 21:20:00,14.122
2016-09-06 21:30:00,14.146
2016-09-06 21:40:00,14.146
2016-09-06 21:50:00,14.218
2016-09-06 22:00:00,14.266
2016-09-06 22:10:00,14.17
2016-09-06 22:20:00,14.266
2016-09-06 22:30:00,14.314
2016-09-06 22:40:00,14.314
2016-09-06 22:50:00,14.314
2016-09-06 23:00:00,14.29
2016-09-06 23:10:00,14.314
2016-09-06 23:20:00,14.337
2016-09-06 23:30:00,14.337
2016-09-06 23:40:00,14.361
2016-09-06 23:50:00,14.385
2016-09-07 00:00:00,14.385
2016-09-07 00:10:00,14.385
2016-09-07 00:20:00,14.361
2016-09-07 00:30:00,14.361
2016-09-07 00:40:00,14.433
2016-09-07 00:50:00,14.625
2016-09-07 01:00:00,14.601
2016-09-07 01:10:00,14.577
2016-09-07 01:20:00,14.505
2016-09-07 01:30:00,14.457
2016-09-07 01:40:00,14.361
2016-09-07 01:50:00,14.242
2016-09-07 02:00:00,14.074
2016-09-07 02:10:00,13.954
2016-09-07 02:20:00,13.738
2016-09-07 02:30:00,13.546
2016-09-07 02:40:00,13.473
2016-09-07 02:50:00,13.233
2016-09-07 03:00:00,12.896
2016-09-07 03:10:00,12.727
2016-09-07 03:20:00,12.703
2016-09-07 03:30:00,12.485
2016-09-07 03:40:00,12.268
2016-09-07 03:50:00,12.025
2016-09-07 04:00:00,11.929
2016-09-07 04:10:00,11.807
2016-09-07 04:20:00,11.734
2016-09-07 04:30:00,11.686
2016-09-07 04:40:00,11.565
2016-09-07 04:50:00,11.492
2016-09-07 05:00:00,11.516
2016-09-07 05:10:00,11.492
2016-09-07 05:20:00,11.613
2016-09-07 05:30:00,11.54
2016-09-07 05:40:00,11.492
2016-09-07 05:50:00,11.953
2016-09-07 06:00:00,12.799
2016-09-07 06:10:00,13.329
2016-09-07 06:20:00,13.377
2016-09-07 06:30:00,13.546
2016-09-07 06:40:00,13.546
2016-09-07 06:50:00,13.594
2016-09-07 07:00:00,13.642
2016-09-07 07:10:00,13.69
2016-09-07 07:20:00,13.714
2016-09-07 07:30:00,13.714
2016-09-07 07:40:00,13.714
2016-09-07 07:50:00,13.714
2016-09-07 08:00:00,13.69
2016-09-07 08:10:00,13.69
2016-09-07 08:20:00,13.69
2016-09-07 08:30:00,13.69
2016-09-07 08:40:00,13.69
2016-09-07 08:50:00,13.666
2016-09-07 09:00:00,13.666
2016-09-07 09:10:00,13.666
2016-09-07 09:20:00,13.666
2016-09-07 09:30:00,13.666
2016-09-07 09:40:00,13.642
2016-09-07 09:50:00,13.642
2016-09-07 10:00:00,13.642
2016-09-07 10:10:00,13.666
2016-09-07 10:20:00,13.666
2016-09-07 10:30:00,13.666
2016-09-07 10:40:00,13.666
2016-09-07 10:50:00,13.666
2016-09-07 11:00:00,13.666
2016-09-07 11:10:00,13.666
2016-09-07 11:20:00,13.666
2016-09-07 11:30:00,13.666
2016-09-07 11:40:00,13.666
2016-09-07 11:50:00,13.666
2016-09-07 12:00:00,13.666
2016-09-07 12:10:00,13.666
2016-09-07 12:20:00,13.666
2016-09-07 12:30:00,13.666
2016-09-07 12:40:00,13.642
2016-09-07 12:50:00,13.642
2016-09-07 13:00:00,13.618
2016-09-07 13:10:00,13.594
2016-09-07 13:20:00,13.57
2016-09-07 13:30:00,13.546
2016-09-07 13:40:00,13.497
2016-09-07 13:50:00,13.497
2016-09-07 14:00:00,13.497
2016-09-07 14:10:00,13.497
2016-09-07 14:20:00,13.473
2016-09-07 14:30:00,13.57
2016-09-07 14:40:00,13.618
2016-09-07 14:50:00,13.666
2016-09-07 15:00:00,13.978
2016-09-07 15:10:00,13.834
2016-09-07 15:20:00,13.81
2016-09-07 15:30:00,13.738
2016-09-07 15:40:00,13.786
2016-09-07 15:50:00,13.786
2016-09-07 16:00:00,13.81
2016-09-07 16:10:00,14.098
2016-09-07 16:20:00,14.194
2016-09-07 16:30:00,14.05
2016-09-07 16:40:00,14.098
2016-09-07 16:50:00,14.17
2016-09-07 17:00:00,14.122
2016-09-07 17:10:00,14.122
2016-09-07 17:20:00,14.146
2016-09-07 17:30:00,14.146
2016-09-07 17:40:00,14.266
2016-09-07 17:50:00,14.146
2016-09-07 18:00:00,14.194
2016-09-07 18:10:00,14.17
2016-09-07 18:20:00,14.218
2016-09-07 18:30:00,14.218
2016-09-07 18:40:00,14.146
2016-09-07 18:50:00,14.122
2016-09-07 19:00:00,14.122
2016-09-07 19:10:00,13.978
2016-09-07 19:20:00,14.026
2016-09-07 19:30:00,14.146
2016-09-07 19:40:00,14.002
2016-09-07 19:50:00,13.978
2016-09-07 20:00:00,14.002
2016-09-07 20:10:00,14.002
2016-09-07 20:20:00,14.074
2016-09-07 20:30:00,14.146
2016-09-07 20:40:00,14.361
2016-09-07 20:50:00,14.433
2016-09-07 21:00:00,14.481
2016-09-07 21:10:00,14.529
2016-09-07 21:20:00,14.529
2016-09-07 21:30:00,14.505
2016-09-07 21:40:00,14.505
2016-09-07 21:50:00,14.577
2016-09-07 22:00:00,14.601
2016-09-07 22:10:00,14.625
2016-09-07 22:20:00,14.673
2016-09-07 22:30:00,14.649
2016-09-07 22:40:00,14.649
2016-09-07 22:50:00,14.673
2016-09-07 23:00:00,14.673
2016-09-07 23:10:00,14.673
2016-09-07 23:20:00,14.625
2016-09-07 23:30:00,14.625
2016-09-07 23:40:00,14.649
2016-09-07 23:50:00,14.697
2016-09-08 00:00:00,14.721
2016-09-08 00:10:00,14.697
2016-09-08 00:20:00,14.697
2016-09-08 00:30:00,14.697
2016-09-08 00:40:00,14.649
2016-09-08 00:50:00,14.625
2016-09-08 01:00:00,14.577
2016-09-08 01:10:00,14.553
2016-09-08 01:20:00,14.505
2016-09-08 01:30:00,14.457
2016-09-08 01:40:00,14.457
2016-09-08 01:50:00,14.409
2016-09-08 02:00:00,14.385
2016-09-08 02:10:00,14.29
2016-09-08 02:20:00,14.194
2016-09-08 02:30:00,14.026
2016-09-08 02:40:00,13.906
2016-09-08 02:50:00,13.834
2016-09-08 03:00:00,13.738
2016-09-08 03:10:00,13.594
2016-09-08 03:20:00,13.497
2016-09-08 03:30:00,13.449
2016-09-08 03:40:00,13.377
2016-09-08 03:50:00,13.088
2016-09-08 04:00:00,12.871
2016-09-08 04:10:00,12.703
2016-09-08 04:20:00,12.678
2016-09-08 04:30:00,12.678
2016-09-08 04:40:00,12.534
2016-09-08 04:50:00,12.558
2016-09-08 05:00:00,12.775
2016-09-08 05:10:00,13.112
2016-09-08 05:20:00,13.425
2016-09-08 05:30:00,13.594
2016-09-08 05:40:00,13.69
2016-09-08 05:50:00,13.786
2016-09-08 06:00:00,13.858
2016-09-08 06:10:00,13.906
2016-09-08 06:20:00,13.93
2016-09-08 06:30:00,13.906
2016-09-08 06:40:00,13.762
2016-09-08 06:50:00,13.546
2016-09-08 07:00:00,13.57
2016-09-08 07:10:00,13.618
2016-09-08 07:20:00,13.762
2016-09-08 07:30:00,13.858
2016-09-08 07:40:00,13.882
2016-09-08 07:50:00,13.906
2016-09-08 08:00:00,14.002
2016-09-08 08:10:00,14.122
2016-09-08 08:20:00,14.385
2016-09-08 08:30:00,14.649
2016-09-08 08:40:00,14.864
2016-09-08 08:50:00,14.984
2016-09-08 09:00:00,15.031
2016-09-08 09:10:00,15.103
2016-09-08 09:20:00,15.103
2016-09-08 09:30:00,15.127
2016-09-08 09:40:00,15.151
2016-09-08 09:50:00,15.175
2016-09-08 10:00:00,15.199
2016-09-08 10:10:00,15.223
2016-09-08 10:20:00,15.27
2016-09-08 10:30:00,15.366
2016-09-08 10:40:00,15.414
2016-09-08 10:50:00,15.461
2016-09-08 11:00:00,15.485
2016-09-08 11:10:00,15.509
2016-09-08 11:20:00,15.533
2016-09-08 11:30:00,15.533
2016-09-08 11:40:00,15.557
2016-09-08 11:50:00,15.557
2016-09-08 12:00:00,15.557
2016-09-08 12:10:00,15.557
2016-09-08 12:20:00,15.557
2016-09-08 12:30:00,15.533
2016-09-08 12:40:00,15.533
2016-09-08 12:50:00,15.509
2016-09-08 13:00:00,15.485
2016-09-08 13:10:00,15.485
2016-09-08 13:20:00,15.461
2016-09-08 13:30:00,15.485
2016-09-08 13:40:00,15.485
2016-09-08 13:50:00,15.485
2016-09-08 14:00:00,15.461
2016-09-08 14:10:00,15.485
2016-09-08 14:20:00,15.485
2016-09-08 14:30:00,15.485
2016-09-08 14:40:00,15.509
2016-09-08 14:50:00,15.533
2016-09-08 15:00:00,15.557
2016-09-08 15:10:00,15.557
2016-09-08 15:20:00,15.581
2016-09-08 15:30:00,15.605
2016-09-08 15:40:00,15.676
2016-09-08 15:50:00,15.724
2016-09-08 16:00:00,15.772
2016-09-08 16:10:00,15.796
2016-09-08 16:20:00,15.843
2016-09-08 16:30:00,15.891
2016-09-08 16:40:00,16.034
2016-09-08 16:50:00,16.034
2016-09-08 17:00:00,16.058
2016-09-08 17:10:00,16.749
2016-09-08 17:20:00,17.082
2016-09-08 17:30:00,17.272
2016-09-08 17:40:00,17.201
2016-09-08 17:50:00,17.106
2016-09-08 18:00:00,16.987
2016-09-08 18:10:00,16.939
2016-09-08 18:20:00,17.011
2016-09-08 18:30:00,16.677
2016-09-08 18:40:00,16.392
2016-09-08 18:50:00,16.201
2016-09-08 19:00:00,16.153
2016-09-08 19:10:00,16.463
2016-09-08 19:20:00,16.582
2016-09-08 19:30:00,16.534
2016-09-08 19:40:00,16.463
2016-09-08 19:50:00,16.225
2016-09-08 20:00:00,16.415
2016-09-08 20:10:00,16.487
2016-09-08 20:20:00,16.511
2016-09-08 20:30:00,16.439
2016-09-08 20:40:00,16.534
2016-09-08 20:50:00,16.463
2016-09-08 21:00:00,16.439
2016-09-08 21:10:00,16.487
2016-09-08 21:20:00,16.463
2016-09-08 21:30:00,16.439
2016-09-08 21:40:00,16.415
2016-09-08 21:50:00,16.392
2016-09-08 22:00:00,16.368
2016-09-08 22:10:00,16.368
2016-09-08 22:20:00,16.368
2016-09-08 22:30:00,16.392
2016-09-08 22:40:00,16.368
2016-09-08 22:50:00,16.32
2016-09-08 23:00:00,16.368
2016-09-08 23:10:00,16.32
2016-09-08 23:20:00,16.296
2016-09-08 23:30:00,16.296
2016-09-08 23:40:00,16.296
2016-09-08 23:50:00,16.32
2016-09-09 00:00:00,16.296
2016-09-09 00:10:00,16.296
2016-09-09 00:20:00,16.272
2016-09-09 00:30:00,16.249
2016-09-09 00:40:00,16.249
2016-09-09 00:50:00,16.272
2016-09-09 01:00:00,16.249
2016-09-09 01:10:00,16.225
2016-09-09 01:20:00,16.201
2016-09-09 01:30:00,16.201
2016-09-09 01:40:00,16.201
2016-09-09 01:50:00,16.201
2016-09-09 02:00:00,16.201
2016-09-09 02:10:00,16.201
2016-09-09 02:20:00,16.177
2016-09-09 02:30:00,16.177
2016-09-09 02:40:00,16.177
2016-09-09 02:50:00,16.01
2016-09-09 03:00:00,16.153
2016-09-09 03:10:00,16.201
2016-09-09 03:20:00,15.891
2016-09-09 03:30:00,15.796
2016-09-09 03:40:00,15.557
2016-09-09 03:50:00,15.557
2016-09-09 04:00:00,15.27
2016-09-09 04:10:00,15.103
2016-09-09 04:20:00,14.936
2016-09-09 04:30:00,14.84
2016-09-09 04:40:00,14.601
2016-09-09 04:50:00,14.505
2016-09-09 05:00:00,14.361
2016-09-09 05:10:00,14.17
2016-09-09 05:20:00,14.026
2016-09-09 05:30:00,13.906
2016-09-09 05:40:00,13.834
2016-09-09 05:50:00,13.786
2016-09-09 06:00:00,13.666
2016-09-09 06:10:00,13.57
2016-09-09 06:20:00,13.497
2016-09-09 06:30:00,13.401
2016-09-09 06:40:00,13.425
2016-09-09 06:50:00,13.305
2016-09-09 07:00:00,13.233
2016-09-09 07:10:00,13.281
2016-09-09 07:20:00,13.281
2016-09-09 07:30:00,13.161
2016-09-09 07:40:00,13.016
2016-09-09 07:50:00,12.944
2016-09-09 08:00:00,13.185
2016-09-09 08:10:00,13.281
2016-09-09 08:20:00,13.281
2016-09-09 08:30:00,13.185
2016-09-09 08:40:00,13.064
2016-09-09 08:50:00,12.944
2016-09-09 09:00:00,13.233
2016-09-09 09:10:00,14.026
2016-09-09 09:20:00,13.858
2016-09-09 09:30:00,14.529
2016-09-09 09:40:00,15.008
2016-09-09 09:50:00,15.557
2016-09-09 10:00:00,15.557
2016-09-09 10:10:00,15.963
2016-09-09 10:20:00,16.153
2016-09-09 10:30:00,16.249
2016-09-09 10:40:00,16.344
2016-09-09 10:50:00,16.463
2016-09-09 11:00:00,16.344
2016-09-09 11:10:00,16.439
2016-09-09 11:20:00,16.463
2016-09-09 11:30:00,16.511
2016-09-09 11:40:00,16.534
2016-09-09 11:50:00,16.558
2016-09-09 12:00:00,16.606
2016-09-09 12:10:00,16.606
2016-09-09 12:20:00,16.606
2016-09-09 12:30:00,16.582
2016-09-09 12:40:00,16.654
2016-09-09 12:50:00,16.582
2016-09-09 13:00:00,16.606
2016-09-09 13:10:00,16.606
2016-09-09 13:20:00,16.63
2016-09-09 13:30:00,16.677
2016-09-09 13:40:00,16.654
2016-09-09 13:50:00,16.654
2016-09-09 14:00:00,16.654
2016-09-09 14:10:00,16.677
2016-09-09 14:20:00,16.701
2016-09-09 14:30:00,16.749
2016-09-09 14:40:00,16.749
2016-09-09 14:50:00,16.773
2016-09-09 15:00:00,16.773
2016-09-09 15:10:00,16.796
2016-09-09 15:20:00,16.796
2016-09-09 15:30:00,16.82
2016-09-09 15:40:00,16.844
2016-09-09 15:50:00,16.844
2016-09-09 16:00:00,16.868
2016-09-09 16:10:00,16.868
2016-09-09 16:20:00,16.892
2016-09-09 16:30:00,16.939
2016-09-09 16:40:00,16.939
2016-09-09 16:50:00,16.987
2016-09-09 17:00:00,16.987
2016-09-09 17:10:00,17.034
2016-09-09 17:20:00,17.106
2016-09-09 17:30:00,17.058
2016-09-09 17:40:00,17.082
2016-09-09 17:50:00,17.177
2016-09-09 18:00:00,17.201
2016-09-09 18:10:00,17.13
2016-09-09 18:20:00,17.225
2016-09-09 18:30:00,17.368
2016-09-09 18:40:00,17.296
2016-09-09 18:50:00,17.32
2016-09-09 19:00:00,17.415
2016-09-09 19:10:00,17.368
2016-09-09 19:20:00,17.296
2016-09-09 19:30:00,17.32
2016-09-09 19:40:00,17.344
2016-09-09 19:50:00,17.415
2016-09-09 20:00:00,17.415
2016-09-09 20:10:00,17.32
2016-09-09 20:20:00,17.249
2016-09-09 20:30:00,17.177
2016-09-09 20:40:00,17.177
2016-09-09 20:50:00,17.177
2016-09-09 21:00:00,17.177
2016-09-09 21:10:00,17.177
2016-09-09 21:20:00,17.201
2016-09-09 21:30:00,17.201
2016-09-09 21:40:00,17.32
2016-09-09 21:50:00,17.344
2016-09-09 22:00:00,17.344
2016-09-09 22:10:00,17.32
2016-09-09 22:20:00,17.32
2016-09-09 22:30:00,17.296
2016-09-09 22:40:00,17.272
2016-09-09 22:50:00,17.272
2016-09-09 23:00:00,17.225
2016-09-09 23:10:00,17.249
2016-09-09 23:20:00,17.249
2016-09-09 23:30:00,17.249
2016-09-09 23:40:00,17.225
2016-09-09 23:50:00,17.225
2016-09-10 00:00:00,17.225
2016-09-10 00:10:00,17.225
2016-09-10 00:20:00,17.201
2016-09-10 00:30:00,17.177
2016-09-10 00:40:00,17.177
2016-09-10 00:50:00,17.177
2016-09-10 01:00:00,17.177
2016-09-10 01:10:00,17.153
2016-09-10 01:20:00,17.177
2016-09-10 01:30:00,17.177
2016-09-10 01:40:00,17.177
2016-09-10 01:50:00,17.177
2016-09-10 02:00:00,17.153
2016-09-10 02:10:00,17.153
2016-09-10 02:20:00,17.153
2016-09-10 02:30:00,17.153
2016-09-10 02:40:00,17.153
2016-09-10 02:50:00,17.153
2016-09-10 03:00:00,17.13
2016-09-10 03:10:00,17.13
2016-09-10 03:20:00,17.106
2016-09-10 03:30:00,17.058
2016-09-10 03:40:00,17.011
2016-09-10 03:50:00,16.915
2016-09-10 04:00:00,16.963
2016-09-10 04:10:00,16.82
2016-09-10 04:20:00,16.534
2016-09-10 04:30:00,16.487
2016-09-10 04:40:00,16.296
2016-09-10 04:50:00,16.296
2016-09-10 05:00:00,16.153
2016-09-10 05:10:00,16.034
2016-09-10 05:20:00,15.939
2016-09-10 05:30:00,15.772
2016-09-10 05:40:00,15.724
2016-09-10 05:50:00,15.629
2016-09-10 06:00:00,15.629
2016-09-10 06:10:00,15.605
2016-09-10 06:20:00,15.533
2016-09-10 06:30:00,15.509
2016-09-10 06:40:00,15.485
2016-09-10 06:50:00,15.438
2016-09-10 07:00:00,15.438
2016-09-10 07:10:00,15.414
2016-09-10 07:20:00,15.414
2016-09-10 07:30:00,15.39
2016-09-10 07:40:00,15.366
2016-09-10 07:50:00,15.366
2016-09-10 08:00:00,15.318
2016-09-10 08:10:00,15.318
2016-09-10 08:20:00,15.294
2016-09-10 08:30:00,15.223
2016-09-10 08:40:00,15.223
2016-09-10 08:50:00,15.247
2016-09-10 09:00:00,15.247
2016-09-10 09:10:00,15.27
2016-09-10 09:20:00,15.27
2016-09-10 09:30:00,15.27
2016-09-10 09:40:00,15.27
2016-09-10 09:50:00,15.27
2016-09-10 10:00:00,15.27
2016-09-10 10:10:00,15.294
2016-09-10 10:20:00,15.485
2016-09-10 10:30:00,15.652
2016-09-10 10:40:00,15.796
2016-09-10 10:50:00,15.867
2016-09-10 11:00:00,16.129
2016-09-10 11:10:00,16.249
2016-09-10 11:20:00,16.368
2016-09-10 11:30:00,16.368
2016-09-10 11:40:00,16.392
2016-09-10 11:50:00,16.415
2016-09-10 12:00:00,16.487
2016-09-10 12:10:00,16.511
2016-09-10 12:20:00,16.511
2016-09-10 12:30:00,16.534
2016-09-10 12:40:00,16.558
2016-09-10 12:50:00,16.558
2016-09-10 13:00:00,16.582
2016-09-10 13:10:00,16.582
2016-09-10 13:20:00,16.582
2016-09-10 13:30:00,16.582
2016-09-10 13:40:00,16.582
2016-09-10 13:50:00,16.606
2016-09-10 14:00:00,16.606
2016-09-10 14:10:00,16.582
2016-09-10 14:20:00,16.582
2016-09-10 14:30:00,16.582
2016-09-10 14:40:00,16.558
2016-09-10 14:50:00,16.558
2016-09-10 15:00:00,16.558
2016-09-10 15:10:00,16.558
2016-09-10 15:20:00,16.558
2016-09-10 15:30:00,16.558
2016-09-10 15:40:00,16.558
2016-09-10 15:50:00,16.558
2016-09-10 16:00:00,16.558
2016-09-10 16:10:00,16.558
2016-09-10 16:20:00,16.558
2016-09-10 16:30:00,16.606
2016-09-10 16:40:00,16.606
2016-09-10 16:50:00,16.606
2016-09-10 17:00:00,16.63
2016-09-10 17:10:00,16.654
2016-09-10 17:20:00,16.654
2016-09-10 17:30:00,16.63
2016-09-10 17:40:00,16.654
2016-09-10 17:50:00,16.677
2016-09-10 18:00:00,16.749
2016-09-10 18:10:00,16.725
2016-09-10 18:20:00,16.749
2016-09-10 18:30:00,16.796
2016-09-10 18:40:00,16.892
2016-09-10 18:50:00,16.915
2016-09-10 19:00:00,16.844
2016-09-10 19:10:00,16.82
2016-09-10 19:20:00,17.13
2016-09-10 19:30:00,17.177
2016-09-10 19:40:00,17.201
2016-09-10 19:50:00,17.249
2016-09-10 20:00:00,17.249
2016-09-10 20:10:00,17.32
2016-09-10 20:20:00,17.32
2016-09-10 20:30:00,17.272
2016-09-10 20:40:00,17.058
2016-09-10 20:50:00,17.13
2016-09-10 21:00:00,17.034
2016-09-10 21:10:00,17.058
2016-09-10 21:20:00,17.058
2016-09-10 21:30:00,17.034
2016-09-10 21:40:00,16.987
2016-09-10 21:50:00,16.892
2016-09-10 22:00:00,16.868
2016-09-10 22:10:00,16.844
2016-09-10 22:20:00,16.796
2016-09-10 22:30:00,16.773
2016-09-10 22:40:00,16.749
2016-09-10 22:50:00,16.701
2016-09-10 23:00:00,16.654
2016-09-10 23:10:00,16.63
2016-09-10 23:20:00,16.606
2016-09-10 23:30:00,16.582
2016-09-10 23:40:00,16.606
2016-09-10 23:50:00,16.558
2016-09-11 00:00:00,16.534
2016-09-11 00:10:00,16.534
2016-09-11 00:20:00,16.511
2016-09-11 00:30:00,16.511
2016-09-11 00:40:00,16.487
2016-09-11 00:50:00,16.463
2016-09-11 01:00:00,16.487
2016-09-11 01:10:00,16.439
2016-09-11 01:20:00,16.415
2016-09-11 01:30:00,16.392
2016-09-11 01:40:00,16.368
2016-09-11 01:50:00,16.368
2016-09-11 02:00:00,16.368
2016-09-11 02:10:00,16.368
2016-09-11 02:20:00,16.344
2016-09-11 02:30:00,16.344
2016-09-11 02:40:00,16.344
2016-09-11 02:50:00,16.344
2016-09-11 03:00:00,16.344
2016-09-11 03:10:00,16.344
2016-09-11 03:20:00,16.344
2016-09-11 03:30:00,16.344
2016-09-11 03:40:00,16.32
2016-09-11 03:50:00,16.296
2016-09-11 04:00:00,16.296
2016-09-11 04:10:00,16.272
2016-09-11 04:20:00,16.249
2016-09-11 04:30:00,16.177
2016-09-11 04:40:00,16.082
2016-09-11 04:50:00,15.939
2016-09-11 05:00:00,15.796
2016-09-11 05:10:00,15.676
2016-09-11 05:20:00,15.581
2016-09-11 05:30:00,15.509
2016-09-11 05:40:00,15.485
2016-09-11 05:50:00,15.438
2016-09-11 06:00:00,15.414
2016-09-11 06:10:00,15.366
2016-09-11 06:20:00,15.342
2016-09-11 06:30:00,15.294
2016-09-11 06:40:00,15.27
2016-09-11 06:50:00,15.247
2016-09-11 07:00:00,15.247
2016-09-11 07:10:00,15.223
2016-09-11 07:20:00,15.199
2016-09-11 07:30:00,15.199
2016-09-11 07:40:00,15.175
2016-09-11 07:50:00,15.151
2016-09-11 08:00:00,15.127
2016-09-11 08:10:00,15.103
2016-09-11 08:20:00,15.103
2016-09-11 08:30:00,15.079
2016-09-11 08:40:00,15.055
2016-09-11 08:50:00,15.031
2016-09-11 09:00:00,15.031
2016-09-11 09:10:00,15.031
2016-09-11 09:20:00,15.031
2016-09-11 09:30:00,15.008
2016-09-11 09:40:00,14.984
2016-09-11 09:50:00,14.96
2016-09-11 10:00:00,14.936
2016-09-11 10:10:00,14.936
2016-09-11 10:20:00,14.936
2016-09-11 10:30:00,14.912
2016-09-11 10:40:00,14.888
2016-09-11 10:50:00,14.864
2016-09-11 11:00:00,14.84
2016-09-11 11:10:00,14.816
2016-09-11 11:20:00,14.816
2016-09-11 11:30:00,14.912
2016-09-11 11:40:00,14.936
2016-09-11 11:50:00,15.031
2016-09-11 12:00:00,15.294
2016-09-11 12:10:00,15.438
2016-09-11 12:20:00,15.629
2016-09-11 12:30:00,15.461
2016-09-11 12:40:00,15.724
2016-09-11 12:50:00,15.843
2016-09-11 13:00:00,15.891
2016-09-11 13:10:00,15.939
2016-09-11 13:20:00,15.963
2016-09-11 13:30:00,15.963
2016-09-11 13:40:00,15.986
2016-09-11 13:50:00,15.986
2016-09-11 14:00:00,15.986
2016-09-11 14:10:00,15.986
2016-09-11 14:20:00,16.01
2016-09-11 14:30:00,16.01
2016-09-11 14:40:00,16.01
2016-09-11 14:50:00,16.01
2016-09-11 15:00:00,15.986
2016-09-11 15:10:00,15.963
2016-09-11 15:20:00,15.963
2016-09-11 15:30:00,15.939
2016-09-11 15:40:00,15.939
2016-09-11 15:50:00,15.939
2016-09-11 16:00:00,15.939
2016-09-11 16:10:00,15.939
2016-09-11 16:20:00,15.939
2016-09-11 16:30:00,15.963
2016-09-11 16:40:00,15.986
2016-09-11 16:50:00,16.01
2016-09-11 17:00:00,15.939
2016-09-11 17:10:00,15.939
2016-09-11 17:20:00,15.963
2016-09-11 17:30:00,16.01
2016-09-11 17:40:00,16.058
2016-09-11 17:50:00,16.082
2016-09-11 18:00:00,16.177
2016-09-11 18:10:00,16.463
2016-09-11 18:20:00,16.296
2016-09-11 18:30:00,16.415
2016-09-11 18:40:00,16.511
2016-09-11 18:50:00,16.511
2016-09-11 19:00:00,16.844
2016-09-11 19:10:00,17.034
2016-09-11 19:20:00,17.439
2016-09-11 19:30:00,17.011
2016-09-11 19:40:00,17.368
2016-09-11 19:50:00,17.201
2016-09-11 20:00:00,17.439
2016-09-11 20:10:00,17.748
2016-09-11 20:20:00,17.486
2016-09-11 20:30:00,17.582
2016-09-11 20:40:00,17.13
2016-09-11 20:50:00,17.32
2016-09-11 21:00:00,17.368
2016-09-11 21:10:00,16.915
2016-09-11 21:20:00,16.892
2016-09-11 21:30:00,16.868
2016-09-11 21:40:00,16.82
2016-09-11 21:50:00,16.844
2016-09-11 22:00:00,16.725
2016-09-11 22:10:00,16.63
2016-09-11 22:20:00,16.534
2016-09-11 22:30:00,16.463
2016-09-11 22:40:00,16.415
2016-09-11 22:50:00,16.344
2016-09-11 23:00:00,16.296
2016-09-11 23:10:00,16.249
2016-09-11 23:20:00,16.201
2016-09-11 23:30:00,16.129
2016-09-11 23:40:00,16.129
2016-09-11 23:50:00,16.106
2016-09-12 00:00:00,16.082
2016-09-12 00:10:00,16.058
2016-09-12 00:20:00,16.034
2016-09-12 00:30:00,16.01
2016-09-12 00:40:00,15.986
2016-09-12 00:50:00,15.963
2016-09-12 01:00:00,15.963
2016-09-12 01:10:00,15.939
2016-09-12 01:20:00,15.915
2016-09-12 01:30:00,15.915
2016-09-12 01:40:00,15.891
2016-09-12 01:50:00,15.867
2016-09-12 02:00:00,15.867
2016-09-12 02:10:00,15.843
2016-09-12 02:20:00,15.819
2016-09-12 02:30:00,15.819
2016-09-12 02:40:00,15.843
2016-09-12 02:50:00,15.819
2016-09-12 03:00:00,15.819
2016-09-12 03:10:00,15.819
2016-09-12 03:20:00,15.843
2016-09-12 03:30:00,15.796
2016-09-12 03:40:00,15.772
2016-09-12 03:50:00,15.772
2016-09-12 04:00:00,15.772
2016-09-12 04:10:00,15.772
2016-09-12 04:20:00,15.772
2016-09-12 04:30:00,15.724
2016-09-12 04:40:00,15.7
2016-09-12 04:50:00,15.652
2016-09-12 05:00:00,15.581
2016-09-12 05:10:00,15.485
2016-09-12 05:20:00,15.318
2016-09-12 05:30:00,15.223
2016-09-12 05:40:00,15.175
2016-09-12 05:50:00,15.127
2016-09-12 06:00:00,15.079
2016-09-12 06:10:00,15.031
2016-09-12 06:20:00,14.984
2016-09-12 06:30:00,14.96
2016-09-12 06:40:00,14.936
2016-09-12 06:50:00,14.912
2016-09-12 07:00:00,14.888
2016-09-12 07:10:00,14.888
2016-09-12 07:20:00,14.864
2016-09-12 07:30:00,14.864
2016-09-12 07:40:00,14.888
2016-09-12 07:50:00,14.864
2016-09-12 08:00:00,14.84
2016-09-12 08:10:00,14.84
2016-09-12 08:20:00,14.792
2016-09-12 08:30:00,14.792
2016-09-12 08:40:00,14.768
2016-09-12 08:50:00,14.745
2016-09-12 09:00:00,14.745
2016-09-12 09:10:00,14.721
2016-09-12 09:20:00,14.697
2016-09-12 09:30:00,14.697
2016-09-12 09:40:00,14.673
2016-09-12 09:50:00,14.649
2016-09-12 10:00:00,14.649
2016-09-12 10:10:00,14.649
2016-09-12 10:20:00,14.625
2016-09-12 10:30:00,14.601
2016-09-12 10:40:00,14.577
2016-09-12 10:50:00,14.577
2016-09-12 11:00:00,14.577
2016-09-12 11:10:00,14.577
2016-09-12 11:20:00,14.577
2016-09-12 11:30:00,14.577
2016-09-12 11:40:00,14.553
2016-09-12 11:50:00,14.553
2016-09-12 12:00:00,14.553
2016-09-12 12:10:00,14.505
2016-09-12 12:20:00,14.505
2016-09-12 12:30:00,14.505
2016-09-12 12:40:00,14.481
2016-09-12 12:50:00,14.457
2016-09-12 13:00:00,14.601
2016-09-12 13:10:00,14.792
2016-09-12 13:20:00,14.768
2016-09-12 13:30:00,14.792
2016-09-12 13:40:00,14.792
2016-09-12 13:50:00,14.816
2016-09-12 14:00:00,14.816
2016-09-12 14:10:00,14.792
2016-09-12 14:20:00,14.768
2016-09-12 14:30:00,14.792
2016-09-12 14:40:00,14.768
2016-09-12 14:50:00,14.768
2016-09-12 15:00:00,14.768
2016-09-12 15:10:00,14.768
2016-09-12 15:20:00,14.768
2016-09-12 15:30:00,14.768
2016-09-12 15:40:00,14.745
2016-09-12 15:50:00,14.745
2016-09-12 16:00:00,14.768
2016-09-12 16:10:00,14.768
2016-09-12 16:20:00,14.745
2016-09-12 16:30:00,14.768
2016-09-12 16:40:00,14.84
2016-09-12 16:50:00,14.84
2016-09-12 17:00:00,14.816
2016-09-12 17:10:00,14.888
2016-09-12 17:20:00,14.912
2016-09-12 17:30:00,14.96
2016-09-12 17:40:00,14.96
2016-09-12 17:50:00,15.055
2016-09-12 18:00:00,15.127
2016-09-12 18:10:00,15.247
2016-09-12 18:20:00,15.509
2016-09-12 18:30:00,15.557
2016-09-12 18:40:00,15.533
2016-09-12 18:50:00,15.843
2016-09-12 19:00:00,16.654
2016-09-12 19:10:00,17.391
2016-09-12 19:20:00,17.796
2016-09-12 19:30:00,17.653
2016-09-12 19:40:00,17.106
2016-09-12 19:50:00,17.796
2016-09-12 20:00:00,18.271
2016-09-12 20:10:00,18.2
2016-09-12 20:20:00,18.652
2016-09-12 20:30:00,18.652
2016-09-12 20:40:00,19.175
2016-09-12 20:50:00,19.912
2016-09-12 21:00:00,20.365
2016-09-12 21:10:00,20.722
2016-09-12 21:20:00,20.722
2016-09-12 21:30:00,19.555
2016-09-12 21:40:00,19.46
2016-09-12 21:50:00,19.651
2016-09-12 22:00:00,18.675
2016-09-12 22:10:00,18.152
2016-09-12 22:20:00,18.2
2016-09-12 22:30:00,17.32
2016-09-12 22:40:00,16.415
2016-09-12 22:50:00,16.01
2016-09-12 23:00:00,16.106
2016-09-12 23:10:00,15.986
2016-09-12 23:20:00,15.772
2016-09-12 23:30:00,15.7
2016-09-12 23:40:00,15.676
2016-09-12 23:50:00,15.605
2016-09-13 00:00:00,15.581
2016-09-13 00:10:00,15.533
2016-09-13 00:20:00,15.485
2016-09-13 00:30:00,15.461
2016-09-13 00:40:00,15.438
2016-09-13 00:50:00,15.39
2016-09-13 01:00:00,15.342
2016-09-13 01:10:00,15.342
2016-09-13 01:20:00,15.318
2016-09-13 01:30:00,15.27
2016-09-13 01:40:00,15.223
2016-09-13 01:50:00,15.175
2016-09-13 02:00:00,15.079
2016-09-13 02:10:00,15.031
2016-09-13 02:20:00,15.008
2016-09-13 02:30:00,14.96
2016-09-13 02:40:00,14.912
2016-09-13 02:50:00,14.888
2016-09-13 03:00:00,14.84
2016-09-13 03:10:00,14.792
2016-09-13 03:20:00,14.768
2016-09-13 03:30:00,14.745
2016-09-13 03:40:00,14.745
2016-09-13 03:50:00,14.745
2016-09-13 04:00:00,14.745
2016-09-13 04:10:00,14.768
2016-09-13 04:20:00,14.768
2016-09-13 04:30:00,14.792
2016-09-13 04:40:00,14.816
2016-09-13 04:50:00,14.864
2016-09-13 05:00:00,14.888
2016-09-13 05:10:00,14.888
2016-09-13 05:20:00,14.936
2016-09-13 05:30:00,14.96
2016-09-13 05:40:00,14.936
2016-09-13 05:50:00,14.912
2016-09-13 06:00:00,14.768
2016-09-13 06:10:00,14.529
2016-09-13 06:20:00,14.29
2016-09-13 06:30:00,14.098
2016-09-13 06:40:00,13.93
2016-09-13 06:50:00,13.786
2016-09-13 07:00:00,13.618
2016-09-13 07:10:00,13.57
2016-09-13 07:20:00,13.57
2016-09-13 07:30:00,13.497
2016-09-13 07:40:00,13.473
2016-09-13 07:50:00,13.546
2016-09-13 08:00:00,13.69
2016-09-13 08:10:00,13.714
2016-09-13 08:20:00,13.738
2016-09-13 08:30:00,13.738
2016-09-13 08:40:00,13.666
2016-09-13 08:50:00,13.594
2016-09-13 09:00:00,13.594
2016-09-13 09:10:00,13.594
2016-09-13 09:20:00,13.57
2016-09-13 09:30:00,13.449
2016-09-13 09:40:00,13.353
2016-09-13 09:50:00,13.353
2016-09-13 10:00:00,13.377
2016-09-13 10:10:00,13.353
2016-09-13 10:20:00,13.353
2016-09-13 10:30:00,13.353
2016-09-13 10:40:00,13.329
2016-09-13 10:50:00,13.329
2016-09-13 11:00:00,13.353
2016-09-13 11:10:00,13.305
2016-09-13 11:20:00,13.281
2016-09-13 11:30:00,13.209
2016-09-13 11:40:00,13.112
2016-09-13 11:50:00,13.064
2016-09-13 12:00:00,13.04
2016-09-13 12:10:00,12.968
2016-09-13 12:20:00,12.727
2016-09-13 12:30:00,12.606
2016-09-13 12:40:00,12.558
2016-09-13 12:50:00,12.461
2016-09-13 13:00:00,12.461
2016-09-13 13:10:00,12.582
2016-09-13 13:20:00,12.871
2016-09-13 13:30:00,13.93
2016-09-13 13:40:00,14.314
2016-09-13 13:50:00,14.433
2016-09-13 14:00:00,14.505
2016-09-13 14:10:00,14.457
2016-09-13 14:20:00,14.457
2016-09-13 14:30:00,14.457
2016-09-13 14:40:00,14.433
2016-09-13 14:50:00,14.433
2016-09-13 15:00:00,14.409
2016-09-13 15:10:00,14.385
2016-09-13 15:20:00,14.433
2016-09-13 15:30:00,14.433
2016-09-13 15:40:00,14.433
2016-09-13 15:50:00,14.481
2016-09-13 16:00:00,14.505
2016-09-13 16:10:00,14.505
2016-09-13 16:20:00,14.577
2016-09-13 16:30:00,14.577
2016-09-13 16:40:00,14.577
2016-09-13 16:50:00,14.577
2016-09-13 17:00:00,14.625
2016-09-13 17:10:00,14.792
2016-09-13 17:20:00,15.008
2016-09-13 17:30:00,14.84
2016-09-13 17:40:00,15.031
2016-09-13 17:50:00,15.031
2016-09-13 18:00:00,14.888
2016-09-13 18:10:00,14.984
2016-09-13 18:20:00,15.199
2016-09-13 18:30:00,15.605
2016-09-13 18:40:00,16.344
2016-09-13 18:50:00,16.844
2016-09-13 19:00:00,17.558
2016-09-13 19:10:00,17.32
2016-09-13 19:20:00,19.436
2016-09-13 19:30:00,20.841
2016-09-13 19:40:00,21.748
2016-09-13 19:50:00,22.202
2016-09-13 20:00:00,22.944
2016-09-13 20:10:00,24.508
2016-09-13 20:20:00,25.258
2016-09-13 20:30:00,25.501
2016-09-13 20:40:00,25.89
2016-09-13 20:50:00,26.451
2016-09-13 21:00:00,27.136
2016-09-13 21:10:00,27.431
2016-09-13 21:20:00,27.751
2016-09-13 21:30:00,27.727
2016-09-13 21:40:00,27.112
2016-09-13 21:50:00,26.94
2016-09-13 22:00:00,26.891
2016-09-13 22:10:00,26.598
2016-09-13 22:20:00,26.598
2016-09-13 22:30:00,26.378
2016-09-13 22:40:00,25.987
2016-09-13 22:50:00,24.243
2016-09-13 23:00:00,21.987
2016-09-13 23:10:00,21.27
2016-09-13 23:20:00,19.984
2016-09-13 23:30:00,19.008
2016-09-13 23:40:00,18.152
2016-09-13 23:50:00,17.296
2016-09-14 00:00:00,16.868
2016-09-14 00:10:00,16.558
2016-09-14 00:20:00,16.344
2016-09-14 00:30:00,16.106
2016-09-14 00:40:00,15.939
2016-09-14 00:50:00,15.867
2016-09-14 01:00:00,15.772
2016-09-14 01:10:00,15.7
2016-09-14 01:20:00,15.652
2016-09-14 01:30:00,15.605
2016-09-14 01:40:00,15.581
2016-09-14 01:50:00,15.581
2016-09-14 02:00:00,15.557
2016-09-14 02:10:00,15.533
2016-09-14 02:20:00,15.533
2016-09-14 02:30:00,15.533
2016-09-14 02:40:00,15.509
2016-09-14 02:50:00,15.485
2016-09-14 03:00:00,15.461
2016-09-14 03:10:00,15.438
2016-09-14 03:20:00,15.39
2016-09-14 03:30:00,15.366
2016-09-14 03:40:00,15.342
2016-09-14 03:50:00,15.342
2016-09-14 04:00:00,15.366
2016-09-14 04:10:00,15.414
2016-09-14 04:20:00,15.438
2016-09-14 04:30:00,15.461
2016-09-14 04:40:00,15.485
2016-09-14 04:50:00,15.509
2016-09-14 05:00:00,15.533
2016-09-14 05:10:00,15.557
2016-09-14 05:20:00,15.557
2016-09-14 05:30:00,15.557
2016-09-14 05:40:00,15.533
2016-09-14 05:50:00,15.509
2016-09-14 06:00:00,15.509
2016-09-14 06:10:00,15.485
2016-09-14 06:20:00,15.366
2016-09-14 06:30:00,15.103
2016-09-14 06:40:00,14.457
2016-09-14 06:50:00,14.242
2016-09-14 07:00:00,13.546
2016-09-14 07:10:00,12.968
2016-09-14 07:20:00,12.799
2016-09-14 07:30:00,12.558
2016-09-14 07:40:00,12.437
2016-09-14 07:50:00,12.292
2016-09-14 08:00:00,12.05
2016-09-14 08:10:00,11.856
2016-09-14 08:20:00,11.904
2016-09-14 08:30:00,11.637
2016-09-14 08:40:00,11.394
2016-09-14 08:50:00,11.297
2016-09-14 09:00:00,11.224
2016-09-14 09:10:00,11.224
2016-09-14 09:20:00,11.151
2016-09-14 09:30:00,11.127
2016-09-14 09:40:00,11.005
2016-09-14 09:50:00,10.858
2016-09-14 10:00:00,10.785
2016-09-14 10:10:00,10.761
2016-09-14 10:20:00,10.712
2016-09-14 10:30:00,10.565
2016-09-14 10:40:00,10.638
2016-09-14 10:50:00,10.59
2016-09-14 11:00:00,10.516
2016-09-14 11:10:00,10.394
2016-09-14 11:20:00,10.32
2016-09-14 11:30:00,10.247
2016-09-14 11:40:00,10.394
2016-09-14 11:50:00,10.247
2016-09-14 12:00:00,10.173
2016-09-14 12:10:00,10.345
2016-09-14 12:20:00,10.345
2016-09-14 12:30:00,10.369
2016-09-14 12:40:00,10.247
2016-09-14 12:50:00,10.1
2016-09-14 13:00:00,10.026
2016-09-14 13:10:00,9.952
2016-09-14 13:20:00,9.952
2016-09-14 13:30:00,9.928
2016-09-14 13:40:00,9.928
2016-09-14 13:50:00,10.075
2016-09-14 14:00:00,11.346
2016-09-14 14:10:00,13.112
2016-09-14 14:20:00,13.906
2016-09-14 14:30:00,14.337
2016-09-14 14:40:00,14.697
2016-09-14 14:50:00,14.768
2016-09-14 15:00:00,14.984
2016-09-14 15:10:00,15.127
2016-09-14 15:20:00,15.366
2016-09-14 15:30:00,15.485
2016-09-14 15:40:00,15.605
2016-09-14 15:50:00,15.796
2016-09-14 16:00:00,15.724
2016-09-14 16:10:00,15.652
2016-09-14 16:20:00,15.629
2016-09-14 16:30:00,15.461
2016-09-14 16:40:00,15.39
2016-09-14 16:50:00,15.796
2016-09-14 17:00:00,15.986
2016-09-14 17:10:00,16.153
2016-09-14 17:20:00,16.058
2016-09-14 17:30:00,16.153
2016-09-14 17:40:00,16.249
2016-09-14 17:50:00,16.368
2016-09-14 18:00:00,16.368
2016-09-14 18:10:00,15.796
2016-09-14 18:20:00,15.867
2016-09-14 18:30:00,15.915
2016-09-14 18:40:00,16.082
2016-09-14 18:50:00,16.82
2016-09-14 19:00:00,17.677
2016-09-14 19:10:00,17.748
2016-09-14 19:20:00,18.485
2016-09-14 19:30:00,18.699
2016-09-14 19:40:00,20.341
2016-09-14 19:50:00,22.034
2016-09-14 20:00:00,23.472
2016-09-14 20:10:00,24.315
2016-09-14 20:20:00,25.186
2016-09-14 20:30:00,26.402
2016-09-14 20:40:00,27.382
2016-09-14 20:50:00,28.097
2016-09-14 21:00:00,28.717
2016-09-14 21:10:00,29.389
2016-09-14 21:20:00,30.066
2016-09-14 21:30:00,30.596
2016-09-14 21:40:00,30.849
2016-09-14 21:50:00,30.976
2016-09-14 22:00:00,31.077
2016-09-14 22:10:00,31.052
2016-09-14 22:20:00,31.026
2016-09-14 22:30:00,30.52
2016-09-14 22:40:00,30.117
2016-09-14 22:50:00,30.016
2016-09-14 23:00:00,29.565
2016-09-14 23:10:00,28.593
2016-09-14 23:20:00,27.456
2016-09-14 23:30:00,26.793
2016-09-14 23:40:00,26.109
2016-09-14 23:50:00,25.258
2016-09-15 00:00:00,23.713
2016-09-15 00:10:00,22.8
2016-09-15 00:20:00,20.746
2016-09-15 00:30:00,19.032
2016-09-15 00:40:00,17.962
2016-09-15 00:50:00,17.772
2016-09-15 01:00:00,17.439
2016-09-15 01:10:00,17.249
2016-09-15 01:20:00,17.106
2016-09-15 01:30:00,16.963
2016-09-15 01:40:00,16.892
2016-09-15 01:50:00,16.82
2016-09-15 02:00:00,16.749
2016-09-15 02:10:00,16.725
2016-09-15 02:20:00,16.654
2016-09-15 02:30:00,16.63
2016-09-15 02:40:00,16.582
2016-09-15 02:50:00,16.558
2016-09-15 03:00:00,16.511
2016-09-15 03:10:00,16.463
2016-09-15 03:20:00,16.415
2016-09-15 03:30:00,16.368
2016-09-15 03:40:00,16.344
2016-09-15 03:50:00,16.296
2016-09-15 04:00:00,16.225
2016-09-15 04:10:00,16.177
2016-09-15 04:20:00,16.153
2016-09-15 04:30:00,16.129
2016-09-15 04:40:00,16.082
2016-09-15 04:50:00,16.082
2016-09-15 05:00:00,16.058
2016-09-15 05:10:00,16.058
2016-09-15 05:20:00,16.058
2016-09-15 05:30:00,16.034
2016-09-15 05:40:00,16.034
2016-09-15 05:50:00,16.01
2016-09-15 06:00:00,15.986
2016-09-15 06:10:00,15.939
2016-09-15 06:20:00,15.915
2016-09-15 06:30:00,15.867
2016-09-15 06:40:00,15.819
2016-09-15 06:50:00,15.748
2016-09-15 07:00:00,15.7
2016-09-15 07:10:00,15.533
2016-09-15 07:20:00,14.888
2016-09-15 07:30:00,14.481
2016-09-15 07:40:00,14.098
2016-09-15 07:50:00,13.81
2016-09-15 08:00:00,13.57
2016-09-15 08:10:00,13.401
2016-09-15 08:20:00,13.209
2016-09-15 08:30:00,12.992
2016-09-15 08:40:00,12.678
2016-09-15 08:50:00,12.534
2016-09-15 09:00:00,12.268
2016-09-15 09:10:00,12.05
2016-09-15 09:20:00,12.025
2016-09-15 09:30:00,12.074
2016-09-15 09:40:00,12.122
2016-09-15 09:50:00,11.977
2016-09-15 10:00:00,11.977
2016-09-15 10:10:00,12.098
2016-09-15 10:20:00,12.268
2016-09-15 10:30:00,12.364
2016-09-15 10:40:00,12.389
2016-09-15 10:50:00,12.34
2016-09-15 11:00:00,12.389
2016-09-15 11:10:00,12.437
2016-09-15 11:20:00,12.534
2016-09-15 11:30:00,12.678
2016-09-15 11:40:00,12.775
2016-09-15 11:50:00,12.847
2016-09-15 12:00:00,12.896
2016-09-15 12:10:00,12.678
2016-09-15 12:20:00,12.364
2016-09-15 12:30:00,12.098
2016-09-15 12:40:00,11.88
2016-09-15 12:50:00,11.686
2016-09-15 13:00:00,11.516
2016-09-15 13:10:00,11.297
2016-09-15 13:20:00,11.127
2016-09-15 13:30:00,11.053
2016-09-15 13:40:00,11.029
2016-09-15 13:50:00,11.175
2016-09-15 14:00:00,11.346
2016-09-15 14:10:00,11.637
2016-09-15 14:20:00,13.233
2016-09-15 14:30:00,14.505
2016-09-15 14:40:00,14.864
2016-09-15 14:50:00,15.199
2016-09-15 15:00:00,15.509
2016-09-15 15:10:00,15.772
2016-09-15 15:20:00,15.867
2016-09-15 15:30:00,15.843
2016-09-15 15:40:00,15.986
2016-09-15 15:50:00,15.939
2016-09-15 16:00:00,16.058
2016-09-15 16:10:00,16.082
2016-09-15 16:20:00,16.32
2016-09-15 16:30:00,16.368
2016-09-15 16:40:00,16.487
2016-09-15 16:50:00,16.392
2016-09-15 17:00:00,16.534
2016-09-15 17:10:00,16.582
2016-09-15 17:20:00,16.63
2016-09-15 17:30:00,16.725
2016-09-15 17:40:00,16.749
2016-09-15 17:50:00,16.129
2016-09-15 18:00:00,16.153
2016-09-15 18:10:00,16.082
2016-09-15 18:20:00,16.129
2016-09-15 18:30:00,16.201
2016-09-15 18:40:00,16.392
2016-09-15 18:50:00,16.392
2016-09-15 19:00:00,16.463
2016-09-15 19:10:00,16.534
2016-09-15 19:20:00,16.915
2016-09-15 19:30:00,16.868
2016-09-15 19:40:00,17.272
2016-09-15 19:50:00,18.01
2016-09-15 20:00:00,19.389
2016-09-15 20:10:00,20.46
2016-09-15 20:20:00,21.461
2016-09-15 20:30:00,22.034
2016-09-15 20:40:00,22.058
2016-09-15 20:50:00,22.106
2016-09-15 21:00:00,22.465
2016-09-15 21:10:00,22.896
2016-09-15 21:20:00,23.088
2016-09-15 21:30:00,23.16
2016-09-15 21:40:00,23.256
2016-09-15 21:50:00,23.208
2016-09-15 22:00:00,22.968
2016-09-15 22:10:00,22.537
2016-09-15 22:20:00,22.058
2016-09-15 22:30:00,21.843
2016-09-15 22:40:00,21.843
2016-09-15 22:50:00,21.652
2016-09-15 23:00:00,21.485
2016-09-15 23:10:00,21.461
2016-09-15 23:20:00,21.413
2016-09-15 23:30:00,21.318
2016-09-15 23:40:00,21.246
2016-09-15 23:50:00,20.579
2016-09-16 00:00:00,20.46
2016-09-16 00:10:00,19.96
2016-09-16 00:20:00,19.532
2016-09-16 00:30:00,19.08
2016-09-16 00:40:00,18.628
2016-09-16 00:50:00,18.295
2016-09-16 01:00:00,17.415
2016-09-16 01:10:00,17.13
2016-09-16 01:20:00,16.963
2016-09-16 01:30:00,16.796
2016-09-16 01:40:00,16.749
2016-09-16 01:50:00,16.677
2016-09-16 02:00:00,16.606
2016-09-16 02:10:00,16.558
2016-09-16 02:20:00,16.511
2016-09-16 02:30:00,16.487
2016-09-16 02:40:00,16.463
2016-09-16 02:50:00,16.463
2016-09-16 03:00:00,16.415
2016-09-16 03:10:00,16.415
2016-09-16 03:20:00,16.392
2016-09-16 03:30:00,16.392
2016-09-16 03:40:00,16.415
2016-09-16 03:50:00,16.439
2016-09-16 04:00:00,16.415
2016-09-16 04:10:00,16.415
2016-09-16 04:20:00,16.368
2016-09-16 04:30:00,16.32
2016-09-16 04:40:00,16.272
2016-09-16 04:50:00,16.225
2016-09-16 05:00:00,16.177
2016-09-16 05:10:00,16.177
2016-09-16 05:20:00,16.129
2016-09-16 05:30:00,16.129
2016-09-16 05:40:00,16.129
2016-09-16 05:50:00,16.106
2016-09-16 06:00:00,16.129
2016-09-16 06:10:00,16.129
2016-09-16 06:20:00,16.129
2016-09-16 06:30:00,16.106
2016-09-16 06:40:00,16.082
2016-09-16 06:50:00,16.082
2016-09-16 07:00:00,16.058
2016-09-16 07:10:00,16.058
2016-09-16 07:20:00,16.058
2016-09-16 07:30:00,16.058
2016-09-16 07:40:00,16.058
2016-09-16 07:50:00,16.034
2016-09-16 08:00:00,16.01
2016-09-16 08:10:00,15.939
2016-09-16 08:20:00,15.724
2016-09-16 08:30:00,15.557
2016-09-16 08:40:00,15.366
2016-09-16 08:50:00,15.27
2016-09-16 09:00:00,15.223
2016-09-16 09:10:00,15.199
2016-09-16 09:20:00,15.175
2016-09-16 09:30:00,15.151
2016-09-16 09:40:00,15.127
2016-09-16 09:50:00,15.103
2016-09-16 10:00:00,15.055
2016-09-16 10:10:00,15.031
2016-09-16 10:20:00,14.96
2016-09-16 10:30:00,14.888
2016-09-16 10:40:00,14.84
2016-09-16 10:50:00,14.768
2016-09-16 11:00:00,14.697
2016-09-16 11:10:00,14.625
2016-09-16 11:20:00,14.577
2016-09-16 11:30:00,14.553
2016-09-16 11:40:00,14.529
2016-09-16 11:50:00,14.505
2016-09-16 12:00:00,14.457
2016-09-16 12:10:00,14.433
2016-09-16 12:20:00,14.409
2016-09-16 12:30:00,14.361
2016-09-16 12:40:00,14.361
2016-09-16 12:50:00,14.314
2016-09-16 13:00:00,14.314
2016-09-16 13:10:00,14.266
2016-09-16 13:20:00,14.17
2016-09-16 13:30:00,14.146
2016-09-16 13:40:00,14.194
2016-09-16 13:50:00,14.242
2016-09-16 14:00:00,14.314
2016-09-16 14:10:00,14.433
2016-09-16 14:20:00,14.912
2016-09-16 14:30:00,15.031
2016-09-16 14:40:00,15.151
2016-09-16 14:50:00,15.199
2016-09-16 15:00:00,15.199
2016-09-16 15:10:00,15.199
2016-09-16 15:20:00,15.199
2016-09-16 15:30:00,15.199
2016-09-16 15:40:00,15.223
2016-09-16 15:50:00,15.223
2016-09-16 16:00:00,15.223
2016-09-16 16:10:00,15.223
2016-09-16 16:20:00,15.223
2016-09-16 16:30:00,15.223
2016-09-16 16:40:00,15.223
2016-09-16 16:50:00,15.247
2016-09-16 17:00:00,15.294
2016-09-16 17:10:00,15.294
2016-09-16 17:20:00,15.294
2016-09-16 17:30:00,15.533
2016-09-16 17:40:00,15.676
2016-09-16 17:50:00,15.533
2016-09-16 18:00:00,15.629
2016-09-16 18:10:00,15.7
2016-09-16 18:20:00,15.7
2016-09-16 18:30:00,15.629
2016-09-16 18:40:00,15.819
2016-09-16 18:50:00,15.724
2016-09-16 19:00:00,15.819
2016-09-16 19:10:00,15.796
2016-09-16 19:20:00,15.796
2016-09-16 19:30:00,15.796
2016-09-16 19:40:00,15.605
2016-09-16 19:50:00,15.676
2016-09-16 20:00:00,15.7
2016-09-16 20:10:00,15.748
2016-09-16 20:20:00,15.796
2016-09-16 20:30:00,15.915
2016-09-16 20:40:00,16.082
2016-09-16 20:50:00,16.63
2016-09-16 21:00:00,17.463
2016-09-16 21:10:00,18.699
2016-09-16 21:20:00,19.056
2016-09-16 21:30:00,19.746
2016-09-16 21:40:00,19.865
2016-09-16 21:50:00,19.912
2016-09-16 22:00:00,19.936
2016-09-16 22:10:00,19.865
2016-09-16 22:20:00,19.793
2016-09-16 22:30:00,19.865
2016-09-16 22:40:00,19.984
2016-09-16 22:50:00,20.055
2016-09-16 23:00:00,20.055
2016-09-16 23:10:00,20.055
2016-09-16 23:20:00,20.007
2016-09-16 23:30:00,20.079
2016-09-16 23:40:00,20.293
2016-09-16 23:50:00,20.222
2016-09-17 00:00:00,19.817
2016-09-17 00:10:00,19.698
2016-09-17 00:20:00,18.889
2016-09-17 00:30:00,18.129
2016-09-17 00:40:00,17.938
2016-09-17 00:50:00,17.772
2016-09-17 01:00:00,17.534
2016-09-17 01:10:00,17.201
2016-09-17 01:20:00,16.915
2016-09-17 01:30:00,16.368
2016-09-17 01:40:00,16.058
2016-09-17 01:50:00,15.843
2016-09-17 02:00:00,16.034
2016-09-17 02:10:00,15.891
2016-09-17 02:20:00,15.796
2016-09-17 02:30:00,15.724
2016-09-17 02:40:00,15.7
2016-09-17 02:50:00,15.652
2016-09-17 03:00:00,15.629
2016-09-17 03:10:00,15.605
2016-09-17 03:20:00,15.581
2016-09-17 03:30:00,15.557
2016-09-17 03:40:00,15.533
2016-09-17 03:50:00,15.509
2016-09-17 04:00:00,15.509
2016-09-17 04:10:00,15.509
2016-09-17 04:20:00,15.485
2016-09-17 04:30:00,15.461
2016-09-17 04:40:00,15.461
2016-09-17 04:50:00,15.414
2016-09-17 05:00:00,15.366
2016-09-17 05:10:00,15.342
2016-09-17 05:20:00,15.318
2016-09-17 05:30:00,15.27
2016-09-17 05:40:00,15.223
2016-09-17 05:50:00,15.175
2016-09-17 06:00:00,15.127
2016-09-17 06:10:00,15.079
2016-09-17 06:20:00,15.031
2016-09-17 06:30:00,15.008
2016-09-17 06:40:00,14.96
2016-09-17 06:50:00,14.936
2016-09-17 07:00:00,14.912
2016-09-17 07:10:00,14.912
2016-09-17 07:20:00,14.912
2016-09-17 07:30:00,14.912
2016-09-17 07:40:00,14.888
2016-09-17 07:50:00,14.84
2016-09-17 08:00:00,14.816
2016-09-17 08:10:00,14.768
2016-09-17 08:20:00,14.745
2016-09-17 08:30:00,14.745
2016-09-17 08:40:00,14.721
2016-09-17 08:50:00,14.697
2016-09-17 09:00:00,14.601
2016-09-17 09:10:00,14.577
2016-09-17 09:20:00,14.553
2016-09-17 09:30:00,14.529
2016-09-17 09:40:00,14.457
2016-09-17 09:50:00,14.433
2016-09-17 10:00:00,14.433
2016-09-17 10:10:00,14.361
2016-09-17 10:20:00,14.266
2016-09-17 10:30:00,14.194
2016-09-17 10:40:00,14.17
2016-09-17 10:50:00,14.17
2016-09-17 11:00:00,14.146
2016-09-17 11:10:00,14.098
2016-09-17 11:20:00,14.074
2016-09-17 11:30:00,14.026
2016-09-17 11:40:00,13.954
2016-09-17 11:50:00,13.882
2016-09-17 12:00:00,13.81
2016-09-17 12:10:00,13.762
2016-09-17 12:20:00,13.738
2016-09-17 12:30:00,13.69
2016-09-17 12:40:00,13.666
2016-09-17 12:50:00,13.714
2016-09-17 13:00:00,13.738
2016-09-17 13:10:00,13.642
2016-09-17 13:20:00,13.642
2016-09-17 13:30:00,13.714
2016-09-17 13:40:00,13.738
2016-09-17 13:50:00,13.69
2016-09-17 14:00:00,13.666
2016-09-17 14:10:00,13.618
2016-09-17 14:20:00,13.642
2016-09-17 14:30:00,13.93
2016-09-17 14:40:00,14.026
2016-09-17 14:50:00,14.314
2016-09-17 15:00:00,14.409
2016-09-17 15:10:00,14.457
2016-09-17 15:20:00,14.481
2016-09-17 15:30:00,14.481
2016-09-17 15:40:00,14.457
2016-09-17 15:50:00,14.768
2016-09-17 16:00:00,14.864
2016-09-17 16:10:00,14.936
2016-09-17 16:20:00,14.984
2016-09-17 16:30:00,14.96
2016-09-17 16:40:00,14.888
2016-09-17 16:50:00,14.864
2016-09-17 17:00:00,15.055
2016-09-17 17:10:00,14.888
2016-09-17 17:20:00,14.84
2016-09-17 17:30:00,14.936
2016-09-17 17:40:00,14.864
2016-09-17 17:50:00,14.697
2016-09-17 18:00:00,14.697
2016-09-17 18:10:00,14.768
2016-09-17 18:20:00,14.84
2016-09-17 18:30:00,14.84
2016-09-17 18:40:00,14.912
2016-09-17 18:50:00,14.912
2016-09-17 19:00:00,14.936
2016-09-17 19:10:00,14.984
2016-09-17 19:20:00,15.079
2016-09-17 19:30:00,15.103
2016-09-17 19:40:00,15.223
2016-09-17 19:50:00,15.175
2016-09-17 20:00:00,15.175
2016-09-17 20:10:00,15.223
2016-09-17 20:20:00,15.103
2016-09-17 20:30:00,15.151
2016-09-17 20:40:00,15.151
2016-09-17 20:50:00,15.294
2016-09-17 21:00:00,15.366
2016-09-17 21:10:00,15.843
2016-09-17 21:20:00,15.986
2016-09-17 21:30:00,16.582
2016-09-17 21:40:00,18.937
2016-09-17 21:50:00,20.15
2016-09-17 22:00:00,21.461
2016-09-17 22:10:00,22.393
2016-09-17 22:20:00,21.604
2016-09-17 22:30:00,20.793
2016-09-17 22:40:00,20.341
2016-09-17 22:50:00,20.198
2016-09-17 23:00:00,20.103
2016-09-17 23:10:00,20.246
2016-09-17 23:20:00,19.912
2016-09-17 23:30:00,19.27
2016-09-17 23:40:00,19.793
2016-09-17 23:50:00,20.365
2016-09-18 00:00:00,19.746
2016-09-18 00:10:00,19.222
2016-09-18 00:20:00,19.056
2016-09-18 00:30:00,18.675
2016-09-18 00:40:00,17.915
2016-09-18 00:50:00,17.368
2016-09-18 01:00:00,17.13
2016-09-18 01:10:00,16.963
2016-09-18 01:20:00,16.582
2016-09-18 01:30:00,16.487
2016-09-18 01:40:00,16.32
2016-09-18 01:50:00,16.082
2016-09-18 02:00:00,15.796
2016-09-18 02:10:00,15.509
2016-09-18 02:20:00,15.199
2016-09-18 02:30:00,15.008
2016-09-18 02:40:00,14.984
2016-09-18 02:50:00,15.151
2016-09-18 03:00:00,14.984
2016-09-18 03:10:00,14.888
2016-09-18 03:20:00,14.768
2016-09-18 03:30:00,14.673
2016-09-18 03:40:00,14.649
2016-09-18 03:50:00,14.601
2016-09-18 04:00:00,14.553
2016-09-18 04:10:00,14.529
2016-09-18 04:20:00,14.505
2016-09-18 04:30:00,14.481
2016-09-18 04:40:00,14.457
2016-09-18 04:50:00,14.433
2016-09-18 05:00:00,14.409
2016-09-18 05:10:00,14.361
2016-09-18 05:20:00,14.314
2016-09-18 05:30:00,14.29
2016-09-18 05:40:00,14.266
2016-09-18 05:50:00,14.266
2016-09-18 06:00:00,14.314
2016-09-18 06:10:00,14.361
2016-09-18 06:20:00,14.361
2016-09-18 06:30:00,14.433
2016-09-18 06:40:00,14.433
2016-09-18 06:50:00,14.385
2016-09-18 07:00:00,14.385
2016-09-18 07:10:00,14.361
2016-09-18 07:20:00,14.314
2016-09-18 07:30:00,14.314
2016-09-18 07:40:00,14.29
2016-09-18 07:50:00,14.266
2016-09-18 08:00:00,14.218
2016-09-18 08:10:00,14.218
2016-09-18 08:20:00,14.218
2016-09-18 08:30:00,14.218
2016-09-18 08:40:00,14.218
2016-09-18 08:50:00,14.194
2016-09-18 09:00:00,14.17
2016-09-18 09:10:00,14.17
2016-09-18 09:20:00,14.146
2016-09-18 09:30:00,14.026
2016-09-18 09:40:00,14.05
2016-09-18 09:50:00,13.978
2016-09-18 10:00:00,13.666
2016-09-18 10:10:00,13.04
2016-09-18 10:20:00,12.703
2016-09-18 10:30:00,12.727
2016-09-18 10:40:00,12.606
2016-09-18 10:50:00,12.316
2016-09-18 11:00:00,12.05
2016-09-18 11:10:00,11.807
2016-09-18 11:20:00,11.613
2016-09-18 11:30:00,11.443
2016-09-18 11:40:00,11.321
2016-09-18 11:50:00,11.102
2016-09-18 12:00:00,10.907
2016-09-18 12:10:00,10.712
2016-09-18 12:20:00,10.541
2016-09-18 12:30:00,10.467
2016-09-18 12:40:00,10.394
2016-09-18 12:50:00,10.492
2016-09-18 13:00:00,10.883
2016-09-18 13:10:00,11.053
2016-09-18 13:20:00,11.127
2016-09-18 13:30:00,11.2
2016-09-18 13:40:00,11.151
2016-09-18 13:50:00,11.248
2016-09-18 14:00:00,11.321
2016-09-18 14:10:00,11.346
2016-09-18 14:20:00,11.467
2016-09-18 14:30:00,11.88
2016-09-18 14:40:00,12.485
2016-09-18 14:50:00,13.064
2016-09-18 15:00:00,13.738
2016-09-18 15:10:00,13.978
2016-09-18 15:20:00,14.194
2016-09-18 15:30:00,14.625
2016-09-18 15:40:00,14.816
2016-09-18 15:50:00,14.745
2016-09-18 16:00:00,14.745
2016-09-18 16:10:00,14.673
2016-09-18 16:20:00,14.864
2016-09-18 16:30:00,14.768
2016-09-18 16:40:00,14.84
2016-09-18 16:50:00,14.745
2016-09-18 17:00:00,14.768
2016-09-18 17:10:00,14.721
2016-09-18 17:20:00,14.864
2016-09-18 17:30:00,14.936
2016-09-18 17:40:00,14.864
2016-09-18 17:50:00,14.697
2016-09-18 18:00:00,14.745
2016-09-18 18:10:00,14.792
2016-09-18 18:20:00,14.84
2016-09-18 18:30:00,14.96
2016-09-18 18:40:00,14.864
2016-09-18 18:50:00,14.936
2016-09-18 19:00:00,14.936
2016-09-18 19:10:00,14.984
2016-09-18 19:20:00,15.031
2016-09-18 19:30:00,15.079
2016-09-18 19:40:00,15.008
2016-09-18 19:50:00,15.031
2016-09-18 20:00:00,15.103
2016-09-18 20:10:00,15.079
2016-09-18 20:20:00,14.96
2016-09-18 20:30:00,14.984
2016-09-18 20:40:00,15.031
2016-09-18 20:50:00,15.079
2016-09-18 21:00:00,15.175
2016-09-18 21:10:00,15.127
2016-09-18 21:20:00,15.151
2016-09-18 21:30:00,15.199
2016-09-18 21:40:00,15.27
2016-09-18 21:50:00,15.509
2016-09-18 22:00:00,15.629
2016-09-18 22:10:00,15.867
2016-09-18 22:20:00,16.701
2016-09-18 22:30:00,17.51
2016-09-18 22:40:00,18.628
2016-09-18 22:50:00,19.984
2016-09-18 23:00:00,21.103
2016-09-18 23:10:00,21.963
2016-09-18 23:20:00,22.298
2016-09-18 23:30:00,21.963
2016-09-18 23:40:00,21.7
2016-09-18 23:50:00,21.509
2016-09-19 00:00:00,21.151
2016-09-19 00:10:00,20.698
2016-09-19 00:20:00,20.198
2016-09-19 00:30:00,19.746
2016-09-19 00:40:00,19.222
2016-09-19 00:50:00,18.842
2016-09-19 01:00:00,18.414
2016-09-19 01:10:00,18.033
2016-09-19 01:20:00,17.605
2016-09-19 01:30:00,17.201
2016-09-19 01:40:00,16.844
2016-09-19 01:50:00,16.511
2016-09-19 02:00:00,16.201
2016-09-19 02:10:00,15.915
2016-09-19 02:20:00,15.676
2016-09-19 02:30:00,15.485
2016-09-19 02:40:00,15.199
2016-09-19 02:50:00,15.008
2016-09-19 03:00:00,14.84
2016-09-19 03:10:00,14.745
2016-09-19 03:20:00,14.649
2016-09-19 03:30:00,14.505
2016-09-19 03:40:00,14.481
2016-09-19 03:50:00,14.481
2016-09-19 04:00:00,14.936
2016-09-19 04:10:00,14.888
2016-09-19 04:20:00,14.816
2016-09-19 04:30:00,14.745
2016-09-19 04:40:00,14.697
2016-09-19 04:50:00,14.697
2016-09-19 05:00:00,14.649
2016-09-19 05:10:00,14.649
2016-09-19 05:20:00,14.625
2016-09-19 05:30:00,14.625
2016-09-19 05:40:00,14.625
2016-09-19 05:50:00,14.649
2016-09-19 06:00:00,14.649
2016-09-19 06:10:00,14.649
2016-09-19 06:20:00,14.625
2016-09-19 06:30:00,14.625
2016-09-19 06:40:00,14.625
2016-09-19 06:50:00,14.601
2016-09-19 07:00:00,14.577
2016-09-19 07:10:00,14.577
2016-09-19 07:20:00,14.553
2016-09-19 07:30:00,14.577
2016-09-19 07:40:00,14.577
2016-09-19 07:50:00,14.577
2016-09-19 08:00:00,14.601
2016-09-19 08:10:00,14.601
2016-09-19 08:20:00,14.601
2016-09-19 08:30:00,14.625
2016-09-19 08:40:00,14.625
2016-09-19 08:50:00,14.625
2016-09-19 09:00:00,14.649
2016-09-19 09:10:00,14.649
2016-09-19 09:20:00,14.673
2016-09-19 09:30:00,14.673
2016-09-19 09:40:00,14.673
2016-09-19 09:50:00,14.649
2016-09-19 10:00:00,14.673
2016-09-19 10:10:00,14.673
2016-09-19 10:20:00,14.577
2016-09-19 10:30:00,14.457
2016-09-19 10:40:00,14.385
2016-09-19 10:50:00,13.978
2016-09-19 11:00:00,13.666
2016-09-19 11:10:00,13.377
2016-09-19 11:20:00,13.209
2016-09-19 11:30:00,13.064
2016-09-19 11:40:00,12.92
2016-09-19 11:50:00,12.823
2016-09-19 12:00:00,12.751
2016-09-19 12:10:00,12.775
2016-09-19 12:20:00,12.823
2016-09-19 12:30:00,12.727
2016-09-19 12:40:00,12.968
2016-09-19 12:50:00,13.377
2016-09-19 13:00:00,13.642
2016-09-19 13:10:00,13.81
2016-09-19 13:20:00,13.81
2016-09-19 13:30:00,13.594
2016-09-19 13:40:00,13.594
2016-09-19 13:50:00,13.69
2016-09-19 14:00:00,13.882
2016-09-19 14:10:00,14.098
2016-09-19 14:20:00,14.29
2016-09-19 14:30:00,14.481
2016-09-19 14:40:00,14.649
2016-09-19 14:50:00,14.864
2016-09-19 15:00:00,15.175
2016-09-19 15:10:00,15.079
2016-09-19 15:20:00,14.864
2016-09-19 15:30:00,14.697
2016-09-19 15:40:00,14.792
2016-09-19 15:50:00,14.745
2016-09-19 16:00:00,15.223
2016-09-19 16:10:00,15.318
2016-09-19 16:20:00,15.223
2016-09-19 16:30:00,15.27
2016-09-19 16:40:00,14.96
2016-09-19 16:50:00,15.079
2016-09-19 17:00:00,14.912
2016-09-19 17:10:00,15.103
2016-09-19 17:20:00,15.151
2016-09-19 17:30:00,15.366
2016-09-19 17:40:00,15.485
2016-09-19 17:50:00,15.485
2016-09-19 18:00:00,15.581
2016-09-19 18:10:00,15.676
2016-09-19 18:20:00,15.581
2016-09-19 18:30:00,15.509
2016-09-19 18:40:00,15.414
2016-09-19 18:50:00,15.461
2016-09-19 19:00:00,15.509
2016-09-19 19:10:00,15.414
2016-09-19 19:20:00,15.438
2016-09-19 19:30:00,15.438
2016-09-19 19:40:00,15.605
2016-09-19 19:50:00,15.629
2016-09-19 20:00:00,15.676
2016-09-19 20:10:00,15.652
2016-09-19 20:20:00,15.652
2016-09-19 20:30:00,15.7
2016-09-19 20:40:00,15.724
2016-09-19 20:50:00,15.724
2016-09-19 21:00:00,15.7
2016-09-19 21:10:00,15.772
2016-09-19 21:20:00,15.652
2016-09-19 21:30:00,15.581
2016-09-19 21:40:00,15.557
2016-09-19 21:50:00,15.557
2016-09-19 22:00:00,15.509
2016-09-19 22:10:00,15.438
2016-09-19 22:20:00,15.438
2016-09-19 22:30:00,15.438
2016-09-19 22:40:00,15.461
2016-09-19 22:50:00,15.461
2016-09-19 23:00:00,15.509
2016-09-19 23:10:00,15.605
2016-09-19 23:20:00,15.915
2016-09-19 23:30:00,16.201
2016-09-19 23:40:00,16.368
2016-09-19 23:50:00,16.534
2016-09-20 00:00:00,16.534
2016-09-20 00:10:00,16.534
2016-09-20 00:20:00,16.463
2016-09-20 00:30:00,16.392
2016-09-20 00:40:00,16.32
2016-09-20 00:50:00,16.201
2016-09-20 01:00:00,16.129
2016-09-20 01:10:00,16.058
2016-09-20 01:20:00,16.01
2016-09-20 01:30:00,15.939
2016-09-20 01:40:00,15.867
2016-09-20 01:50:00,15.843
2016-09-20 02:00:00,15.772
2016-09-20 02:10:00,15.629
2016-09-20 02:20:00,15.581
2016-09-20 02:30:00,15.557
2016-09-20 02:40:00,15.557
2016-09-20 02:50:00,15.581
2016-09-20 03:00:00,15.581
2016-09-20 03:10:00,15.581
2016-09-20 03:20:00,15.557
2016-09-20 03:30:00,15.533
2016-09-20 03:40:00,15.461
2016-09-20 03:50:00,15.366
2016-09-20 04:00:00,15.247
2016-09-20 04:10:00,15.127
2016-09-20 04:20:00,14.96
2016-09-20 04:30:00,15.031
2016-09-20 04:40:00,15.079
2016-09-20 04:50:00,15.27
2016-09-20 05:00:00,15.557
2016-09-20 05:10:00,15.796
2016-09-20 05:20:00,15.939
2016-09-20 05:30:00,16.01
2016-09-20 05:40:00,16.058
2016-09-20 05:50:00,16.177
2016-09-20 06:00:00,16.225
2016-09-20 06:10:00,16.249
2016-09-20 06:20:00,16.296
2016-09-20 06:30:00,16.368
2016-09-20 06:40:00,16.368
2016-09-20 06:50:00,16.415
2016-09-20 07:00:00,16.415
2016-09-20 07:10:00,16.439
2016-09-20 07:20:00,16.439
2016-09-20 07:30:00,16.439
2016-09-20 07:40:00,16.463
2016-09-20 07:50:00,16.463
2016-09-20 08:00:00,16.463
2016-09-20 08:10:00,16.463
2016-09-20 08:20:00,16.463
2016-09-20 08:30:00,16.463
2016-09-20 08:40:00,16.463
2016-09-20 08:50:00,16.439
2016-09-20 09:00:00,16.439
2016-09-20 09:10:00,16.415
2016-09-20 09:20:00,16.415
2016-09-20 09:30:00,16.439
2016-09-20 09:40:00,16.415
2016-09-20 09:50:00,16.439
2016-09-20 10:00:00,16.439
2016-09-20 10:10:00,16.415
2016-09-20 10:20:00,16.415
2016-09-20 10:30:00,16.415
2016-09-20 10:40:00,16.415
2016-09-20 10:50:00,16.415
2016-09-20 11:00:00,16.392
2016-09-20 11:10:00,16.368
2016-09-20 11:20:00,16.344
2016-09-20 11:30:00,16.296
2016-09-20 11:40:00,16.296
2016-09-20 11:50:00,16.082
2016-09-20 12:00:00,15.796
2016-09-20 12:10:00,15.819
2016-09-20 12:20:00,15.652
2016-09-20 12:30:00,15.581
2016-09-20 12:40:00,15.557
2016-09-20 12:50:00,15.509
2016-09-20 13:00:00,15.461
2016-09-20 13:10:00,15.414
2016-09-20 13:20:00,15.294
2016-09-20 13:30:00,15.294
2016-09-20 13:40:00,15.27
2016-09-20 13:50:00,15.223
2016-09-20 14:00:00,15.127
2016-09-20 14:10:00,15.127
2016-09-20 14:20:00,15.151
2016-09-20 14:30:00,15.199
2016-09-20 14:40:00,15.342
2016-09-20 14:50:00,16.082
2016-09-20 15:00:00,16.773
2016-09-20 15:10:00,17.011
2016-09-20 15:20:00,17.463
2016-09-20 15:30:00,17.843
2016-09-20 15:40:00,17.13
2016-09-20 15:50:00,17.034
2016-09-20 16:00:00,17.034
2016-09-20 16:10:00,17.034
2016-09-20 16:20:00,16.987
2016-09-20 16:30:00,17.011
2016-09-20 16:40:00,17.225
2016-09-20 16:50:00,17.272
2016-09-20 17:00:00,17.201
2016-09-20 17:10:00,17.201
2016-09-20 17:20:00,17.32
2016-09-20 17:30:00,17.415
2016-09-20 17:40:00,17.368
2016-09-20 17:50:00,17.296
2016-09-20 18:00:00,17.439
2016-09-20 18:10:00,16.987
2016-09-20 18:20:00,16.915
2016-09-20 18:30:00,16.915
2016-09-20 18:40:00,16.892
2016-09-20 18:50:00,16.915
2016-09-20 19:00:00,16.939
2016-09-20 19:10:00,16.939
2016-09-20 19:20:00,16.963
2016-09-20 19:30:00,17.011
2016-09-20 19:40:00,17.058
2016-09-20 19:50:00,17.082
2016-09-20 20:00:00,17.13
2016-09-20 20:10:00,17.153
2016-09-20 20:20:00,17.296
2016-09-20 20:30:00,17.249
2016-09-20 20:40:00,17.272
2016-09-20 20:50:00,17.32
2016-09-20 21:00:00,17.32
2016-09-20 21:10:00,17.344
2016-09-20 21:20:00,17.344
2016-09-20 21:30:00,17.368
2016-09-20 21:40:00,17.368
2016-09-20 21:50:00,17.368
2016-09-20 22:00:00,17.391
2016-09-20 22:10:00,17.415
2016-09-20 22:20:00,17.415
2016-09-20 22:30:00,17.391
2016-09-20 22:40:00,17.463
2016-09-20 22:50:00,17.463
2016-09-20 23:00:00,17.486
2016-09-20 23:10:00,17.486
2016-09-20 23:20:00,17.486
2016-09-20 23:30:00,17.558
2016-09-20 23:40:00,17.534
2016-09-20 23:50:00,17.486
2016-09-21 00:00:00,17.51
2016-09-21 00:10:00,17.486
2016-09-21 00:20:00,17.605
2016-09-21 00:30:00,17.582
2016-09-21 00:40:00,17.558
2016-09-21 00:50:00,17.486
2016-09-21 01:00:00,17.391
2016-09-21 01:10:00,17.272
2016-09-21 01:20:00,17.106
2016-09-21 01:30:00,16.939
2016-09-21 01:40:00,16.796
2016-09-21 01:50:00,16.654
2016-09-21 02:00:00,16.511
2016-09-21 02:10:00,16.415
2016-09-21 02:20:00,16.32
2016-09-21 02:30:00,16.177
2016-09-21 02:40:00,16.129
2016-09-21 02:50:00,16.082
2016-09-21 03:00:00,16.034
2016-09-21 03:10:00,16.01
2016-09-21 03:20:00,15.963
2016-09-21 03:30:00,15.939
2016-09-21 03:40:00,15.891
2016-09-21 03:50:00,15.891
2016-09-21 04:00:00,15.891
2016-09-21 04:10:00,15.891
2016-09-21 04:20:00,15.891
2016-09-21 04:30:00,15.867
2016-09-21 04:40:00,15.796
2016-09-21 04:50:00,15.772
2016-09-21 05:00:00,15.748
2016-09-21 05:10:00,15.748
2016-09-21 05:20:00,15.772
2016-09-21 05:30:00,15.772
2016-09-21 05:40:00,15.772
2016-09-21 05:50:00,15.772
2016-09-21 06:00:00,15.843
2016-09-21 06:10:00,15.891
2016-09-21 06:20:00,16.272
2016-09-21 06:30:00,16.439
2016-09-21 06:40:00,16.463
2016-09-21 06:50:00,16.487
2016-09-21 07:00:00,16.487
2016-09-21 07:10:00,16.487
2016-09-21 07:20:00,16.511
2016-09-21 07:30:00,16.487
2016-09-21 07:40:00,16.487
2016-09-21 07:50:00,16.463
2016-09-21 08:00:00,16.439
2016-09-21 08:10:00,16.439
2016-09-21 08:20:00,16.415
2016-09-21 08:30:00,16.415
2016-09-21 08:40:00,16.344
2016-09-21 08:50:00,16.344
2016-09-21 09:00:00,16.32
2016-09-21 09:10:00,16.32
2016-09-21 09:20:00,16.296
2016-09-21 09:30:00,16.272
2016-09-21 09:40:00,16.249
2016-09-21 09:50:00,16.249
2016-09-21 10:00:00,16.225
2016-09-21 10:10:00,16.225
2016-09-21 10:20:00,16.225
2016-09-21 10:30:00,16.201
2016-09-21 10:40:00,16.201
2016-09-21 10:50:00,16.201
2016-09-21 11:00:00,16.201
2016-09-21 11:10:00,16.201
2016-09-21 11:20:00,16.225
2016-09-21 11:30:00,16.225
2016-09-21 11:40:00,16.225
2016-09-21 11:50:00,16.249
2016-09-21 12:00:00,16.249
2016-09-21 12:10:00,16.272
2016-09-21 12:20:00,16.272
2016-09-21 12:30:00,16.272
2016-09-21 12:40:00,16.272
2016-09-21 12:50:00,16.272
2016-09-21 13:00:00,16.272
2016-09-21 13:10:00,16.225
2016-09-21 13:20:00,16.225
2016-09-21 13:30:00,15.939
2016-09-21 13:40:00,15.772
2016-09-21 13:50:00,15.652
2016-09-21 14:00:00,15.652
2016-09-21 14:10:00,15.843
2016-09-21 14:20:00,15.748
2016-09-21 14:30:00,15.724
2016-09-21 14:40:00,15.772
2016-09-21 14:50:00,15.843
2016-09-21 15:00:00,15.891
2016-09-21 15:10:00,16.058
2016-09-21 15:20:00,16.082
2016-09-21 15:30:00,16.225
2016-09-21 15:40:00,16.32
2016-09-21 15:50:00,16.368
2016-09-21 16:00:00,16.392
2016-09-21 16:10:00,16.487
2016-09-21 16:20:00,16.534
2016-09-21 16:30:00,16.558
2016-09-21 16:40:00,16.63
2016-09-21 16:50:00,16.654
2016-09-21 17:00:00,16.677
2016-09-21 17:10:00,16.773
2016-09-21 17:20:00,16.939
2016-09-21 17:30:00,16.915
2016-09-21 17:40:00,16.749
2016-09-21 17:50:00,16.796
2016-09-21 18:00:00,16.725
2016-09-21 18:10:00,16.701
2016-09-21 18:20:00,16.725
2016-09-21 18:30:00,16.701
2016-09-21 18:40:00,16.749
2016-09-21 18:50:00,16.725
2016-09-21 19:00:00,16.749
2016-09-21 19:10:00,16.82
2016-09-21 19:20:00,16.773
2016-09-21 19:30:00,16.844
2016-09-21 19:40:00,16.773
2016-09-21 19:50:00,16.796
2016-09-21 20:00:00,16.844
2016-09-21 20:10:00,16.725
2016-09-21 20:20:00,16.796
2016-09-21 20:30:00,16.82
2016-09-21 20:40:00,16.844
2016-09-21 20:50:00,16.868
2016-09-21 21:00:00,17.034
2016-09-21 21:10:00,17.106
2016-09-21 21:20:00,17.106
2016-09-21 21:30:00,17.082
2016-09-21 21:40:00,17.153
2016-09-21 21:50:00,17.106
2016-09-21 22:00:00,17.106
2016-09-21 22:10:00,17.153
2016-09-21 22:20:00,17.106
2016-09-21 22:30:00,17.153
2016-09-21 22:40:00,17.201
2016-09-21 22:50:00,17.177
2016-09-21 23:00:00,17.13
2016-09-21 23:10:00,17.153
2016-09-21 23:20:00,17.011
2016-09-21 23:30:00,17.13
2016-09-21 23:40:00,17.177
2016-09-21 23:50:00,17.201
2016-09-22 00:00:00,17.201
2016-09-22 00:10:00,17.201
2016-09-22 00:20:00,17.177
2016-09-22 00:30:00,17.153
2016-09-22 00:40:00,17.13
2016-09-22 00:50:00,17.082
2016-09-22 01:00:00,17.058
2016-09-22 01:10:00,16.963
2016-09-22 01:20:00,16.868
2016-09-22 01:30:00,16.368
2016-09-22 01:40:00,16.129
2016-09-22 01:50:00,15.891
2016-09-22 02:00:00,15.581
2016-09-22 02:10:00,15.342
2016-09-22 02:20:00,15.175
2016-09-22 02:30:00,15.031
2016-09-22 02:40:00,14.936
2016-09-22 02:50:00,14.864
2016-09-22 03:00:00,14.792
2016-09-22 03:10:00,14.721
2016-09-22 03:20:00,14.649
2016-09-22 03:30:00,14.601
2016-09-22 03:40:00,14.553
2016-09-22 03:50:00,14.505
2016-09-22 04:00:00,14.457
2016-09-22 04:10:00,14.385
2016-09-22 04:20:00,14.337
2016-09-22 04:30:00,14.314
2016-09-22 04:40:00,14.266
2016-09-22 04:50:00,14.266
2016-09-22 05:00:00,14.194
2016-09-22 05:10:00,14.146
2016-09-22 05:20:00,14.122
2016-09-22 05:30:00,14.074
2016-09-22 05:40:00,14.05
2016-09-22 05:50:00,14.026
2016-09-22 06:00:00,14.002
2016-09-22 06:10:00,14.002
2016-09-22 06:20:00,14.05
2016-09-22 06:30:00,14.026
2016-09-22 06:40:00,13.93
2016-09-22 06:50:00,13.834
2016-09-22 07:00:00,13.882
2016-09-22 07:10:00,13.834
2016-09-22 07:20:00,14.002
2016-09-22 07:30:00,14.002
2016-09-22 07:40:00,15.175
2016-09-22 07:50:00,15.509
2016-09-22 08:00:00,15.724
2016-09-22 08:10:00,15.939
2016-09-22 08:20:00,15.963
2016-09-22 08:30:00,15.986
2016-09-22 08:40:00,16.058
2016-09-22 08:50:00,16.034
2016-09-22 09:00:00,16.058
2016-09-22 09:10:00,16.034
2016-09-22 09:20:00,16.034
2016-09-22 09:30:00,15.986
2016-09-22 09:40:00,15.986
2016-09-22 09:50:00,15.963
2016-09-22 10:00:00,15.939
2016-09-22 10:10:00,15.915
2016-09-22 10:20:00,15.891
2016-09-22 10:30:00,15.891
2016-09-22 10:40:00,15.891
2016-09-22 10:50:00,15.867
2016-09-22 11:00:00,15.867
2016-09-22 11:10:00,15.843
2016-09-22 11:20:00,15.843
2016-09-22 11:30:00,15.819
2016-09-22 11:40:00,15.819
2016-09-22 11:50:00,15.796
2016-09-22 12:00:00,15.772
2016-09-22 12:10:00,15.748
2016-09-22 12:20:00,15.748
2016-09-22 12:30:00,15.724
2016-09-22 12:40:00,15.724
2016-09-22 12:50:00,15.676
2016-09-22 13:00:00,15.652
2016-09-22 13:10:00,15.629
2016-09-22 13:20:00,15.605
2016-09-22 13:30:00,15.581
2016-09-22 13:40:00,15.533
2016-09-22 13:50:00,15.461
2016-09-22 14:00:00,15.485
2016-09-22 14:10:00,15.485
2016-09-22 14:20:00,15.509
2016-09-22 14:30:00,15.485
2016-09-22 14:40:00,15.533
2016-09-22 14:50:00,15.605
2016-09-22 15:00:00,15.629
2016-09-22 15:10:00,15.748
2016-09-22 15:20:00,15.963
2016-09-22 15:30:00,15.939
2016-09-22 15:40:00,16.201
2016-09-22 15:50:00,16.439
2016-09-22 16:00:00,16.463
2016-09-22 16:10:00,16.773
2016-09-22 16:20:00,16.915
2016-09-22 16:30:00,16.939
2016-09-22 16:40:00,16.963
2016-09-22 16:50:00,16.915
2016-09-22 17:00:00,16.844
2016-09-22 17:10:00,16.725
2016-09-22 17:20:00,17.011
2016-09-22 17:30:00,16.796
2016-09-22 17:40:00,16.725
2016-09-22 17:50:00,16.368
2016-09-22 18:00:00,16.463
2016-09-22 18:10:00,16.415
2016-09-22 18:20:00,16.296
2016-09-22 18:30:00,16.32
2016-09-22 18:40:00,16.177
2016-09-22 18:50:00,16.129
2016-09-22 19:00:00,16.082
2016-09-22 19:10:00,16.058
2016-09-22 19:20:00,16.058
2016-09-22 19:30:00,16.082
2016-09-22 19:40:00,16.058
2016-09-22 19:50:00,16.058
2016-09-22 20:00:00,16.082
2016-09-22 20:10:00,16.082
2016-09-22 20:20:00,16.106
2016-09-22 20:30:00,16.082
2016-09-22 20:40:00,16.106
2016-09-22 20:50:00,16.129
2016-09-22 21:00:00,16.153
2016-09-22 21:10:00,16.177
2016-09-22 21:20:00,16.225
2016-09-22 21:30:00,16.249
2016-09-22 21:40:00,16.272
2016-09-22 21:50:00,16.272
2016-09-22 22:00:00,16.296
2016-09-22 22:10:00,16.32
2016-09-22 22:20:00,16.344
2016-09-22 22:30:00,16.32
2016-09-22 22:40:00,16.368
2016-09-22 22:50:00,16.392
2016-09-22 23:00:00,16.32
2016-09-22 23:10:00,16.32
2016-09-22 23:20:00,16.32
2016-09-22 23:30:00,16.32
2016-09-22 23:40:00,16.344
2016-09-22 23:50:00,16.344
2016-09-23 00:00:00,16.368
2016-09-23 00:10:00,16.368
2016-09-23 00:20:00,16.368
2016-09-23 00:30:00,16.392
2016-09-23 00:40:00,16.392
2016-09-23 00:50:00,16.392
2016-09-23 01:00:00,16.368
2016-09-23 01:10:00,16.368
2016-09-23 01:20:00,16.344
2016-09-23 01:30:00,16.32
2016-09-23 01:40:00,16.272
2016-09-23 01:50:00,16.177
2016-09-23 02:00:00,16.201
2016-09-23 02:10:00,16.082
2016-09-23 02:20:00,15.843
2016-09-23 02:30:00,15.485
2016-09-23 02:40:00,15.008
2016-09-23 02:50:00,14.96
2016-09-23 03:00:00,14.864
2016-09-23 03:10:00,14.457
2016-09-23 03:20:00,14.242
2016-09-23 03:30:00,14.098
2016-09-23 03:40:00,13.978
2016-09-23 03:50:00,13.882
2016-09-23 04:00:00,13.786
2016-09-23 04:10:00,13.714
2016-09-23 04:20:00,13.642
2016-09-23 04:30:00,13.618
2016-09-23 04:40:00,13.57
2016-09-23 04:50:00,13.522
2016-09-23 05:00:00,13.473
2016-09-23 05:10:00,13.425
2016-09-23 05:20:00,13.377
2016-09-23 05:30:00,13.353
2016-09-23 05:40:00,13.329
2016-09-23 05:50:00,13.257
2016-09-23 06:00:00,13.185
2016-09-23 06:10:00,13.161
2016-09-23 06:20:00,13.137
2016-09-23 06:30:00,13.112
2016-09-23 06:40:00,13.064
2016-09-23 06:50:00,13.04
2016-09-23 07:00:00,13.016
2016-09-23 07:10:00,12.944
2016-09-23 07:20:00,12.871
2016-09-23 07:30:00,12.775
2016-09-23 07:40:00,12.703
2016-09-23 07:50:00,12.654
2016-09-23 08:00:00,12.606
2016-09-23 08:10:00,12.534
2016-09-23 08:20:00,12.534
2016-09-23 08:30:00,12.437
2016-09-23 08:40:00,12.775
2016-09-23 08:50:00,13.377
2016-09-23 09:00:00,13.305
2016-09-23 09:10:00,13.209
2016-09-23 09:20:00,13.618
2016-09-23 09:30:00,13.738
2016-09-23 09:40:00,14.074
2016-09-23 09:50:00,14.122
2016-09-23 10:00:00,14.218
2016-09-23 10:10:00,14.242
2016-09-23 10:20:00,14.17
2016-09-23 10:30:00,14.098
2016-09-23 10:40:00,14.05
2016-09-23 10:50:00,14.074
2016-09-23 11:00:00,14.026
2016-09-23 11:10:00,13.978
2016-09-23 11:20:00,13.93
2016-09-23 11:30:00,13.882
2016-09-23 11:40:00,13.81
2016-09-23 11:50:00,13.81
2016-09-23 12:00:00,13.786
2016-09-23 12:10:00,13.762
2016-09-23 12:20:00,13.714
2016-09-23 12:30:00,13.69
2016-09-23 12:40:00,13.666
2016-09-23 12:50:00,13.642
2016-09-23 13:00:00,13.642
2016-09-23 13:10:00,13.642
2016-09-23 13:20:00,13.666
2016-09-23 13:30:00,13.666
2016-09-23 13:40:00,13.666
2016-09-23 13:50:00,13.642
2016-09-23 14:00:00,13.642
2016-09-23 14:10:00,13.642
2016-09-23 14:20:00,13.618
2016-09-23 14:30:00,13.618
2016-09-23 14:40:00,13.618
2016-09-23 14:50:00,13.642
2016-09-23 15:00:00,13.666
2016-09-23 15:10:00,13.69
2016-09-23 15:20:00,13.69
2016-09-23 15:30:00,13.738
2016-09-23 15:40:00,13.81
2016-09-23 15:50:00,13.882
2016-09-23 16:00:00,13.93
2016-09-23 16:10:00,14.05
2016-09-23 16:20:00,14.17
2016-09-23 16:30:00,14.84
2016-09-23 16:40:00,15.008
2016-09-23 16:50:00,14.745
2016-09-23 17:00:00,14.457
2016-09-23 17:10:00,14.745
2016-09-23 17:20:00,15.605
2016-09-23 17:30:00,15.318
2016-09-23 17:40:00,14.912
2016-09-23 17:50:00,15.223
2016-09-23 18:00:00,15.557
2016-09-23 18:10:00,15.39
2016-09-23 18:20:00,15.223
2016-09-23 18:30:00,15.342
2016-09-23 18:40:00,15.318
2016-09-23 18:50:00,15.151
2016-09-23 19:00:00,15.366
2016-09-23 19:10:00,14.984
2016-09-23 19:20:00,15.008
2016-09-23 19:30:00,14.888
2016-09-23 19:40:00,14.864
2016-09-23 19:50:00,14.792
2016-09-23 20:00:00,14.625
2016-09-23 20:10:00,14.745
2016-09-23 20:20:00,14.768
2016-09-23 20:30:00,14.697
2016-09-23 20:40:00,14.673
2016-09-23 20:50:00,14.697
2016-09-23 21:00:00,14.673
2016-09-23 21:10:00,14.673
2016-09-23 21:20:00,14.697
2016-09-23 21:30:00,14.649
2016-09-23 21:40:00,14.697
2016-09-23 21:50:00,14.697
2016-09-23 22:00:00,14.649
2016-09-23 22:10:00,14.649
2016-09-23 22:20:00,14.649
2016-09-23 22:30:00,14.601
2016-09-23 22:40:00,14.601
2016-09-23 22:50:00,14.625
2016-09-23 23:00:00,14.649
2016-09-23 23:10:00,14.649
2016-09-23 23:20:00,14.649
2016-09-23 23:30:00,14.649
2016-09-23 23:40:00,14.649
2016-09-23 23:50:00,14.601
2016-09-24 00:00:00,14.601
2016-09-24 00:10:00,14.577
2016-09-24 00:20:00,14.505
2016-09-24 00:30:00,14.481
2016-09-24 00:40:00,14.433
2016-09-24 00:50:00,14.457
2016-09-24 01:00:00,14.457
2016-09-24 01:10:00,14.481
2016-09-24 01:20:00,14.529
2016-09-24 01:30:00,14.553
2016-09-24 01:40:00,14.553
2016-09-24 01:50:00,14.529
2016-09-24 02:00:00,14.553
2016-09-24 02:10:00,14.553
2016-09-24 02:20:00,14.553
2016-09-24 02:30:00,14.577
2016-09-24 02:40:00,14.577
2016-09-24 02:50:00,14.529
2016-09-24 03:00:00,14.529
2016-09-24 03:10:00,14.481
2016-09-24 03:20:00,14.361
2016-09-24 03:30:00,13.978
2016-09-24 03:40:00,13.906
2016-09-24 03:50:00,13.834
2016-09-24 04:00:00,13.594
2016-09-24 04:10:00,13.401
2016-09-24 04:20:00,13.233
2016-09-24 04:30:00,13.088
2016-09-24 04:40:00,12.968
2016-09-24 04:50:00,12.896
2016-09-24 05:00:00,12.751
2016-09-24 05:10:00,12.63
2016-09-24 05:20:00,12.509
2016-09-24 05:30:00,12.243
2016-09-24 05:40:00,11.953
2016-09-24 05:50:00,11.637
2016-09-24 06:00:00,11.467
2016-09-24 06:10:00,11.273
2016-09-24 06:20:00,11.2
2016-09-24 06:30:00,11.102
2016-09-24 06:40:00,10.98
2016-09-24 06:50:00,10.956
2016-09-24 07:00:00,10.81
2016-09-24 07:10:00,10.712
2016-09-24 07:20:00,10.761
2016-09-24 07:30:00,10.736
2016-09-24 07:40:00,10.761
2016-09-24 07:50:00,10.687
2016-09-24 08:00:00,10.736
2016-09-24 08:10:00,10.785
2016-09-24 08:20:00,11.078
2016-09-24 08:30:00,11.37
2016-09-24 08:40:00,11.589
2016-09-24 08:50:00,11.71
2016-09-24 09:00:00,11.783
2016-09-24 09:10:00,11.783
2016-09-24 09:20:00,11.71
2016-09-24 09:30:00,11.589
2016-09-24 09:40:00,11.662
2016-09-24 09:50:00,11.904
2016-09-24 10:00:00,12.001
2016-09-24 10:10:00,12.074
2016-09-24 10:20:00,12.268
2016-09-24 10:30:00,12.195
2016-09-24 10:40:00,12.582
2016-09-24 10:50:00,12.92
2016-09-24 11:00:00,13.112
2016-09-24 11:10:00,13.233
2016-09-24 11:20:00,13.257
2016-09-24 11:30:00,13.305
2016-09-24 11:40:00,13.329
2016-09-24 11:50:00,13.329
2016-09-24 12:00:00,13.329
2016-09-24 12:10:00,13.353
2016-09-24 12:20:00,13.353
2016-09-24 12:30:00,13.353
2016-09-24 12:40:00,13.329
2016-09-24 12:50:00,13.329
2016-09-24 13:00:00,13.329
2016-09-24 13:10:00,13.305
2016-09-24 13:20:00,13.281
2016-09-24 13:30:00,13.233
2016-09-24 13:40:00,13.209
2016-09-24 13:50:00,13.185
2016-09-24 14:00:00,13.137
2016-09-24 14:10:00,13.137
2016-09-24 14:20:00,13.112
2016-09-24 14:30:00,13.112
2016-09-24 14:40:00,13.137
2016-09-24 14:50:00,13.161
2016-09-24 15:00:00,13.209
2016-09-24 15:10:00,13.281
2016-09-24 15:20:00,13.329
2016-09-24 15:30:00,13.281
2016-09-24 15:40:00,13.594
2016-09-24 15:50:00,13.666
2016-09-24 16:00:00,13.305
2016-09-24 16:10:00,13.257
2016-09-24 16:20:00,13.281
2016-09-24 16:30:00,13.281
2016-09-24 16:40:00,13.401
2016-09-24 16:50:00,13.473
2016-09-24 17:00:00,13.473
2016-09-24 17:10:00,13.666
2016-09-24 17:20:00,13.954
2016-09-24 17:30:00,14.074
2016-09-24 17:40:00,14.146
2016-09-24 17:50:00,14.122
2016-09-24 18:00:00,14.05
2016-09-24 18:10:00,14.553
2016-09-24 18:20:00,15.079
2016-09-24 18:30:00,14.864
2016-09-24 18:40:00,14.888
2016-09-24 18:50:00,15.461
2016-09-24 19:00:00,15.461
2016-09-24 19:10:00,16.558
2016-09-24 19:20:00,16.915
2016-09-24 19:30:00,16.392
2016-09-24 19:40:00,16.153
2016-09-24 19:50:00,15.031
2016-09-24 20:00:00,14.936
2016-09-24 20:10:00,15.079
2016-09-24 20:20:00,14.792
2016-09-24 20:30:00,14.481
2016-09-24 20:40:00,14.457
2016-09-24 20:50:00,14.194
2016-09-24 21:00:00,14.122
2016-09-24 21:10:00,14.098
2016-09-24 21:20:00,14.098
2016-09-24 21:30:00,14.026
2016-09-24 21:40:00,14.05
2016-09-24 21:50:00,14.05
2016-09-24 22:00:00,13.954
2016-09-24 22:10:00,13.906
2016-09-24 22:20:00,13.858
2016-09-24 22:30:00,13.834
2016-09-24 22:40:00,13.762
2016-09-24 22:50:00,13.738
2016-09-24 23:00:00,13.714
2016-09-24 23:10:00,13.666
2016-09-24 23:20:00,13.594
2016-09-24 23:30:00,13.594
2016-09-24 23:40:00,13.57
2016-09-24 23:50:00,13.57
2016-09-25 00:00:00,13.594
2016-09-25 00:10:00,13.642
2016-09-25 00:20:00,13.69
2016-09-25 00:30:00,13.786
2016-09-25 00:40:00,13.762
2016-09-25 00:50:00,13.762
2016-09-25 01:00:00,13.81
2016-09-25 01:10:00,13.858
2016-09-25 01:20:00,13.858
2016-09-25 01:30:00,13.906
2016-09-25 01:40:00,13.93
2016-09-25 01:50:00,13.93
2016-09-25 02:00:00,13.93
2016-09-25 02:10:00,13.906
2016-09-25 02:20:00,13.882
2016-09-25 02:30:00,13.882
2016-09-25 02:40:00,13.882
2016-09-25 02:50:00,13.858
2016-09-25 03:00:00,13.834
2016-09-25 03:10:00,13.786
2016-09-25 03:20:00,13.786
2016-09-25 03:30:00,13.738
2016-09-25 03:40:00,13.69
2016-09-25 03:50:00,13.642
2016-09-25 04:00:00,13.594
2016-09-25 04:10:00,13.546
2016-09-25 04:20:00,13.522
2016-09-25 04:30:00,13.425
2016-09-25 04:40:00,13.112
2016-09-25 04:50:00,12.751
2016-09-25 05:00:00,12.413
2016-09-25 05:10:00,12.147
2016-09-25 05:20:00,11.953
2016-09-25 05:30:00,11.734
2016-09-25 05:40:00,11.589
2016-09-25 05:50:00,11.54
2016-09-25 06:00:00,11.467
2016-09-25 06:10:00,11.321
2016-09-25 06:20:00,11.151
2016-09-25 06:30:00,10.98
2016-09-25 06:40:00,10.956
2016-09-25 06:50:00,10.883
2016-09-25 07:00:00,10.956
2016-09-25 07:10:00,11.029
2016-09-25 07:20:00,11.029
2016-09-25 07:30:00,10.883
2016-09-25 07:40:00,10.736
2016-09-25 07:50:00,10.638
2016-09-25 08:00:00,10.59
2016-09-25 08:10:00,10.467
2016-09-25 08:20:00,10.443
2016-09-25 08:30:00,10.541
2016-09-25 08:40:00,10.59
2016-09-25 08:50:00,10.467
2016-09-25 09:00:00,10.492
2016-09-25 09:10:00,10.516
2016-09-25 09:20:00,10.59
2016-09-25 09:30:00,10.736
2016-09-25 09:40:00,10.614
2016-09-25 09:50:00,10.467
2016-09-25 10:00:00,10.32
2016-09-25 10:10:00,10.271
2016-09-25 10:20:00,10.345
2016-09-25 10:30:00,10.296
2016-09-25 10:40:00,10.467
2016-09-25 10:50:00,10.541
2016-09-25 11:00:00,10.663
2016-09-25 11:10:00,10.736
2016-09-25 11:20:00,11.613
2016-09-25 11:30:00,12.195
2016-09-25 11:40:00,12.92
2016-09-25 11:50:00,13.088
2016-09-25 12:00:00,13.185
2016-09-25 12:10:00,13.305
2016-09-25 12:20:00,13.353
2016-09-25 12:30:00,13.377
2016-09-25 12:40:00,13.401
2016-09-25 12:50:00,13.401
2016-09-25 13:00:00,13.401
2016-09-25 13:10:00,13.401
2016-09-25 13:20:00,13.401
2016-09-25 13:30:00,13.401
2016-09-25 13:40:00,13.401
2016-09-25 13:50:00,13.401
2016-09-25 14:00:00,13.425
2016-09-25 14:10:00,13.425
2016-09-25 14:20:00,13.425
2016-09-25 14:30:00,13.449
2016-09-25 14:40:00,13.497
2016-09-25 14:50:00,13.546
2016-09-25 15:00:00,13.594
2016-09-25 15:10:00,13.594
2016-09-25 15:20:00,13.642
2016-09-25 15:30:00,13.714
2016-09-25 15:40:00,13.738
2016-09-25 15:50:00,13.834
2016-09-25 16:00:00,13.81
2016-09-25 16:10:00,14.05
2016-09-25 16:20:00,14.05
2016-09-25 16:30:00,14.098
2016-09-25 16:40:00,14.026
2016-09-25 16:50:00,14.098
2016-09-25 17:00:00,14.194
2016-09-25 17:10:00,13.786
2016-09-25 17:20:00,13.786
2016-09-25 17:30:00,13.882
2016-09-25 17:40:00,13.954
2016-09-25 17:50:00,13.978
2016-09-25 18:00:00,14.17
2016-09-25 18:10:00,14.146
2016-09-25 18:20:00,14.385
2016-09-25 18:30:00,14.361
2016-09-25 18:40:00,14.505
2016-09-25 18:50:00,14.768
2016-09-25 19:00:00,15.652
2016-09-25 19:10:00,16.153
2016-09-25 19:20:00,16.439
2016-09-25 19:30:00,16.892
2016-09-25 19:40:00,16.106
2016-09-25 19:50:00,15.796
2016-09-25 20:00:00,16.32
2016-09-25 20:10:00,17.962
2016-09-25 20:20:00,17.629
2016-09-25 20:30:00,17.344
2016-09-25 20:40:00,16.511
2016-09-25 20:50:00,16.106
2016-09-25 21:00:00,15.724
2016-09-25 21:10:00,15.39
2016-09-25 21:20:00,15.461
2016-09-25 21:30:00,15.079
2016-09-25 21:40:00,14.84
2016-09-25 21:50:00,14.625
2016-09-25 22:00:00,14.625
2016-09-25 22:10:00,14.457
2016-09-25 22:20:00,14.361
2016-09-25 22:30:00,14.29
2016-09-25 22:40:00,14.266
2016-09-25 22:50:00,14.194
2016-09-25 23:00:00,14.122
2016-09-25 23:10:00,14.074
2016-09-25 23:20:00,14.05
2016-09-25 23:30:00,14.05
2016-09-25 23:40:00,14.002
2016-09-25 23:50:00,13.978
2016-09-26 00:00:00,13.954
2016-09-26 00:10:00,13.954
2016-09-26 00:20:00,13.954
2016-09-26 00:30:00,13.93
2016-09-26 00:40:00,13.954
2016-09-26 00:50:00,13.978
2016-09-26 01:00:00,13.978
2016-09-26 01:10:00,14.002
2016-09-26 01:20:00,13.978
2016-09-26 01:30:00,14.002
2016-09-26 01:40:00,13.978
2016-09-26 01:50:00,13.954
2016-09-26 02:00:00,13.93
2016-09-26 02:10:00,13.906
2016-09-26 02:20:00,13.882
2016-09-26 02:30:00,13.882
2016-09-26 02:40:00,13.834
2016-09-26 02:50:00,13.81
2016-09-26 03:00:00,13.786
2016-09-26 03:10:00,13.762
2016-09-26 03:20:00,13.762
2016-09-26 03:30:00,13.738
2016-09-26 03:40:00,13.738
2016-09-26 03:50:00,13.738
2016-09-26 04:00:00,13.714
2016-09-26 04:10:00,13.714
2016-09-26 04:20:00,13.69
2016-09-26 04:30:00,13.69
2016-09-26 04:40:00,13.666
2016-09-26 04:50:00,13.666
2016-09-26 05:00:00,13.642
2016-09-26 05:10:00,13.642
2016-09-26 05:20:00,13.618
2016-09-26 05:30:00,13.594
2016-09-26 05:40:00,13.57
2016-09-26 05:50:00,13.088
2016-09-26 06:00:00,12.582
2016-09-26 06:10:00,12.292
2016-09-26 06:20:00,12.05
2016-09-26 06:30:00,11.929
2016-09-26 06:40:00,11.807
2016-09-26 06:50:00,11.662
2016-09-26 07:00:00,11.516
2016-09-26 07:10:00,11.37
2016-09-26 07:20:00,11.346
2016-09-26 07:30:00,11.419
2016-09-26 07:40:00,11.443
2016-09-26 07:50:00,11.492
2016-09-26 08:00:00,11.88
2016-09-26 08:10:00,12.413
2016-09-26 08:20:00,12.799
2016-09-26 08:30:00,12.558
2016-09-26 08:40:00,12.243
2016-09-26 08:50:00,12.05
2016-09-26 09:00:00,11.929
2016-09-26 09:10:00,11.759
2016-09-26 09:20:00,11.662
2016-09-26 09:30:00,11.54
2016-09-26 09:40:00,11.467
2016-09-26 09:50:00,11.419
2016-09-26 10:00:00,11.37
2016-09-26 10:10:00,11.467
2016-09-26 10:20:00,11.394
2016-09-26 10:30:00,11.297
2016-09-26 10:40:00,11.467
2016-09-26 10:50:00,12.147
2016-09-26 11:00:00,12.509
2016-09-26 11:10:00,12.606
2016-09-26 11:20:00,12.364
2016-09-26 11:30:00,12.025
2016-09-26 11:40:00,11.71
2016-09-26 11:50:00,11.71
2016-09-26 12:00:00,12.001
2016-09-26 12:10:00,12.896
2016-09-26 12:20:00,13.209
2016-09-26 12:30:00,13.377
2016-09-26 12:40:00,13.449
2016-09-26 12:50:00,13.522
2016-09-26 13:00:00,13.546
2016-09-26 13:10:00,13.594
2016-09-26 13:20:00,13.594
2016-09-26 13:30:00,13.594
2016-09-26 13:40:00,13.594
2016-09-26 13:50:00,13.618
2016-09-26 14:00:00,13.618
2016-09-26 14:10:00,13.618
2016-09-26 14:20:00,13.618
2016-09-26 14:30:00,13.642
2016-09-26 14:40:00,13.714
2016-09-26 14:50:00,13.762
2016-09-26 15:00:00,13.786
2016-09-26 15:10:00,13.834
2016-09-26 15:20:00,13.882
2016-09-26 15:30:00,13.954
2016-09-26 15:40:00,14.074
2016-09-26 15:50:00,14.05
2016-09-26 16:00:00,14.194
2016-09-26 16:10:00,14.29
2016-09-26 16:20:00,14.026
2016-09-26 16:30:00,13.882
2016-09-26 16:40:00,13.882
2016-09-26 16:50:00,13.906
2016-09-26 17:00:00,13.954
2016-09-26 17:10:00,13.978
2016-09-26 17:20:00,13.978
2016-09-26 17:30:00,13.978
2016-09-26 17:40:00,14.05
2016-09-26 17:50:00,14.074
2016-09-26 18:00:00,14.122
2016-09-26 18:10:00,14.218
2016-09-26 18:20:00,14.29
2016-09-26 18:30:00,14.601
2016-09-26 18:40:00,14.601
2016-09-26 18:50:00,14.768
2016-09-26 19:00:00,14.673
2016-09-26 19:10:00,14.96
2016-09-26 19:20:00,15.581
2016-09-26 19:30:00,15.915
2016-09-26 19:40:00,17.605
2016-09-26 19:50:00,19.103
2016-09-26 20:00:00,18.937
2016-09-26 20:10:00,19.77
2016-09-26 20:20:00,20.865
2016-09-26 20:30:00,22.13
2016-09-26 20:40:00,23.088
2016-09-26 20:50:00,23.28
2016-09-26 21:00:00,21.557
2016-09-26 21:10:00,22.369
2016-09-26 21:20:00,22.633
2016-09-26 21:30:00,21.819
2016-09-26 21:40:00,22.058
2016-09-26 21:50:00,20.388
2016-09-26 22:00:00,20.031
2016-09-26 22:10:00,19.341
2016-09-26 22:20:00,19.175
2016-09-26 22:30:00,16.963
2016-09-26 22:40:00,16.368
2016-09-26 22:50:00,15.939
2016-09-26 23:00:00,15.652
2016-09-26 23:10:00,15.461
2016-09-26 23:20:00,15.414
2016-09-26 23:30:00,15.27
2016-09-26 23:40:00,15.223
2016-09-26 23:50:00,15.199
2016-09-27 00:00:00,15.247
2016-09-27 00:10:00,15.223
2016-09-27 00:20:00,15.223
2016-09-27 00:30:00,15.223
2016-09-27 00:40:00,15.223
2016-09-27 00:50:00,15.247
2016-09-27 01:00:00,15.223
2016-09-27 01:10:00,15.223
2016-09-27 01:20:00,15.223
2016-09-27 01:30:00,15.175
2016-09-27 01:40:00,15.175
2016-09-27 01:50:00,15.151
2016-09-27 02:00:00,15.151
2016-09-27 02:10:00,15.151
2016-09-27 02:20:00,15.151
2016-09-27 02:30:00,15.151
2016-09-27 02:40:00,15.127
2016-09-27 02:50:00,15.127
2016-09-27 03:00:00,15.127
2016-09-27 03:10:00,15.127
2016-09-27 03:20:00,15.127
2016-09-27 03:30:00,15.127
2016-09-27 03:40:00,15.127
2016-09-27 03:50:00,15.127
2016-09-27 04:00:00,15.103
2016-09-27 04:10:00,15.103
2016-09-27 04:20:00,15.079
2016-09-27 04:30:00,15.079
2016-09-27 04:40:00,15.079
2016-09-27 04:50:00,15.079
2016-09-27 05:00:00,15.079
2016-09-27 05:10:00,15.079
2016-09-27 05:20:00,15.079
2016-09-27 05:30:00,15.079
2016-09-27 05:40:00,15.079
2016-09-27 05:50:00,15.055
2016-09-27 06:00:00,15.031
2016-09-27 06:10:00,15.055
2016-09-27 06:20:00,15.008
2016-09-27 06:30:00,14.792
2016-09-27 06:40:00,14.314
2016-09-27 06:50:00,13.81
2016-09-27 07:00:00,13.401
2016-09-27 07:10:00,13.281
2016-09-27 07:20:00,13.209
2016-09-27 07:30:00,13.161
2016-09-27 07:40:00,12.992
2016-09-27 07:50:00,12.823
2016-09-27 08:00:00,12.582
2016-09-27 08:10:00,12.364
2016-09-27 08:20:00,12.292
2016-09-27 08:30:00,12.171
2016-09-27 08:40:00,12.025
2016-09-27 08:50:00,11.929
2016-09-27 09:00:00,11.856
2016-09-27 09:10:00,11.71
2016-09-27 09:20:00,11.613
2016-09-27 09:30:00,11.516
2016-09-27 09:40:00,11.346
2016-09-27 09:50:00,11.321
2016-09-27 10:00:00,11.297
2016-09-27 10:10:00,11.273
2016-09-27 10:20:00,11.297
2016-09-27 10:30:00,11.273
2016-09-27 10:40:00,11.297
2016-09-27 10:50:00,11.394
2016-09-27 11:00:00,11.516
2016-09-27 11:10:00,11.492
2016-09-27 11:20:00,11.565
2016-09-27 11:30:00,11.662
2016-09-27 11:40:00,11.662
2016-09-27 11:50:00,11.759
2016-09-27 12:00:00,11.613
2016-09-27 12:10:00,11.686
2016-09-27 12:20:00,11.71
2016-09-27 12:30:00,11.759
2016-09-27 12:40:00,12.098
2016-09-27 12:50:00,13.618
2016-09-27 13:00:00,14.553
2016-09-27 13:10:00,14.864
2016-09-27 13:20:00,15.031
2016-09-27 13:30:00,15.103
2016-09-27 13:40:00,15.199
2016-09-27 13:50:00,15.223
2016-09-27 14:00:00,15.247
2016-09-27 14:10:00,15.247
2016-09-27 14:20:00,15.27
2016-09-27 14:30:00,15.27
2016-09-27 14:40:00,15.318
2016-09-27 14:50:00,15.414
2016-09-27 15:00:00,15.438
2016-09-27 15:10:00,15.485
2016-09-27 15:20:00,15.557
2016-09-27 15:30:00,15.581
2016-09-27 15:40:00,15.676
2016-09-27 15:50:00,15.748
2016-09-27 16:00:00,15.939
2016-09-27 16:10:00,16.058
2016-09-27 16:20:00,16.01
2016-09-27 16:30:00,16.106
2016-09-27 16:40:00,16.177
2016-09-27 16:50:00,16.249
2016-09-27 17:00:00,16.272
2016-09-27 17:10:00,16.368
2016-09-27 17:20:00,16.32
2016-09-27 17:30:00,16.415
2016-09-27 17:40:00,16.344
2016-09-27 17:50:00,16.463
2016-09-27 18:00:00,16.534
2016-09-27 18:10:00,16.558
2016-09-27 18:20:00,16.058
2016-09-27 18:30:00,16.082
2016-09-27 18:40:00,16.153
2016-09-27 18:50:00,16.392
2016-09-27 19:00:00,16.368
2016-09-27 19:10:00,16.534
2016-09-27 19:20:00,16.796
2016-09-27 19:30:00,17.677
2016-09-27 19:40:00,17.796
2016-09-27 19:50:00,18.818
2016-09-27 20:00:00,19.127
2016-09-27 20:10:00,20.793
2016-09-27 20:20:00,21.867
2016-09-27 20:30:00,21.843
2016-09-27 20:40:00,22.537
2016-09-27 20:50:00,23.28
2016-09-27 21:00:00,23.905
2016-09-27 21:10:00,24.098
2016-09-27 21:20:00,24.436
2016-09-27 21:30:00,25.283
2016-09-27 21:40:00,26.353
2016-09-27 21:50:00,26.916
2016-09-27 22:00:00,27.677
2016-09-27 22:10:00,27.653
2016-09-27 22:20:00,27.53
2016-09-27 22:30:00,27.407
2016-09-27 22:40:00,27.063
2016-09-27 22:50:00,26.769
2016-09-27 23:00:00,25.186
2016-09-27 23:10:00,24.026
2016-09-27 23:20:00,22.321
2016-09-27 23:30:00,19.722
2016-09-27 23:40:00,18.842
2016-09-27 23:50:00,18.414
2016-09-28 00:00:00,17.368
2016-09-28 00:10:00,16.963
2016-09-28 00:20:00,16.511
2016-09-28 00:30:00,16.344
2016-09-28 00:40:00,16.153
2016-09-28 00:50:00,16.058
2016-09-28 01:00:00,16.01
2016-09-28 01:10:00,15.939
2016-09-28 01:20:00,15.939
2016-09-28 01:30:00,15.867
2016-09-28 01:40:00,15.843
2016-09-28 01:50:00,15.796
2016-09-28 02:00:00,15.772
2016-09-28 02:10:00,15.748
2016-09-28 02:20:00,15.748
2016-09-28 02:30:00,15.724
2016-09-28 02:40:00,15.7
2016-09-28 02:50:00,15.676
2016-09-28 03:00:00,15.652
2016-09-28 03:10:00,15.629
2016-09-28 03:20:00,15.605
2016-09-28 03:30:00,15.605
2016-09-28 03:40:00,15.581
2016-09-28 03:50:00,15.533
2016-09-28 04:00:00,15.509
2016-09-28 04:10:00,15.485
2016-09-28 04:20:00,15.461
2016-09-28 04:30:00,15.461
2016-09-28 04:40:00,15.461
2016-09-28 04:50:00,15.461
2016-09-28 05:00:00,15.485
2016-09-28 05:10:00,15.509
2016-09-28 05:20:00,15.509
2016-09-28 05:30:00,15.509
2016-09-28 05:40:00,15.533
2016-09-28 05:50:00,15.533
2016-09-28 06:00:00,15.533
2016-09-28 06:10:00,15.509
2016-09-28 06:20:00,15.461
2016-09-28 06:30:00,15.438
2016-09-28 06:40:00,15.39
2016-09-28 06:50:00,15.366
2016-09-28 07:00:00,15.223
2016-09-28 07:10:00,14.864
2016-09-28 07:20:00,14.529
2016-09-28 07:30:00,13.882
2016-09-28 07:40:00,13.497
2016-09-28 07:50:00,13.329
2016-09-28 08:00:00,13.305
2016-09-28 08:10:00,13.257
2016-09-28 08:20:00,13.185
2016-09-28 08:30:00,13.137
2016-09-28 08:40:00,13.064
2016-09-28 08:50:00,12.992
2016-09-28 09:00:00,12.944
2016-09-28 09:10:00,12.92
2016-09-28 09:20:00,12.871
2016-09-28 09:30:00,12.799
2016-09-28 09:40:00,12.703
2016-09-28 09:50:00,12.63
2016-09-28 10:00:00,12.582
2016-09-28 10:10:00,12.509
2016-09-28 10:20:00,12.389
2016-09-28 10:30:00,12.34
2016-09-28 10:40:00,12.34
2016-09-28 10:50:00,12.558
2016-09-28 11:00:00,12.703
2016-09-28 11:10:00,12.799
2016-09-28 11:20:00,12.582
2016-09-28 11:30:00,12.268
2016-09-28 11:40:00,11.904
2016-09-28 11:50:00,11.856
2016-09-28 12:00:00,11.856
2016-09-28 12:10:00,11.759
2016-09-28 12:20:00,11.589
2016-09-28 12:30:00,11.54
2016-09-28 12:40:00,11.783
2016-09-28 12:50:00,11.929
2016-09-28 13:00:00,12.122
2016-09-28 13:10:00,13.04
2016-09-28 13:20:00,14.122
2016-09-28 13:30:00,14.673
2016-09-28 13:40:00,14.84
2016-09-28 13:50:00,14.936
2016-09-28 14:00:00,14.984
2016-09-28 14:10:00,15.151
2016-09-28 14:20:00,15.247
2016-09-28 14:30:00,15.39
2016-09-28 14:40:00,15.438
2016-09-28 14:50:00,15.605
2016-09-28 15:00:00,15.748
2016-09-28 15:10:00,15.843
2016-09-28 15:20:00,15.915
2016-09-28 15:30:00,16.034
2016-09-28 15:40:00,16.058
2016-09-28 15:50:00,16.129
2016-09-28 16:00:00,16.225
2016-09-28 16:10:00,16.225
2016-09-28 16:20:00,16.272
2016-09-28 16:30:00,16.201
2016-09-28 16:40:00,16.296
2016-09-28 16:50:00,16.463
2016-09-28 17:00:00,16.534
2016-09-28 17:10:00,16.558
2016-09-28 17:20:00,16.487
2016-09-28 17:30:00,16.463
2016-09-28 17:40:00,16.487
2016-09-28 17:50:00,16.749
2016-09-28 18:00:00,16.677
2016-09-28 18:10:00,16.725
2016-09-28 18:20:00,16.773
2016-09-28 18:30:00,16.844
2016-09-28 18:40:00,16.939
2016-09-28 18:50:00,17.058
2016-09-28 19:00:00,17.272
2016-09-28 19:10:00,17.272
2016-09-28 19:20:00,17.486
2016-09-28 19:30:00,17.249
2016-09-28 19:40:00,17.344
2016-09-28 19:50:00,17.653
2016-09-28 20:00:00,18.343
2016-09-28 20:10:00,18.842
2016-09-28 20:20:00,19.08
2016-09-28 20:30:00,19.532
2016-09-28 20:40:00,19.865
2016-09-28 20:50:00,20.222
2016-09-28 21:00:00,20.555
2016-09-28 21:10:00,21.175
2016-09-28 21:20:00,20.627
2016-09-28 21:30:00,20.841
2016-09-28 21:40:00,21.246
2016-09-28 21:50:00,21.557
2016-09-28 22:00:00,21.795
2016-09-28 22:10:00,21.437
2016-09-28 22:20:00,21.39
2016-09-28 22:30:00,21.437
2016-09-28 22:40:00,21.557
2016-09-28 22:50:00,21.724
2016-09-28 23:00:00,21.533
2016-09-28 23:10:00,21.175
2016-09-28 23:20:00,21.056
2016-09-28 23:30:00,20.793
2016-09-28 23:40:00,20.365
2016-09-28 23:50:00,19.722
2016-09-29 00:00:00,18.842
2016-09-29 00:10:00,18.414
2016-09-29 00:20:00,17.843
2016-09-29 00:30:00,17.391
2016-09-29 00:40:00,17.249
2016-09-29 00:50:00,17.177
2016-09-29 01:00:00,17.082
2016-09-29 01:10:00,17.011
2016-09-29 01:20:00,16.987
2016-09-29 01:30:00,16.939
2016-09-29 01:40:00,16.915
2016-09-29 01:50:00,16.892
2016-09-29 02:00:00,16.844
2016-09-29 02:10:00,16.844
2016-09-29 02:20:00,16.82
2016-09-29 02:30:00,16.796
2016-09-29 02:40:00,16.773
2016-09-29 02:50:00,16.773
2016-09-29 03:00:00,16.773
2016-09-29 03:10:00,16.749
2016-09-29 03:20:00,16.749
2016-09-29 03:30:00,16.749
2016-09-29 03:40:00,16.749
2016-09-29 03:50:00,16.749
2016-09-29 04:00:00,16.725
2016-09-29 04:10:00,16.725
2016-09-29 04:20:00,16.725
2016-09-29 04:30:00,16.725
2016-09-29 04:40:00,16.725
2016-09-29 04:50:00,16.725
2016-09-29 05:00:00,16.725
2016-09-29 05:10:00,16.749
2016-09-29 05:20:00,16.749
2016-09-29 05:30:00,16.749
2016-09-29 05:40:00,16.749
2016-09-29 05:50:00,16.773
2016-09-29 06:00:00,16.773
2016-09-29 06:10:00,16.773
2016-09-29 06:20:00,16.796
2016-09-29 06:30:00,16.796
2016-09-29 06:40:00,16.796
2016-09-29 06:50:00,16.773
2016-09-29 07:00:00,16.773
2016-09-29 07:10:00,16.773
2016-09-29 07:20:00,16.749
2016-09-29 07:30:00,16.677
2016-09-29 07:40:00,16.582
2016-09-29 07:50:00,16.32
2016-09-29 08:00:00,16.034
2016-09-29 08:10:00,15.867
2016-09-29 08:20:00,15.748
2016-09-29 08:30:00,15.629
2016-09-29 08:40:00,15.438
2016-09-29 08:50:00,15.294
2016-09-29 09:00:00,15.199
2016-09-29 09:10:00,15.031
2016-09-29 09:20:00,14.888
2016-09-29 09:30:00,14.768
2016-09-29 09:40:00,14.625
2016-09-29 09:50:00,14.481
2016-09-29 10:00:00,14.409
2016-09-29 10:10:00,14.337
2016-09-29 10:20:00,14.266
2016-09-29 10:30:00,14.146
2016-09-29 10:40:00,14.002
2016-09-29 10:50:00,13.882
2016-09-29 11:00:00,13.738
2016-09-29 11:10:00,13.497
2016-09-29 11:20:00,13.281
2016-09-29 11:30:00,12.847
2016-09-29 11:40:00,12.534
2016-09-29 11:50:00,12.413
2016-09-29 12:00:00,12.122
2016-09-29 12:10:00,12.05
2016-09-29 12:20:00,12.316
2016-09-29 12:30:00,12.606
2016-09-29 12:40:00,12.775
2016-09-29 12:50:00,12.968
2016-09-29 13:00:00,13.064
2016-09-29 13:10:00,13.281
2016-09-29 13:20:00,13.449
2016-09-29 13:30:00,13.786
2016-09-29 13:40:00,14.026
2016-09-29 13:50:00,14.936
2016-09-29 14:00:00,15.891
2016-09-29 14:10:00,16.177
2016-09-29 14:20:00,16.344
2016-09-29 14:30:00,16.392
2016-09-29 14:40:00,16.415
2016-09-29 14:50:00,16.439
2016-09-29 15:00:00,16.439
2016-09-29 15:10:00,16.439
2016-09-29 15:20:00,16.439
2016-09-29 15:30:00,16.439
2016-09-29 15:40:00,16.415
2016-09-29 15:50:00,16.439
2016-09-29 16:00:00,16.392
2016-09-29 16:10:00,16.344
2016-09-29 16:20:00,16.392
2016-09-29 16:30:00,16.392
2016-09-29 16:40:00,16.487
2016-09-29 16:50:00,16.511
2016-09-29 17:00:00,16.677
2016-09-29 17:10:00,16.915
2016-09-29 17:20:00,16.915
2016-09-29 17:30:00,16.915
2016-09-29 17:40:00,17.153
2016-09-29 17:50:00,17.177
2016-09-29 18:00:00,17.153
2016-09-29 18:10:00,17.13
2016-09-29 18:20:00,17.177
2016-09-29 18:30:00,17.249
2016-09-29 18:40:00,17.32
2016-09-29 18:50:00,17.296
2016-09-29 19:00:00,17.106
2016-09-29 19:10:00,17.034
2016-09-29 19:20:00,17.011
2016-09-29 19:30:00,17.106
2016-09-29 19:40:00,17.106
2016-09-29 19:50:00,17.32
2016-09-29 20:00:00,17.344
2016-09-29 20:10:00,17.534
2016-09-29 20:20:00,17.748
2016-09-29 20:30:00,18.628
2016-09-29 20:40:00,18.723
2016-09-29 20:50:00,19.056
2016-09-29 21:00:00,19.222
2016-09-29 21:10:00,19.436
2016-09-29 21:20:00,19.77
2016-09-29 21:30:00,19.793
2016-09-29 21:40:00,19.936
2016-09-29 21:50:00,20.388
2016-09-29 22:00:00,20.603
2016-09-29 22:10:00,20.603
2016-09-29 22:20:00,20.889
2016-09-29 22:30:00,20.817
2016-09-29 22:40:00,20.841
2016-09-29 22:50:00,20.698
2016-09-29 23:00:00,20.293
2016-09-29 23:10:00,20.055
2016-09-29 23:20:00,19.698
2016-09-29 23:30:00,19.341
2016-09-29 23:40:00,19.222
2016-09-29 23:50:00,18.985
2016-09-30 00:00:00,18.771
2016-09-30 00:10:00,18.557
2016-09-30 00:20:00,18.295
2016-09-30 00:30:00,18.105
2016-09-30 00:40:00,17.867
2016-09-30 00:50:00,17.558
2016-09-30 01:00:00,17.201
2016-09-30 01:10:00,16.796
2016-09-30 01:20:00,16.511
2016-09-30 01:30:00,16.225
2016-09-30 01:40:00,16.296
2016-09-30 01:50:00,16.177
2016-09-30 02:00:00,16.082
2016-09-30 02:10:00,16.01
2016-09-30 02:20:00,15.963
2016-09-30 02:30:00,15.939
2016-09-30 02:40:00,15.915
2016-09-30 02:50:00,15.891
2016-09-30 03:00:00,15.891
2016-09-30 03:10:00,15.867
2016-09-30 03:20:00,15.843
2016-09-30 03:30:00,15.843
2016-09-30 03:40:00,15.843
2016-09-30 03:50:00,15.843
2016-09-30 04:00:00,15.843
2016-09-30 04:10:00,15.819
2016-09-30 04:20:00,15.843
2016-09-30 04:30:00,15.843
2016-09-30 04:40:00,15.843
2016-09-30 04:50:00,15.843
2016-09-30 05:00:00,15.891
2016-09-30 05:10:00,15.891
2016-09-30 05:20:00,15.915
2016-09-30 05:30:00,15.915
2016-09-30 05:40:00,15.939
2016-09-30 05:50:00,15.939
2016-09-30 06:00:00,15.939
2016-09-30 06:10:00,15.939
2016-09-30 06:20:00,15.915
2016-09-30 06:30:00,15.867
2016-09-30 06:40:00,15.819
2016-09-30 06:50:00,15.796
2016-09-30 07:00:00,15.748
2016-09-30 07:10:00,15.7
2016-09-30 07:20:00,15.652
2016-09-30 07:30:00,15.605
2016-09-30 07:40:00,15.605
2016-09-30 07:50:00,15.581
2016-09-30 08:00:00,15.557
2016-09-30 08:10:00,15.485
2016-09-30 08:20:00,15.318
2016-09-30 08:30:00,15.151
2016-09-30 08:40:00,15.031
2016-09-30 08:50:00,14.936
2016-09-30 09:00:00,14.816
2016-09-30 09:10:00,14.745
2016-09-30 09:20:00,14.745
2016-09-30 09:30:00,14.768
2016-09-30 09:40:00,14.745
2016-09-30 09:50:00,14.721
2016-09-30 10:00:00,14.721
2016-09-30 10:10:00,14.697
2016-09-30 10:20:00,14.625
2016-09-30 10:30:00,14.553
2016-09-30 10:40:00,14.481
2016-09-30 10:50:00,14.457
2016-09-30 11:00:00,14.409
2016-09-30 11:10:00,14.409
2016-09-30 11:20:00,14.433
2016-09-30 11:30:00,14.457
2016-09-30 11:40:00,14.457
2016-09-30 11:50:00,14.481
2016-09-30 12:00:00,14.457
2016-09-30 12:10:00,14.457
2016-09-30 12:20:00,14.457
2016-09-30 12:30:00,14.457
2016-09-30 12:40:00,14.433
2016-09-30 12:50:00,14.409
2016-09-30 13:00:00,14.337
2016-09-30 13:10:00,14.29
2016-09-30 13:20:00,14.266
2016-09-30 13:30:00,14.314
2016-09-30 13:40:00,14.361
2016-09-30 13:50:00,14.314
2016-09-30 14:00:00,14.385
2016-09-30 14:10:00,15.103
2016-09-30 14:20:00,15.27
2016-09-30 14:30:00,15.414
2016-09-30 14:40:00,15.485
2016-09-30 14:50:00,15.509
2016-09-30 15:00:00,15.533
2016-09-30 15:10:00,15.557
2016-09-30 15:20:00,15.533
2016-09-30 15:30:00,15.533
2016-09-30 15:40:00,15.533
2016-09-30 15:50:00,15.533
2016-09-30 16:00:00,15.509
2016-09-30 16:10:00,15.509
2016-09-30 16:20:00,15.533
2016-09-30 16:30:00,15.533
2016-09-30 16:40:00,15.533
2016-09-30 16:50:00,15.581
2016-09-30 17:00:00,15.605
2016-09-30 17:10:00,15.676
2016-09-30 17:20:00,15.7
2016-09-30 17:30:00,15.7
2016-09-30 17:40:00,15.748
2016-09-30 17:50:00,15.7
2016-09-30 18:00:00,15.7
2016-09-30 18:10:00,15.7
2016-09-30 18:20:00,15.748
2016-09-30 18:30:00,15.772
2016-09-30 18:40:00,15.796
2016-09-30 18:50:00,15.891
2016-09-30 19:00:00,15.939
2016-09-30 19:10:00,15.939
2016-09-30 19:20:00,16.058
2016-09-30 19:30:00,16.058
2016-09-30 19:40:00,16.129
2016-09-30 19:50:00,16.153
2016-09-30 20:00:00,16.249
2016-09-30 20:10:00,16.082
2016-09-30 20:20:00,16.225
2016-09-30 20:30:00,16.225
2016-09-30 20:40:00,16.654
2016-09-30 20:50:00,17.368
2016-09-30 21:00:00,17.439
2016-09-30 21:10:00,17.701
2016-09-30 21:20:00,18.533
2016-09-30 21:30:00,20.174
2016-09-30 21:40:00,21.294
2016-09-30 21:50:00,21.557
2016-09-30 22:00:00,22.106
2016-09-30 22:10:00,22.441
2016-09-30 22:20:00,22.633
2016-09-30 22:30:00,22.609
2016-09-30 22:40:00,22.226
2016-09-30 22:50:00,21.843
2016-09-30 23:00:00,21.342
2016-09-30 23:10:00,20.841
2016-09-30 23:20:00,20.341
2016-09-30 23:30:00,19.841
2016-09-30 23:40:00,19.365
2016-09-30 23:50:00,18.889
2016-10-01 00:00:00,18.414
2016-10-01 00:10:00,17.962
2016-10-01 00:20:00,17.558
2016-10-01 00:30:00,17.201
2016-10-01 00:40:00,16.844
2016-10-01 00:50:00,16.511
2016-10-01 01:00:00,16.034
2016-10-01 01:10:00,15.724
2016-10-01 01:20:00,15.366
2016-10-01 01:30:00,15.031
2016-10-01 01:40:00,14.792
2016-10-01 01:50:00,14.601
2016-10-01 02:00:00,14.601
2016-10-01 02:10:00,14.625
2016-10-01 02:20:00,15.127
2016-10-01 02:30:00,15.366
2016-10-01 02:40:00,15.39
2016-10-01 02:50:00,15.366
2016-10-01 03:00:00,15.342
2016-10-01 03:10:00,15.342
2016-10-01 03:20:00,15.318
2016-10-01 03:30:00,15.318
2016-10-01 03:40:00,15.318
2016-10-01 03:50:00,15.294
2016-10-01 04:00:00,15.294
2016-10-01 04:10:00,15.27
2016-10-01 04:20:00,15.27
2016-10-01 04:30:00,15.247
2016-10-01 04:40:00,15.247
2016-10-01 04:50:00,15.223
2016-10-01 05:00:00,15.199
2016-10-01 05:10:00,15.175
2016-10-01 05:20:00,15.175
2016-10-01 05:30:00,15.151
2016-10-01 05:40:00,15.127
2016-10-01 05:50:00,15.127
2016-10-01 06:00:00,15.103
2016-10-01 06:10:00,15.079
2016-10-01 06:20:00,15.055
2016-10-01 06:30:00,15.055
2016-10-01 06:40:00,15.031
2016-10-01 06:50:00,15.008
2016-10-01 07:00:00,14.984
2016-10-01 07:10:00,14.984
2016-10-01 07:20:00,14.96
2016-10-01 07:30:00,14.96
2016-10-01 07:40:00,14.936
2016-10-01 07:50:00,14.936
2016-10-01 08:00:00,14.936
2016-10-01 08:10:00,14.912
2016-10-01 08:20:00,14.888
2016-10-01 08:30:00,14.864
2016-10-01 08:40:00,14.792
2016-10-01 08:50:00,14.697
2016-10-01 09:00:00,14.553
2016-10-01 09:10:00,13.497
2016-10-01 09:20:00,13.016
2016-10-01 09:30:00,12.534
2016-10-01 09:40:00,12.074
2016-10-01 09:50:00,12.098
2016-10-01 10:00:00,11.856
2016-10-01 10:10:00,11.516
2016-10-01 10:20:00,11.297
2016-10-01 10:30:00,11.127
2016-10-01 10:40:00,10.98
2016-10-01 10:50:00,10.883
2016-10-01 11:00:00,10.736
2016-10-01 11:10:00,10.785
2016-10-01 11:20:00,10.712
2016-10-01 11:30:00,10.394
2016-10-01 11:40:00,10.32
2016-10-01 11:50:00,10.296
2016-10-01 12:00:00,10.271
2016-10-01 12:10:00,10.32
2016-10-01 12:20:00,10.173
2016-10-01 12:30:00,10.222
2016-10-01 12:40:00,10.075
2016-10-01 12:50:00,9.805
2016-10-01 13:00:00,9.706
2016-10-01 13:10:00,9.608
2016-10-01 13:20:00,9.608
2016-10-01 13:30:00,9.632
2016-10-01 13:40:00,9.78
2016-10-01 13:50:00,9.977
2016-10-01 14:00:00,10.173
2016-10-01 14:10:00,10.443
2016-10-01 14:20:00,11.589
2016-10-01 14:30:00,12.823
2016-10-01 14:40:00,13.281
2016-10-01 14:50:00,13.546
2016-10-01 15:00:00,13.69
2016-10-01 15:10:00,13.714
2016-10-01 15:20:00,13.786
2016-10-01 15:30:00,13.858
2016-10-01 15:40:00,13.882
2016-10-01 15:50:00,13.882
2016-10-01 16:00:00,13.834
2016-10-01 16:10:00,13.906
2016-10-01 16:20:00,13.978
2016-10-01 16:30:00,13.954
2016-10-01 16:40:00,13.978
2016-10-01 16:50:00,13.978
2016-10-01 17:00:00,14.05
2016-10-01 17:10:00,14.17
2016-10-01 17:20:00,14.17
2016-10-01 17:30:00,14.17
2016-10-01 17:40:00,14.194
2016-10-01 17:50:00,14.266
2016-10-01 18:00:00,14.266
2016-10-01 18:10:00,14.314
2016-10-01 18:20:00,14.361
2016-10-01 18:30:00,14.457
2016-10-01 18:40:00,14.457
2016-10-01 18:50:00,14.505
2016-10-01 19:00:00,14.553
2016-10-01 19:10:00,14.649
2016-10-01 19:20:00,14.673
2016-10-01 19:30:00,14.697
2016-10-01 19:40:00,14.745
2016-10-01 19:50:00,14.768
2016-10-01 20:00:00,14.792
2016-10-01 20:10:00,14.84
2016-10-01 20:20:00,14.888
2016-10-01 20:30:00,14.96
2016-10-01 20:40:00,15.079
2016-10-01 20:50:00,15.223
2016-10-01 21:00:00,15.414
2016-10-01 21:10:00,15.939
2016-10-01 21:20:00,17.034
2016-10-01 21:30:00,17.772
2016-10-01 21:40:00,18.533
2016-10-01 21:50:00,19.579
2016-10-01 22:00:00,20.317
2016-10-01 22:10:00,20.841
2016-10-01 22:20:00,20.627
2016-10-01 22:30:00,20.627
2016-10-01 22:40:00,20.555
2016-10-01 22:50:00,20.46
2016-10-01 23:00:00,20.198
2016-10-01 23:10:00,19.746
2016-10-01 23:20:00,19.294
2016-10-01 23:30:00,18.866
2016-10-01 23:40:00,18.438
2016-10-01 23:50:00,18.057
2016-10-02 00:00:00,17.629
2016-10-02 00:10:00,17.201
2016-10-02 00:20:00,16.82
2016-10-02 00:30:00,16.487
2016-10-02 00:40:00,16.177
2016-10-02 00:50:00,15.915
2016-10-02 01:00:00,15.676
2016-10-02 01:10:00,15.438
2016-10-02 01:20:00,15.175
2016-10-02 01:30:00,14.936
2016-10-02 01:40:00,14.697
2016-10-02 01:50:00,14.433
2016-10-02 02:00:00,14.218
2016-10-02 02:10:00,14.05
2016-10-02 02:20:00,13.906
2016-10-02 02:30:00,13.786
2016-10-02 02:40:00,13.738
2016-10-02 02:50:00,13.954
2016-10-02 03:00:00,14.433
2016-10-02 03:10:00,14.673
2016-10-02 03:20:00,14.649
2016-10-02 03:30:00,14.673
2016-10-02 03:40:00,14.649
2016-10-02 03:50:00,14.625
2016-10-02 04:00:00,14.601
2016-10-02 04:10:00,14.577
2016-10-02 04:20:00,14.553
2016-10-02 04:30:00,14.457
2016-10-02 04:40:00,14.433
2016-10-02 04:50:00,14.409
2016-10-02 05:00:00,14.361
2016-10-02 05:10:00,14.29
2016-10-02 05:20:00,14.242
2016-10-02 05:30:00,14.218
2016-10-02 05:40:00,14.194
2016-10-02 05:50:00,14.146
2016-10-02 06:00:00,14.098
2016-10-02 06:10:00,14.098
2016-10-02 06:20:00,14.098
2016-10-02 06:30:00,14.05
2016-10-02 06:40:00,13.978
2016-10-02 06:50:00,13.978
2016-10-02 07:00:00,14.002
2016-10-02 07:10:00,14.002
2016-10-02 07:20:00,14.002
2016-10-02 07:30:00,14.002
2016-10-02 07:40:00,14.002
2016-10-02 07:50:00,14.002
2016-10-02 08:00:00,13.978
2016-10-02 08:10:00,13.954
2016-10-02 08:20:00,13.978
2016-10-02 08:30:00,13.93
2016-10-02 08:40:00,13.93
2016-10-02 08:50:00,13.906
2016-10-02 09:00:00,13.882
2016-10-02 09:10:00,13.858
2016-10-02 09:20:00,13.786
2016-10-02 09:30:00,13.377
2016-10-02 09:40:00,13.233
2016-10-02 09:50:00,12.461
2016-10-02 10:00:00,12.219
2016-10-02 10:10:00,11.904
2016-10-02 10:20:00,11.637
2016-10-02 10:30:00,11.492
2016-10-02 10:40:00,11.346
2016-10-02 10:50:00,11.175
2016-10-02 11:00:00,11.078
2016-10-02 11:10:00,10.956
2016-10-02 11:20:00,10.834
2016-10-02 11:30:00,10.712
2016-10-02 11:40:00,10.638
2016-10-02 11:50:00,10.565
2016-10-02 12:00:00,10.492
2016-10-02 12:10:00,10.369
2016-10-02 12:20:00,10.345
2016-10-02 12:30:00,10.32
2016-10-02 12:40:00,10.222
2016-10-02 12:50:00,10.149
2016-10-02 13:00:00,10.149
2016-10-02 13:10:00,10.149
2016-10-02 13:20:00,10.051
2016-10-02 13:30:00,9.977
2016-10-02 13:40:00,9.903
2016-10-02 13:50:00,10.051
2016-10-02 14:00:00,10.638
2016-10-02 14:10:00,11.029
2016-10-02 14:20:00,11.904
2016-10-02 14:30:00,12.316
2016-10-02 14:40:00,12.654
2016-10-02 14:50:00,13.161
2016-10-02 15:00:00,13.449
2016-10-02 15:10:00,13.594
2016-10-02 15:20:00,13.666
2016-10-02 15:30:00,13.666
2016-10-02 15:40:00,13.642
2016-10-02 15:50:00,13.594
2016-10-02 16:00:00,13.714
2016-10-02 16:10:00,13.762
2016-10-02 16:20:00,13.81
2016-10-02 16:30:00,13.786
2016-10-02 16:40:00,13.762
2016-10-02 16:50:00,13.786
2016-10-02 17:00:00,13.834
2016-10-02 17:10:00,13.882
2016-10-02 17:20:00,13.834
2016-10-02 17:30:00,13.858
2016-10-02 17:40:00,13.882
2016-10-02 17:50:00,13.906
2016-10-02 18:00:00,13.978
2016-10-02 18:10:00,13.978
2016-10-02 18:20:00,14.002
2016-10-02 18:30:00,14.074
2016-10-02 18:40:00,14.098
2016-10-02 18:50:00,14.122
2016-10-02 19:00:00,14.146
2016-10-02 19:10:00,14.194
2016-10-02 19:20:00,14.266
2016-10-02 19:30:00,14.29
2016-10-02 19:40:00,14.314
2016-10-02 19:50:00,14.314
2016-10-02 20:00:00,14.361
2016-10-02 20:10:00,14.361
2016-10-02 20:20:00,14.385
2016-10-02 20:30:00,14.433
2016-10-02 20:40:00,14.481
2016-10-02 20:50:00,14.529
2016-10-02 21:00:00,14.625
2016-10-02 21:10:00,14.673
2016-10-02 21:20:00,14.816
2016-10-02 21:30:00,14.936
2016-10-02 21:40:00,15.127
2016-10-02 21:50:00,15.843
2016-10-02 22:00:00,17.011
2016-10-02 22:10:00,17.51
2016-10-02 22:20:00,17.867
2016-10-02 22:30:00,18.176
2016-10-02 22:40:00,18.509
2016-10-02 22:50:00,18.485
2016-10-02 23:00:00,18.366
2016-10-02 23:10:00,18.247
2016-10-02 23:20:00,17.986
2016-10-02 23:30:00,17.701
2016-10-02 23:40:00,17.415
2016-10-02 23:50:00,17.13
2016-10-03 00:00:00,16.773
2016-10-03 00:10:00,16.368
2016-10-03 00:20:00,16.058
2016-10-03 00:30:00,15.796
2016-10-03 00:40:00,15.581
2016-10-03 00:50:00,15.366
2016-10-03 01:00:00,15.175
2016-10-03 01:10:00,14.984
2016-10-03 01:20:00,14.792
2016-10-03 01:30:00,14.577
2016-10-03 01:40:00,14.385
2016-10-03 01:50:00,14.218
2016-10-03 02:00:00,14.074
2016-10-03 02:10:00,13.978
2016-10-03 02:20:00,13.882
2016-10-03 02:30:00,13.81
2016-10-03 02:40:00,13.738
2016-10-03 02:50:00,13.714
2016-10-03 03:00:00,13.69
2016-10-03 03:10:00,13.642
2016-10-03 03:20:00,13.618
2016-10-03 03:30:00,13.594
2016-10-03 03:40:00,13.81
2016-10-03 03:50:00,14.074
2016-10-03 04:00:00,14.122
2016-10-03 04:10:00,14.146
2016-10-03 04:20:00,14.146
2016-10-03 04:30:00,14.122
2016-10-03 04:40:00,14.098
2016-10-03 04:50:00,14.074
2016-10-03 05:00:00,14.074
2016-10-03 05:10:00,14.05
2016-10-03 05:20:00,14.05
2016-10-03 05:30:00,14.05
2016-10-03 05:40:00,14.05
2016-10-03 05:50:00,14.026
2016-10-03 06:00:00,14.002
2016-10-03 06:10:00,14.002
2016-10-03 06:20:00,13.954
2016-10-03 06:30:00,13.954
2016-10-03 06:40:00,13.954
2016-10-03 06:50:00,13.93
2016-10-03 07:00:00,13.93
2016-10-03 07:10:00,13.906
2016-10-03 07:20:00,13.882
2016-10-03 07:30:00,13.858
2016-10-03 07:40:00,13.858
2016-10-03 07:50:00,13.858
2016-10-03 08:00:00,13.834
2016-10-03 08:10:00,13.834
2016-10-03 08:20:00,13.834
2016-10-03 08:30:00,13.834
2016-10-03 08:40:00,13.834
2016-10-03 08:50:00,13.81
2016-10-03 09:00:00,13.81
2016-10-03 09:10:00,13.81
2016-10-03 09:20:00,13.81
2016-10-03 09:30:00,13.738
2016-10-03 09:40:00,13.714
2016-10-03 09:50:00,13.666
2016-10-03 10:00:00,13.546
2016-10-03 10:10:00,13.209
2016-10-03 10:20:00,12.775
2016-10-03 10:30:00,12.413
2016-10-03 10:40:00,12.243
2016-10-03 10:50:00,12.268
2016-10-03 11:00:00,12.171
2016-10-03 11:10:00,11.953
2016-10-03 11:20:00,11.832
2016-10-03 11:30:00,11.783
2016-10-03 11:40:00,11.662
2016-10-03 11:50:00,11.565
2016-10-03 12:00:00,11.394
2016-10-03 12:10:00,11.273
2016-10-03 12:20:00,11.248
2016-10-03 12:30:00,11.224
2016-10-03 12:40:00,11.175
2016-10-03 12:50:00,11.127
2016-10-03 13:00:00,11.029
2016-10-03 13:10:00,10.956
2016-10-03 13:20:00,10.932
2016-10-03 13:30:00,10.98
2016-10-03 13:40:00,10.98
2016-10-03 13:50:00,10.98
2016-10-03 14:00:00,10.883
2016-10-03 14:10:00,10.858
2016-10-03 14:20:00,10.883
2016-10-03 14:30:00,11.078
2016-10-03 14:40:00,11.71
2016-10-03 14:50:00,12.654
2016-10-03 15:00:00,13.185
2016-10-03 15:10:00,13.497
2016-10-03 15:20:00,13.738
2016-10-03 15:30:00,13.93
2016-10-03 15:40:00,13.882
2016-10-03 15:50:00,14.146
2016-10-03 16:00:00,14.074
2016-10-03 16:10:00,13.978
2016-10-03 16:20:00,14.074
2016-10-03 16:30:00,14.05
2016-10-03 16:40:00,14.002
2016-10-03 16:50:00,14.05
2016-10-03 17:00:00,14.026
2016-10-03 17:10:00,14.098
2016-10-03 17:20:00,14.05
2016-10-03 17:30:00,14.194
2016-10-03 17:40:00,14.05
2016-10-03 17:50:00,13.954
2016-10-03 18:00:00,14.122
2016-10-03 18:10:00,14.218
2016-10-03 18:20:00,14.314
2016-10-03 18:30:00,14.266
2016-10-03 18:40:00,14.266
2016-10-03 18:50:00,14.314
2016-10-03 19:00:00,14.385
2016-10-03 19:10:00,14.385
2016-10-03 19:20:00,14.385
2016-10-03 19:30:00,14.385
2016-10-03 19:40:00,14.433
2016-10-03 19:50:00,14.433
2016-10-03 20:00:00,14.457
2016-10-03 20:10:00,14.505
2016-10-03 20:20:00,14.481
2016-10-03 20:30:00,14.529
2016-10-03 20:40:00,14.601
2016-10-03 20:50:00,14.625
2016-10-03 21:00:00,14.673
2016-10-03 21:10:00,14.697
2016-10-03 21:20:00,14.792
2016-10-03 21:30:00,14.84
2016-10-03 21:40:00,15.103
2016-10-03 21:50:00,15.294
2016-10-03 22:00:00,15.533
2016-10-03 22:10:00,15.843
2016-10-03 22:20:00,16.201
2016-10-03 22:30:00,16.511
2016-10-03 22:40:00,16.796
2016-10-03 22:50:00,16.939
2016-10-03 23:00:00,16.868
2016-10-03 23:10:00,16.654
2016-10-03 23:20:00,16.987
2016-10-03 23:30:00,17.177
2016-10-03 23:40:00,16.987
2016-10-03 23:50:00,17.082
2016-10-04 00:00:00,17.201
2016-10-04 00:10:00,16.582
2016-10-04 00:20:00,16.106
2016-10-04 00:30:00,15.748
2016-10-04 00:40:00,15.509
2016-10-04 00:50:00,15.366
2016-10-04 01:00:00,15.247
2016-10-04 01:10:00,15.151
2016-10-04 01:20:00,15.127
2016-10-04 01:30:00,15.079
2016-10-04 01:40:00,14.912
2016-10-04 01:50:00,14.816
2016-10-04 02:00:00,14.768
2016-10-04 02:10:00,14.721
2016-10-04 02:20:00,14.649
2016-10-04 02:30:00,14.553
2016-10-04 02:40:00,14.505
2016-10-04 02:50:00,14.457
2016-10-04 03:00:00,14.409
2016-10-04 03:10:00,14.218
2016-10-04 03:20:00,13.978
2016-10-04 03:30:00,13.762
2016-10-04 03:40:00,13.522
2016-10-04 03:50:00,13.353
2016-10-04 04:00:00,13.305
2016-10-04 04:10:00,13.281
2016-10-04 04:20:00,13.281
2016-10-04 04:30:00,13.233
2016-10-04 04:40:00,13.353
2016-10-04 04:50:00,13.714
2016-10-04 05:00:00,13.882
2016-10-04 05:10:00,13.81
2016-10-04 05:20:00,13.81
2016-10-04 05:30:00,13.762
2016-10-04 05:40:00,13.714
2016-10-04 05:50:00,13.69
2016-10-04 06:00:00,13.666
2016-10-04 06:10:00,13.642
2016-10-04 06:20:00,13.618
2016-10-04 06:30:00,13.57
2016-10-04 06:40:00,13.546
2016-10-04 06:50:00,13.522
2016-10-04 07:00:00,13.473
2016-10-04 07:10:00,13.449
2016-10-04 07:20:00,13.425
2016-10-04 07:30:00,13.401
2016-10-04 07:40:00,13.401
2016-10-04 07:50:00,13.353
2016-10-04 08:00:00,13.353
2016-10-04 08:10:00,13.329
2016-10-04 08:20:00,13.329
2016-10-04 08:30:00,13.329
2016-10-04 08:40:00,13.305
2016-10-04 08:50:00,13.281
2016-10-04 09:00:00,13.281
2016-10-04 09:10:00,13.257
2016-10-04 09:20:00,13.257
2016-10-04 09:30:00,13.257
2016-10-04 09:40:00,13.233
2016-10-04 09:50:00,13.161
2016-10-04 10:00:00,13.137
2016-10-04 10:10:00,13.016
2016-10-04 10:20:00,12.968
2016-10-04 10:30:00,12.678
2016-10-04 10:40:00,12.678
2016-10-04 10:50:00,12.243
2016-10-04 11:00:00,12.219
2016-10-04 11:10:00,11.977
2016-10-04 11:20:00,11.662
2016-10-04 11:30:00,11.321
2016-10-04 11:40:00,11.029
2016-10-04 11:50:00,10.932
2016-10-04 12:00:00,11.005
2016-10-04 12:10:00,11.346
2016-10-04 12:20:00,11.589
2016-10-04 12:30:00,11.565
2016-10-04 12:40:00,11.297
2016-10-04 12:50:00,11.151
2016-10-04 13:00:00,11.273
2016-10-04 13:10:00,11.151
2016-10-04 13:20:00,11.053
2016-10-04 13:30:00,10.98
2016-10-04 13:40:00,11.029
2016-10-04 13:50:00,11.175
2016-10-04 14:00:00,11.297
2016-10-04 14:10:00,11.783
2016-10-04 14:20:00,12.195
2016-10-04 14:30:00,12.509
2016-10-04 14:40:00,12.896
2016-10-04 14:50:00,13.088
2016-10-04 15:00:00,13.257
2016-10-04 15:10:00,13.425
2016-10-04 15:20:00,13.425
2016-10-04 15:30:00,13.69
2016-10-04 15:40:00,13.497
2016-10-04 15:50:00,13.618
2016-10-04 16:00:00,13.546
2016-10-04 16:10:00,13.642
2016-10-04 16:20:00,13.618
2016-10-04 16:30:00,13.546
2016-10-04 16:40:00,13.497
2016-10-04 16:50:00,13.473
2016-10-04 17:00:00,13.473
2016-10-04 17:10:00,13.425
2016-10-04 17:20:00,13.425
2016-10-04 17:30:00,13.666
2016-10-04 17:40:00,13.858
2016-10-04 17:50:00,14.002
2016-10-04 18:00:00,14.002
2016-10-04 18:10:00,13.978
2016-10-04 18:20:00,14.074
2016-10-04 18:30:00,14.05
2016-10-04 18:40:00,14.002
2016-10-04 18:50:00,14.026
2016-10-04 19:00:00,14.002
2016-10-04 19:10:00,14.026
2016-10-04 19:20:00,14.098
2016-10-04 19:30:00,14.098
2016-10-04 19:40:00,14.074
2016-10-04 19:50:00,14.122
2016-10-04 20:00:00,14.122
2016-10-04 20:10:00,14.17
2016-10-04 20:20:00,14.218
2016-10-04 20:30:00,14.242
2016-10-04 20:40:00,14.242
2016-10-04 20:50:00,14.266
2016-10-04 21:00:00,14.29
2016-10-04 21:10:00,14.337
2016-10-04 21:20:00,14.361
2016-10-04 21:30:00,14.361
2016-10-04 21:40:00,14.409
2016-10-04 21:50:00,14.433
2016-10-04 22:00:00,14.577
2016-10-04 22:10:00,14.673
2016-10-04 22:20:00,14.697
2016-10-04 22:30:00,14.936
2016-10-04 22:40:00,15.294
2016-10-04 22:50:00,15.772
2016-10-04 23:00:00,16.058
2016-10-04 23:10:00,16.201
2016-10-04 23:20:00,16.129
2016-10-04 23:30:00,15.963
2016-10-04 23:40:00,15.796
2016-10-04 23:50:00,15.652
2016-10-05 00:00:00,15.509
2016-10-05 00:10:00,15.342
2016-10-05 00:20:00,15.199
2016-10-05 00:30:00,15.079
2016-10-05 00:40:00,14.96
2016-10-05 00:50:00,14.864
2016-10-05 01:00:00,14.745
2016-10-05 01:10:00,14.601
2016-10-05 01:20:00,14.409
2016-10-05 01:30:00,14.242
2016-10-05 01:40:00,14.05
2016-10-05 01:50:00,13.906
2016-10-05 02:00:00,13.762
2016-10-05 02:10:00,13.642
2016-10-05 02:20:00,13.546
2016-10-05 02:30:00,13.473
2016-10-05 02:40:00,13.377
2016-10-05 02:50:00,13.257
2016-10-05 03:00:00,13.185
2016-10-05 03:10:00,13.088
2016-10-05 03:20:00,13.04
2016-10-05 03:30:00,12.992
2016-10-05 03:40:00,12.944
2016-10-05 03:50:00,12.871
2016-10-05 04:00:00,12.871
2016-10-05 04:10:00,12.775
2016-10-05 04:20:00,12.727
2016-10-05 04:30:00,12.727
2016-10-05 04:40:00,12.799
2016-10-05 04:50:00,12.847
2016-10-05 05:00:00,12.847
2016-10-05 05:10:00,12.847
2016-10-05 05:20:00,12.871
2016-10-05 05:30:00,13.016
2016-10-05 05:40:00,13.329
2016-10-05 05:50:00,13.305
2016-10-05 06:00:00,13.642
2016-10-05 06:10:00,13.738
2016-10-05 06:20:00,13.762
2016-10-05 06:30:00,13.738
2016-10-05 06:40:00,13.762
2016-10-05 06:50:00,13.786
2016-10-05 07:00:00,13.762
2016-10-05 07:10:00,13.786
2016-10-05 07:20:00,13.762
2016-10-05 07:30:00,13.762
2016-10-05 07:40:00,13.738
2016-10-05 07:50:00,13.738
2016-10-05 08:00:00,13.714
2016-10-05 08:10:00,13.714
2016-10-05 08:20:00,13.69
2016-10-05 08:30:00,13.666
2016-10-05 08:40:00,13.642
2016-10-05 08:50:00,13.618
2016-10-05 09:00:00,13.57
2016-10-05 09:10:00,13.522
2016-10-05 09:20:00,13.497
2016-10-05 09:30:00,13.449
2016-10-05 09:40:00,13.425
2016-10-05 09:50:00,13.377
2016-10-05 10:00:00,13.353
2016-10-05 10:10:00,13.353
2016-10-05 10:20:00,13.305
2016-10-05 10:30:00,13.281
2016-10-05 10:40:00,13.257
2016-10-05 10:50:00,13.209
2016-10-05 11:00:00,13.209
2016-10-05 11:10:00,13.185
2016-10-05 11:20:00,13.112
2016-10-05 11:30:00,12.992
2016-10-05 11:40:00,13.088
2016-10-05 11:50:00,12.92
2016-10-05 12:00:00,12.847
2016-10-05 12:10:00,12.775
2016-10-05 12:20:00,12.63
2016-10-05 12:30:00,12.63
2016-10-05 12:40:00,12.678
2016-10-05 12:50:00,12.534
2016-10-05 13:00:00,12.509
2016-10-05 13:10:00,12.437
2016-10-05 13:20:00,12.34
2016-10-05 13:30:00,12.268
2016-10-05 13:40:00,12.219
2016-10-05 13:50:00,12.171
2016-10-05 14:00:00,12.219
2016-10-05 14:10:00,12.389
2016-10-05 14:20:00,12.413
2016-10-05 14:30:00,12.654
2016-10-05 14:40:00,12.847
2016-10-05 14:50:00,13.064
2016-10-05 15:00:00,13.377
2016-10-05 15:10:00,13.473
2016-10-05 15:20:00,13.666
2016-10-05 15:30:00,13.666
2016-10-05 15:40:00,13.858
2016-10-05 15:50:00,13.93
2016-10-05 16:00:00,13.882
2016-10-05 16:10:00,14.026
2016-10-05 16:20:00,14.002
2016-10-05 16:30:00,13.834
2016-10-05 16:40:00,13.738
2016-10-05 16:50:00,13.714
2016-10-05 17:00:00,13.906
2016-10-05 17:10:00,13.93
2016-10-05 17:20:00,13.858
2016-10-05 17:30:00,13.882
2016-10-05 17:40:00,13.882
2016-10-05 17:50:00,13.858
2016-10-05 18:00:00,13.882
2016-10-05 18:10:00,13.858
2016-10-05 18:20:00,13.642
2016-10-05 18:30:00,13.858
2016-10-05 18:40:00,13.93
2016-10-05 18:50:00,13.978
2016-10-05 19:00:00,14.05
2016-10-05 19:10:00,14.074
2016-10-05 19:20:00,14.074
2016-10-05 19:30:00,14.122
2016-10-05 19:40:00,14.074
2016-10-05 19:50:00,14.098
2016-10-05 20:00:00,14.098
2016-10-05 20:10:00,14.146
2016-10-05 20:20:00,14.122
2016-10-05 20:30:00,14.218
2016-10-05 20:40:00,14.29
2016-10-05 20:50:00,14.266
2016-10-05 21:00:00,14.266
2016-10-05 21:10:00,14.29
2016-10-05 21:20:00,14.314
2016-10-05 21:30:00,14.361
2016-10-05 21:40:00,14.385
2016-10-05 21:50:00,14.433
2016-10-05 22:00:00,14.433
2016-10-05 22:10:00,14.457
2016-10-05 22:20:00,14.505
2016-10-05 22:30:00,14.529
2016-10-05 22:40:00,14.553
2016-10-05 22:50:00,14.553
2016-10-05 23:00:00,14.601
2016-10-05 23:10:00,14.601
2016-10-05 23:20:00,14.697
2016-10-05 23:30:00,14.697
2016-10-05 23:40:00,14.768
2016-10-05 23:50:00,14.792
2016-10-06 00:00:00,14.721
2016-10-06 00:10:00,14.505
2016-10-06 00:20:00,14.218
2016-10-06 00:30:00,14.074
2016-10-06 00:40:00,13.906
2016-10-06 00:50:00,13.762
2016-10-06 01:00:00,13.666
2016-10-06 01:10:00,13.57
2016-10-06 01:20:00,13.473
2016-10-06 01:30:00,13.305
2016-10-06 01:40:00,13.161
2016-10-06 01:50:00,13.016
2016-10-06 02:00:00,12.92
2016-10-06 02:10:00,12.871
2016-10-06 02:20:00,12.847
2016-10-06 02:30:00,12.823
2016-10-06 02:40:00,12.775
2016-10-06 02:50:00,12.678
2016-10-06 03:00:00,12.606
2016-10-06 03:10:00,12.534
2016-10-06 03:20:00,12.461
2016-10-06 03:30:00,12.413
2016-10-06 03:40:00,12.389
2016-10-06 03:50:00,12.364
2016-10-06 04:00:00,12.34
2016-10-06 04:10:00,12.243
2016-10-06 04:20:00,12.122
2016-10-06 04:30:00,12.001
2016-10-06 04:40:00,11.904
2016-10-06 04:50:00,11.807
2016-10-06 05:00:00,11.71
2016-10-06 05:10:00,11.662
2016-10-06 05:20:00,11.686
2016-10-06 05:30:00,11.516
2016-10-06 05:40:00,11.54
2016-10-06 05:50:00,11.807
2016-10-06 06:00:00,12.05
2016-10-06 06:10:00,12.437
2016-10-06 06:20:00,12.823
2016-10-06 06:30:00,13.04
2016-10-06 06:40:00,13.329
2016-10-06 06:50:00,13.401
2016-10-06 07:00:00,13.449
2016-10-06 07:10:00,13.425
2016-10-06 07:20:00,13.449
2016-10-06 07:30:00,13.449
2016-10-06 07:40:00,13.425
2016-10-06 07:50:00,13.401
2016-10-06 08:00:00,13.401
2016-10-06 08:10:00,13.353
2016-10-06 08:20:00,13.353
2016-10-06 08:30:00,13.329
2016-10-06 08:40:00,13.305
2016-10-06 08:50:00,13.305
2016-10-06 09:00:00,13.281
2016-10-06 09:10:00,13.281
2016-10-06 09:20:00,13.257
2016-10-06 09:30:00,13.233
2016-10-06 09:40:00,13.233
2016-10-06 09:50:00,13.233
2016-10-06 10:00:00,13.233
2016-10-06 10:10:00,13.209
2016-10-06 10:20:00,13.209
2016-10-06 10:30:00,13.209
2016-10-06 10:40:00,13.185
2016-10-06 10:50:00,13.185
2016-10-06 11:00:00,13.161
2016-10-06 11:10:00,13.161
2016-10-06 11:20:00,13.161
2016-10-06 11:30:00,13.161
2016-10-06 11:40:00,13.137
2016-10-06 11:50:00,13.112
2016-10-06 12:00:00,13.112
2016-10-06 12:10:00,13.064
2016-10-06 12:20:00,13.04
2016-10-06 12:30:00,13.064
2016-10-06 12:40:00,13.016
2016-10-06 12:50:00,12.968
2016-10-06 13:00:00,12.896
2016-10-06 13:10:00,12.92
2016-10-06 13:20:00,12.871
2016-10-06 13:30:00,12.896
2016-10-06 13:40:00,12.847
2016-10-06 13:50:00,12.727
2016-10-06 14:00:00,12.871
2016-10-06 14:10:00,12.871
2016-10-06 14:20:00,12.799
2016-10-06 14:30:00,12.606
2016-10-06 14:40:00,12.823
2016-10-06 14:50:00,13.016
2016-10-06 15:00:00,13.137
2016-10-06 15:10:00,13.257
2016-10-06 15:20:00,13.353
2016-10-06 15:30:00,13.377
2016-10-06 15:40:00,13.546
2016-10-06 15:50:00,13.546
2016-10-06 16:00:00,13.57
2016-10-06 16:10:00,13.714
2016-10-06 16:20:00,13.69
2016-10-06 16:30:00,13.594
2016-10-06 16:40:00,13.69
2016-10-06 16:50:00,13.666
2016-10-06 17:00:00,13.377
2016-10-06 17:10:00,13.594
2016-10-06 17:20:00,13.642
2016-10-06 17:30:00,13.546
2016-10-06 17:40:00,13.594
2016-10-06 17:50:00,13.497
2016-10-06 18:00:00,13.546
2016-10-06 18:10:00,13.546
2016-10-06 18:20:00,13.57
2016-10-06 18:30:00,13.594
2016-10-06 18:40:00,13.57
2016-10-06 18:50:00,13.642
2016-10-06 19:00:00,13.642
2016-10-06 19:10:00,13.666
2016-10-06 19:20:00,13.642
2016-10-06 19:30:00,13.642
2016-10-06 19:40:00,13.642
2016-10-06 19:50:00,13.69
2016-10-06 20:00:00,13.666
2016-10-06 20:10:00,13.714
2016-10-06 20:20:00,13.714
2016-10-06 20:30:00,13.762
2016-10-06 20:40:00,13.786
2016-10-06 20:50:00,13.81
2016-10-06 21:00:00,13.834
2016-10-06 21:10:00,13.834
2016-10-06 21:20:00,13.834
2016-10-06 21:30:00,13.834
2016-10-06 21:40:00,13.834
2016-10-06 21:50:00,13.81
2016-10-06 22:00:00,13.858
2016-10-06 22:10:00,13.882
2016-10-06 22:20:00,13.858
2016-10-06 22:30:00,13.882
2016-10-06 22:40:00,13.882
2016-10-06 22:50:00,13.858
2016-10-06 23:00:00,13.858
2016-10-06 23:10:00,13.786
2016-10-06 23:20:00,13.738
2016-10-06 23:30:00,13.642
2016-10-06 23:40:00,13.594
2016-10-06 23:50:00,13.618
2016-10-07 00:00:00,13.618
2016-10-07 00:10:00,13.666
2016-10-07 00:20:00,13.714
2016-10-07 00:30:00,13.69
2016-10-07 00:40:00,13.69
2016-10-07 00:50:00,13.594
2016-10-07 01:00:00,13.497
2016-10-07 01:10:00,13.449
2016-10-07 01:20:00,13.233
2016-10-07 01:30:00,13.04
2016-10-07 01:40:00,12.871
2016-10-07 01:50:00,12.678
2016-10-07 02:00:00,12.509
2016-10-07 02:10:00,12.389
2016-10-07 02:20:00,12.316
2016-10-07 02:30:00,12.268
2016-10-07 02:40:00,12.195
2016-10-07 02:50:00,12.098
2016-10-07 03:00:00,11.783
2016-10-07 03:10:00,11.54
2016-10-07 03:20:00,11.394
2016-10-07 03:30:00,11.273
2016-10-07 03:40:00,11.175
2016-10-07 03:50:00,11.053
2016-10-07 04:00:00,11.053
2016-10-07 04:10:00,11.005
2016-10-07 04:20:00,10.956
2016-10-07 04:30:00,11.005
2016-10-07 04:40:00,10.98
2016-10-07 04:50:00,11.078
2016-10-07 05:00:00,11.127
2016-10-07 05:10:00,11.151
2016-10-07 05:20:00,11.102
2016-10-07 05:30:00,11.151
2016-10-07 05:40:00,10.98
2016-10-07 05:50:00,10.834
2016-10-07 06:00:00,10.712
2016-10-07 06:10:00,10.687
2016-10-07 06:20:00,10.785
2016-10-07 06:30:00,10.834
2016-10-07 06:40:00,10.834
2016-10-07 06:50:00,10.932
2016-10-07 07:00:00,11.029
2016-10-07 07:10:00,11.783
2016-10-07 07:20:00,11.443
2016-10-07 07:30:00,11.904
2016-10-07 07:40:00,12.316
2016-10-07 07:50:00,12.292
2016-10-07 08:00:00,12.413
2016-10-07 08:10:00,12.534
2016-10-07 08:20:00,12.582
2016-10-07 08:30:00,12.534
2016-10-07 08:40:00,12.582
2016-10-07 08:50:00,12.582
2016-10-07 09:00:00,12.606
2016-10-07 09:10:00,12.678
2016-10-07 09:20:00,12.654
2016-10-07 09:30:00,12.727
2016-10-07 09:40:00,12.727
2016-10-07 09:50:00,12.751
2016-10-07 10:00:00,12.775
2016-10-07 10:10:00,12.775
2016-10-07 10:20:00,12.751
2016-10-07 10:30:00,12.751
2016-10-07 10:40:00,12.703
2016-10-07 10:50:00,12.703
2016-10-07 11:00:00,12.678
2016-10-07 11:10:00,12.654
2016-10-07 11:20:00,12.654
2016-10-07 11:30:00,12.63
2016-10-07 11:40:00,12.63
2016-10-07 11:50:00,12.63
2016-10-07 12:00:00,12.606
2016-10-07 12:10:00,12.606
2016-10-07 12:20:00,12.606
2016-10-07 12:30:00,12.606
2016-10-07 12:40:00,12.606
2016-10-07 12:50:00,12.606
2016-10-07 13:00:00,12.582
2016-10-07 13:10:00,12.606
2016-10-07 13:20:00,12.582
2016-10-07 13:30:00,12.582
2016-10-07 13:40:00,12.582
2016-10-07 13:50:00,12.558
2016-10-07 14:00:00,12.558
2016-10-07 14:10:00,12.582
2016-10-07 14:20:00,12.606
2016-10-07 14:30:00,12.63
2016-10-07 14:40:00,12.678
2016-10-07 14:50:00,12.799
2016-10-07 15:00:00,12.944
2016-10-07 15:10:00,13.016
2016-10-07 15:20:00,12.92
2016-10-07 15:30:00,13.064
2016-10-07 15:40:00,13.04
2016-10-07 15:50:00,13.209
2016-10-07 16:00:00,13.305
2016-10-07 16:10:00,13.257
2016-10-07 16:20:00,13.209
2016-10-07 16:30:00,13.016
2016-10-07 16:40:00,13.449
2016-10-07 16:50:00,13.401
2016-10-07 17:00:00,13.401
2016-10-07 17:10:00,13.522
2016-10-07 17:20:00,13.594
2016-10-07 17:30:00,13.57
2016-10-07 17:40:00,13.497
2016-10-07 17:50:00,13.546
2016-10-07 18:00:00,13.497
2016-10-07 18:10:00,13.473
2016-10-07 18:20:00,13.401
2016-10-07 18:30:00,13.449
2016-10-07 18:40:00,13.401
2016-10-07 18:50:00,13.449
2016-10-07 19:00:00,13.401
2016-10-07 19:10:00,13.401
2016-10-07 19:20:00,13.425
2016-10-07 19:30:00,13.401
2016-10-07 19:40:00,13.401
2016-10-07 19:50:00,13.353
2016-10-07 20:00:00,13.401
2016-10-07 20:10:00,13.401
2016-10-07 20:20:00,13.473
2016-10-07 20:30:00,13.401
2016-10-07 20:40:00,13.401
2016-10-07 20:50:00,13.281
2016-10-07 21:00:00,13.305
2016-10-07 21:10:00,13.305
2016-10-07 21:20:00,13.305
2016-10-07 21:30:00,13.329
2016-10-07 21:40:00,13.257
2016-10-07 21:50:00,13.209
2016-10-07 22:00:00,13.161
2016-10-07 22:10:00,13.209
2016-10-07 22:20:00,13.233
2016-10-07 22:30:00,13.209
2016-10-07 22:40:00,13.257
2016-10-07 22:50:00,13.305
2016-10-07 23:00:00,13.281
2016-10-07 23:10:00,13.233
2016-10-07 23:20:00,13.257
2016-10-07 23:30:00,13.281
2016-10-07 23:40:00,13.329
2016-10-07 23:50:00,13.329
2016-10-08 00:00:00,13.329
2016-10-08 00:10:00,13.305
2016-10-08 00:20:00,13.353
2016-10-08 00:30:00,13.377
2016-10-08 00:40:00,13.377
2016-10-08 00:50:00,13.473
2016-10-08 01:00:00,13.546
2016-10-08 01:10:00,13.57
2016-10-08 01:20:00,13.546
2016-10-08 01:30:00,13.522
2016-10-08 01:40:00,13.449
2016-10-08 01:50:00,13.281
2016-10-08 02:00:00,13.016
2016-10-08 02:10:00,12.727
2016-10-08 02:20:00,12.606
2016-10-08 02:30:00,12.437
2016-10-08 02:40:00,12.34
2016-10-08 02:50:00,12.171
2016-10-08 03:00:00,11.977
2016-10-08 03:10:00,11.832
2016-10-08 03:20:00,11.662
2016-10-08 03:30:00,11.419
2016-10-08 03:40:00,11.346
2016-10-08 03:50:00,11.2
2016-10-08 04:00:00,11.127
2016-10-08 04:10:00,11.005
2016-10-08 04:20:00,10.932
2016-10-08 04:30:00,10.736
2016-10-08 04:40:00,10.516
2016-10-08 04:50:00,10.369
2016-10-08 05:00:00,10.394
2016-10-08 05:10:00,10.369
2016-10-08 05:20:00,10.296
2016-10-08 05:30:00,10.198
2016-10-08 05:40:00,10.222
2016-10-08 05:50:00,10.32
2016-10-08 06:00:00,10.271
2016-10-08 06:10:00,10.173
2016-10-08 06:20:00,10.075
2016-10-08 06:30:00,10.026
2016-10-08 06:40:00,10.001
2016-10-08 06:50:00,10.051
2016-10-08 07:00:00,9.977
2016-10-08 07:10:00,10.051
2016-10-08 07:20:00,10.173
2016-10-08 07:30:00,10.296
2016-10-08 07:40:00,10.443
2016-10-08 07:50:00,10.394
2016-10-08 08:00:00,10.296
2016-10-08 08:10:00,10.296
2016-10-08 08:20:00,10.271
2016-10-08 08:30:00,10.32
2016-10-08 08:40:00,10.907
2016-10-08 08:50:00,11.832
2016-10-08 09:00:00,13.281
2016-10-08 09:10:00,13.112
2016-10-08 09:20:00,13.305
2016-10-08 09:30:00,14.266
2016-10-08 09:40:00,14.409
2016-10-08 09:50:00,14.409
2016-10-08 10:00:00,14.816
2016-10-08 10:10:00,14.912
2016-10-08 10:20:00,15.031
2016-10-08 10:30:00,14.96
2016-10-08 10:40:00,15.103
2016-10-08 10:50:00,15.175
2016-10-08 11:00:00,15.199
2016-10-08 11:10:00,15.103
2016-10-08 11:20:00,15.151
2016-10-08 11:30:00,15.127
2016-10-08 11:40:00,15.127
2016-10-08 11:50:00,15.055
2016-10-08 12:00:00,15.103
2016-10-08 12:10:00,15.079
2016-10-08 12:20:00,15.127
2016-10-08 12:30:00,15.103
2016-10-08 12:40:00,15.127
2016-10-08 12:50:00,15.055
2016-10-08 13:00:00,15.031
2016-10-08 13:10:00,15.079
2016-10-08 13:20:00,15.031
2016-10-08 13:30:00,15.031
2016-10-08 13:40:00,15.008
2016-10-08 13:50:00,15.008
2016-10-08 14:00:00,15.055
2016-10-08 14:10:00,15.103
2016-10-08 14:20:00,15.127
2016-10-08 14:30:00,15.031
2016-10-08 14:40:00,15.031
2016-10-08 14:50:00,15.199
2016-10-08 15:00:00,15.342
2016-10-08 15:10:00,15.509
2016-10-08 15:20:00,15.605
2016-10-08 15:30:00,15.843
2016-10-08 15:40:00,16.01
2016-10-08 15:50:00,16.129
2016-10-08 16:00:00,16.225
2016-10-08 16:10:00,16.392
2016-10-08 16:20:00,16.415
2016-10-08 16:30:00,16.582
2016-10-08 16:40:00,16.63
2016-10-08 16:50:00,16.654
2016-10-08 17:00:00,16.534
2016-10-08 17:10:00,16.725
2016-10-08 17:20:00,16.892
2016-10-08 17:30:00,16.915
2016-10-08 17:40:00,16.892
2016-10-08 17:50:00,17.177
2016-10-08 18:00:00,17.13
2016-10-08 18:10:00,16.701
2016-10-08 18:20:00,16.796
2016-10-08 18:30:00,16.463
2016-10-08 18:40:00,16.796
2016-10-08 18:50:00,16.654
2016-10-08 19:00:00,16.392
2016-10-08 19:10:00,16.415
2016-10-08 19:20:00,16.32
2016-10-08 19:30:00,16.272
2016-10-08 19:40:00,16.272
2016-10-08 19:50:00,16.272
2016-10-08 20:00:00,16.249
2016-10-08 20:10:00,16.368
2016-10-08 20:20:00,16.415
2016-10-08 20:30:00,16.463
2016-10-08 20:40:00,16.392
2016-10-08 20:50:00,16.392
2016-10-08 21:00:00,16.415
2016-10-08 21:10:00,16.439
2016-10-08 21:20:00,16.439
2016-10-08 21:30:00,16.463
2016-10-08 21:40:00,16.439
2016-10-08 21:50:00,16.511
2016-10-08 22:00:00,16.534
2016-10-08 22:10:00,16.582
2016-10-08 22:20:00,16.558
2016-10-08 22:30:00,16.606
2016-10-08 22:40:00,16.606
2016-10-08 22:50:00,16.606
2016-10-08 23:00:00,16.606
2016-10-08 23:10:00,16.606
2016-10-08 23:20:00,16.606
2016-10-08 23:30:00,16.582
2016-10-08 23:40:00,16.534
2016-10-08 23:50:00,16.463
2016-10-09 00:00:00,16.415
2016-10-09 00:10:00,16.344
2016-10-09 00:20:00,16.296
2016-10-09 00:30:00,16.177
2016-10-09 00:40:00,16.082
2016-10-09 00:50:00,15.986
2016-10-09 01:00:00,15.939
2016-10-09 01:10:00,15.843
2016-10-09 01:20:00,15.796
2016-10-09 01:30:00,15.724
2016-10-09 01:40:00,15.676
2016-10-09 01:50:00,15.581
2016-10-09 02:00:00,15.509
2016-10-09 02:10:00,15.294
2016-10-09 02:20:00,14.625
2016-10-09 02:30:00,14.122
2016-10-09 02:40:00,13.858
2016-10-09 02:50:00,13.738
2016-10-09 03:00:00,13.642
2016-10-09 03:10:00,13.425
2016-10-09 03:20:00,13.185
2016-10-09 03:30:00,12.968
2016-10-09 03:40:00,12.703
2016-10-09 03:50:00,12.485
2016-10-09 04:00:00,12.34
2016-10-09 04:10:00,12.195
2016-10-09 04:20:00,12.098
2016-10-09 04:30:00,12.001
2016-10-09 04:40:00,11.856
2016-10-09 04:50:00,11.71
2016-10-09 05:00:00,11.613
2016-10-09 05:10:00,11.54
2016-10-09 05:20:00,11.394
2016-10-09 05:30:00,11.321
2016-10-09 05:40:00,11.37
2016-10-09 05:50:00,11.37
2016-10-09 06:00:00,11.346
2016-10-09 06:10:00,11.273
2016-10-09 06:20:00,11.248
2016-10-09 06:30:00,11.127
2016-10-09 06:40:00,11.029
2016-10-09 06:50:00,11.078
2016-10-09 07:00:00,10.932
2016-10-09 07:10:00,10.81
2016-10-09 07:20:00,10.858
2016-10-09 07:30:00,10.907
2016-10-09 07:40:00,10.712
2016-10-09 07:50:00,10.638
2016-10-09 08:00:00,10.418
2016-10-09 08:10:00,10.345
2016-10-09 08:20:00,10.173
2016-10-09 08:30:00,9.952
2016-10-09 08:40:00,9.805
2016-10-09 08:50:00,9.756
2016-10-09 09:00:00,9.78
2016-10-09 09:10:00,9.805
2016-10-09 09:20:00,10.026
2016-10-09 09:30:00,9.903
2016-10-09 09:40:00,9.928
2016-10-09 09:50:00,10.1
2016-10-09 10:00:00,10.001
2016-10-09 10:10:00,10.932
2016-10-09 10:20:00,11.346
2016-10-09 10:30:00,12.63
2016-10-09 10:40:00,11.929
2016-10-09 10:50:00,13.112
2016-10-09 11:00:00,14.218
2016-10-09 11:10:00,14.409
2016-10-09 11:20:00,14.673
2016-10-09 11:30:00,14.697
2016-10-09 11:40:00,14.816
2016-10-09 11:50:00,14.888
2016-10-09 12:00:00,14.864
2016-10-09 12:10:00,14.912
2016-10-09 12:20:00,14.936
2016-10-09 12:30:00,14.864
2016-10-09 12:40:00,14.888
2016-10-09 12:50:00,14.936
2016-10-09 13:00:00,14.96
2016-10-09 13:10:00,14.984
2016-10-09 13:20:00,15.055
2016-10-09 13:30:00,15.127
2016-10-09 13:40:00,15.199
2016-10-09 13:50:00,15.247
2016-10-09 14:00:00,15.318
2016-10-09 14:10:00,15.294
2016-10-09 14:20:00,15.294
2016-10-09 14:30:00,15.342
2016-10-09 14:40:00,15.366
2016-10-09 14:50:00,15.318
2016-10-09 15:00:00,15.461
2016-10-09 15:10:00,15.605
2016-10-09 15:20:00,15.533
2016-10-09 15:30:00,15.819
2016-10-09 15:40:00,15.963
2016-10-09 15:50:00,16.225
2016-10-09 16:00:00,16.368
2016-10-09 16:10:00,16.511
2016-10-09 16:20:00,16.415
2016-10-09 16:30:00,16.654
2016-10-09 16:40:00,17.058
2016-10-09 16:50:00,16.796
2016-10-09 17:00:00,16.915
2016-10-09 17:10:00,16.511
2016-10-09 17:20:00,16.296
2016-10-09 17:30:00,16.439
2016-10-09 17:40:00,16.582
2016-10-09 17:50:00,16.844
2016-10-09 18:00:00,16.987
2016-10-09 18:10:00,16.868
2016-10-09 18:20:00,16.892
2016-10-09 18:30:00,16.963
2016-10-09 18:40:00,17.058
2016-10-09 18:50:00,17.011
2016-10-09 19:00:00,17.201
2016-10-09 19:10:00,17.034
2016-10-09 19:20:00,17.082
2016-10-09 19:30:00,16.939
2016-10-09 19:40:00,17.153
2016-10-09 19:50:00,16.987
2016-10-09 20:00:00,17.058
2016-10-09 20:10:00,16.987
2016-10-09 20:20:00,17.082
2016-10-09 20:30:00,16.987
2016-10-09 20:40:00,16.915
2016-10-09 20:50:00,17.011
2016-10-09 21:00:00,16.987
2016-10-09 21:10:00,17.011
2016-10-09 21:20:00,16.939
2016-10-09 21:30:00,16.939
2016-10-09 21:40:00,17.034
2016-10-09 21:50:00,16.939
2016-10-09 22:00:00,16.963
2016-10-09 22:10:00,16.987
2016-10-09 22:20:00,17.034
2016-10-09 22:30:00,17.034
2016-10-09 22:40:00,16.963
2016-10-09 22:50:00,17.034
2016-10-09 23:00:00,16.987
2016-10-09 23:10:00,17.034
2016-10-09 23:20:00,17.034
2016-10-09 23:30:00,17.034
2016-10-09 23:40:00,17.011
2016-10-09 23:50:00,17.011
2016-10-10 00:00:00,16.963
2016-10-10 00:10:00,16.939
2016-10-10 00:20:00,16.915
2016-10-10 00:30:00,16.892
2016-10-10 00:40:00,16.915
2016-10-10 00:50:00,16.915
2016-10-10 01:00:00,16.892
2016-10-10 01:10:00,16.892
2016-10-10 01:20:00,16.868
2016-10-10 01:30:00,16.82
2016-10-10 01:40:00,16.796
2016-10-10 01:50:00,16.773
2016-10-10 02:00:00,16.773
2016-10-10 02:10:00,16.749
2016-10-10 02:20:00,16.749
2016-10-10 02:30:00,16.725
2016-10-10 02:40:00,16.677
2016-10-10 02:50:00,16.606
2016-10-10 03:00:00,15.963
2016-10-10 03:10:00,16.177
2016-10-10 03:20:00,16.129
2016-10-10 03:30:00,16.106
2016-10-10 03:40:00,14.984
2016-10-10 03:50:00,14.816
2016-10-10 04:00:00,13.978
2016-10-10 04:10:00,13.546
2016-10-10 04:20:00,13.185
2016-10-10 04:30:00,12.92
2016-10-10 04:40:00,12.654
2016-10-10 04:50:00,12.509
2016-10-10 05:00:00,12.34
2016-10-10 05:10:00,12.098
2016-10-10 05:20:00,11.88
2016-10-10 05:30:00,11.759
2016-10-10 05:40:00,11.686
2016-10-10 05:50:00,11.54
2016-10-10 06:00:00,11.492
2016-10-10 06:10:00,11.443
2016-10-10 06:20:00,11.394
2016-10-10 06:30:00,11.589
2016-10-10 06:40:00,11.734
2016-10-10 06:50:00,11.637
2016-10-10 07:00:00,11.686
2016-10-10 07:10:00,11.613
2016-10-10 07:20:00,11.492
2016-10-10 07:30:00,11.394
2016-10-10 07:40:00,11.419
2016-10-10 07:50:00,11.37
2016-10-10 08:00:00,11.394
2016-10-10 08:10:00,11.662
2016-10-10 08:20:00,11.589
2016-10-10 08:30:00,11.419
2016-10-10 08:40:00,11.273
2016-10-10 08:50:00,11.175
2016-10-10 09:00:00,11.224
2016-10-10 09:10:00,11.127
2016-10-10 09:20:00,10.834
2016-10-10 09:30:00,10.687
2016-10-10 09:40:00,10.687
2016-10-10 09:50:00,10.687
2016-10-10 10:00:00,10.736
2016-10-10 10:10:00,10.516
2016-10-10 10:20:00,11.419
2016-10-10 10:30:00,12.509
2016-10-10 10:40:00,13.112
2016-10-10 10:50:00,12.485
2016-10-10 11:00:00,13.69
2016-10-10 11:10:00,15.414
2016-10-10 11:20:00,15.772
2016-10-10 11:30:00,15.796
2016-10-10 11:40:00,16.058
2016-10-10 11:50:00,16.225
2016-10-10 12:00:00,16.272
2016-10-10 12:10:00,16.344
2016-10-10 12:20:00,16.392
2016-10-10 12:30:00,16.392
2016-10-10 12:40:00,16.368
2016-10-10 12:50:00,16.415
2016-10-10 13:00:00,16.415
2016-10-10 13:10:00,16.439
2016-10-10 13:20:00,16.439
2016-10-10 13:30:00,16.439
2016-10-10 13:40:00,16.439
2016-10-10 13:50:00,16.463
2016-10-10 14:00:00,16.463
2016-10-10 14:10:00,16.463
2016-10-10 14:20:00,16.463
2016-10-10 14:30:00,16.463
2016-10-10 14:40:00,16.463
2016-10-10 14:50:00,16.463
2016-10-10 15:00:00,16.487
2016-10-10 15:10:00,16.487
2016-10-10 15:20:00,16.487
2016-10-10 15:30:00,16.511
2016-10-10 15:40:00,16.511
2016-10-10 15:50:00,16.534
2016-10-10 16:00:00,16.534
2016-10-10 16:10:00,16.558
2016-10-10 16:20:00,16.606
2016-10-10 16:30:00,16.558
2016-10-10 16:40:00,16.606
2016-10-10 16:50:00,16.749
2016-10-10 17:00:00,16.654
2016-10-10 17:10:00,16.701
2016-10-10 17:20:00,16.701
2016-10-10 17:30:00,16.82
2016-10-10 17:40:00,16.915
2016-10-10 17:50:00,17.034
2016-10-10 18:00:00,17.034
2016-10-10 18:10:00,16.963
2016-10-10 18:20:00,17.058
2016-10-10 18:30:00,17.058
2016-10-10 18:40:00,16.987
2016-10-10 18:50:00,17.272
2016-10-10 19:00:00,17.13
2016-10-10 19:10:00,17.177
2016-10-10 19:20:00,17.225
2016-10-10 19:30:00,17.32
2016-10-10 19:40:00,17.32
2016-10-10 19:50:00,17.296
2016-10-10 20:00:00,17.582
2016-10-10 20:10:00,17.368
2016-10-10 20:20:00,17.439
2016-10-10 20:30:00,17.201
2016-10-10 20:40:00,17.296
2016-10-10 20:50:00,16.987
2016-10-10 21:00:00,16.939
2016-10-10 21:10:00,16.868
2016-10-10 21:20:00,16.868
2016-10-10 21:30:00,16.773
2016-10-10 21:40:00,16.796
2016-10-10 21:50:00,16.773
2016-10-10 22:00:00,16.701
2016-10-10 22:10:00,16.654
2016-10-10 22:20:00,16.677
2016-10-10 22:30:00,16.654
2016-10-10 22:40:00,16.749
2016-10-10 22:50:00,16.582
2016-10-10 23:00:00,16.558
2016-10-10 23:10:00,16.606
2016-10-10 23:20:00,16.63
2016-10-10 23:30:00,16.63
2016-10-10 23:40:00,16.606
2016-10-10 23:50:00,16.582
2016-10-11 00:00:00,16.558
2016-10-11 00:10:00,16.534
2016-10-11 00:20:00,16.534
2016-10-11 00:30:00,16.534
2016-10-11 00:40:00,16.511
2016-10-11 00:50:00,16.487
2016-10-11 01:00:00,16.487
2016-10-11 01:10:00,16.463
2016-10-11 01:20:00,16.439
2016-10-11 01:30:00,16.439
2016-10-11 01:40:00,16.415
2016-10-11 01:50:00,16.368
2016-10-11 02:00:00,16.368
2016-10-11 02:10:00,16.344
2016-10-11 02:20:00,16.32
2016-10-11 02:30:00,16.32
2016-10-11 02:40:00,16.32
2016-10-11 02:50:00,16.32
2016-10-11 03:00:00,16.32
2016-10-11 03:10:00,16.32
2016-10-11 03:20:00,16.32
2016-10-11 03:30:00,16.32
2016-10-11 03:40:00,16.296
2016-10-11 03:50:00,16.296
2016-10-11 04:00:00,16.296
2016-10-11 04:10:00,16.272
2016-10-11 04:20:00,16.272
2016-10-11 04:30:00,16.272
2016-10-11 04:40:00,16.249
2016-10-11 04:50:00,16.153
2016-10-11 05:00:00,15.843
2016-10-11 05:10:00,15.652
2016-10-11 05:20:00,15.605
2016-10-11 05:30:00,15.509
2016-10-11 05:40:00,15.342
2016-10-11 05:50:00,15.223
2016-10-11 06:00:00,15.175
2016-10-11 06:10:00,15.151
2016-10-11 06:20:00,15.103
2016-10-11 06:30:00,15.008
2016-10-11 06:40:00,14.984
2016-10-11 06:50:00,14.96
2016-10-11 07:00:00,14.888
2016-10-11 07:10:00,14.864
2016-10-11 07:20:00,14.888
2016-10-11 07:30:00,14.84
2016-10-11 07:40:00,14.816
2016-10-11 07:50:00,14.816
2016-10-11 08:00:00,14.84
2016-10-11 08:10:00,14.768
2016-10-11 08:20:00,14.745
2016-10-11 08:30:00,14.697
2016-10-11 08:40:00,14.697
2016-10-11 08:50:00,14.697
2016-10-11 09:00:00,14.697
2016-10-11 09:10:00,14.697
2016-10-11 09:20:00,14.697
2016-10-11 09:30:00,14.673
2016-10-11 09:40:00,14.673
2016-10-11 09:50:00,14.673
2016-10-11 10:00:00,14.649
2016-10-11 10:10:00,14.601
2016-10-11 10:20:00,14.577
2016-10-11 10:30:00,14.553
2016-10-11 10:40:00,14.553
2016-10-11 10:50:00,14.481
2016-10-11 11:00:00,14.649
2016-10-11 11:10:00,14.649
2016-10-11 11:20:00,15.175
2016-10-11 11:30:00,15.27
2016-10-11 11:40:00,15.294
2016-10-11 11:50:00,15.342
2016-10-11 12:00:00,15.366
2016-10-11 12:10:00,15.39
2016-10-11 12:20:00,15.39
2016-10-11 12:30:00,15.39
2016-10-11 12:40:00,15.366
2016-10-11 12:50:00,15.342
2016-10-11 13:00:00,15.342
2016-10-11 13:10:00,15.318
2016-10-11 13:20:00,15.318
2016-10-11 13:30:00,15.318
2016-10-11 13:40:00,15.318
2016-10-11 13:50:00,15.318
2016-10-11 14:00:00,15.318
2016-10-11 14:10:00,15.318
2016-10-11 14:20:00,15.342
2016-10-11 14:30:00,15.342
2016-10-11 14:40:00,15.366
2016-10-11 14:50:00,15.366
2016-10-11 15:00:00,15.39
2016-10-11 15:10:00,15.39
2016-10-11 15:20:00,15.414
2016-10-11 15:30:00,15.438
2016-10-11 15:40:00,15.461
2016-10-11 15:50:00,15.461
2016-10-11 16:00:00,15.485
2016-10-11 16:10:00,15.533
2016-10-11 16:20:00,15.557
2016-10-11 16:30:00,15.629
2016-10-11 16:40:00,15.676
2016-10-11 16:50:00,15.724
2016-10-11 17:00:00,15.796
2016-10-11 17:10:00,15.819
2016-10-11 17:20:00,15.843
2016-10-11 17:30:00,15.939
2016-10-11 17:40:00,15.986
2016-10-11 17:50:00,15.986
2016-10-11 18:00:00,16.058
2016-10-11 18:10:00,16.225
2016-10-11 18:20:00,16.463
2016-10-11 18:30:00,16.63
2016-10-11 18:40:00,16.749
2016-10-11 18:50:00,16.963
2016-10-11 19:00:00,17.225
2016-10-11 19:10:00,17.962
2016-10-11 19:20:00,17.558
2016-10-11 19:30:00,17.796
2016-10-11 19:40:00,17.701
2016-10-11 19:50:00,18.081
2016-10-11 20:00:00,18.081
2016-10-11 20:10:00,17.986
2016-10-11 20:20:00,19.151
2016-10-11 20:30:00,18.794
2016-10-11 20:40:00,19.294
2016-10-11 20:50:00,18.58
2016-10-11 21:00:00,18.842
2016-10-11 21:10:00,18.985
2016-10-11 21:20:00,18.152
2016-10-11 21:30:00,17.629
2016-10-11 21:40:00,17.629
2016-10-11 21:50:00,17.344
2016-10-11 22:00:00,16.987
2016-10-11 22:10:00,16.677
2016-10-11 22:20:00,16.582
2016-10-11 22:30:00,16.463
2016-10-11 22:40:00,16.392
2016-10-11 22:50:00,16.344
2016-10-11 23:00:00,16.249
2016-10-11 23:10:00,16.201
2016-10-11 23:20:00,16.177
2016-10-11 23:30:00,16.129
2016-10-11 23:40:00,16.082
2016-10-11 23:50:00,16.034
2016-10-12 00:00:00,15.986
2016-10-12 00:10:00,15.939
2016-10-12 00:20:00,15.891
2016-10-12 00:30:00,15.867
2016-10-12 00:40:00,15.843
2016-10-12 00:50:00,15.819
2016-10-12 01:00:00,15.796
2016-10-12 01:10:00,15.772
2016-10-12 01:20:00,15.772
2016-10-12 01:30:00,15.748
2016-10-12 01:40:00,15.748
2016-10-12 01:50:00,15.772
2016-10-12 02:00:00,15.772
2016-10-12 02:10:00,15.772
2016-10-12 02:20:00,15.772
2016-10-12 02:30:00,15.748
2016-10-12 02:40:00,15.724
2016-10-12 02:50:00,15.724
2016-10-12 03:00:00,15.724
2016-10-12 03:10:00,15.7
2016-10-12 03:20:00,15.7
2016-10-12 03:30:00,15.7
2016-10-12 03:40:00,15.676
2016-10-12 03:50:00,15.676
2016-10-12 04:00:00,15.676
2016-10-12 04:10:00,15.652
2016-10-12 04:20:00,15.652
2016-10-12 04:30:00,15.652
2016-10-12 04:40:00,15.652
2016-10-12 04:50:00,15.629
2016-10-12 05:00:00,15.605
2016-10-12 05:10:00,15.557
2016-10-12 05:20:00,14.984
2016-10-12 05:30:00,13.954
2016-10-12 05:40:00,13.209
2016-10-12 05:50:00,12.678
2016-10-12 06:00:00,12.268
2016-10-12 06:10:00,12.05
2016-10-12 06:20:00,12.001
2016-10-12 06:30:00,11.953
2016-10-12 06:40:00,11.929
2016-10-12 06:50:00,11.832
2016-10-12 07:00:00,11.734
2016-10-12 07:10:00,11.613
2016-10-12 07:20:00,11.492
2016-10-12 07:30:00,11.419
2016-10-12 07:40:00,11.297
2016-10-12 07:50:00,11.053
2016-10-12 08:00:00,10.883
2016-10-12 08:10:00,10.956
2016-10-12 08:20:00,10.81
2016-10-12 08:30:00,10.59
2016-10-12 08:40:00,10.345
2016-10-12 08:50:00,10.222
2016-10-12 09:00:00,10.149
2016-10-12 09:10:00,10.051
2016-10-12 09:20:00,10.026
2016-10-12 09:30:00,10.026
2016-10-12 09:40:00,9.928
2016-10-12 09:50:00,9.879
2016-10-12 10:00:00,9.805
2016-10-12 10:10:00,9.805
2016-10-12 10:20:00,10.051
2016-10-12 10:30:00,10.32
2016-10-12 10:40:00,10.345
2016-10-12 10:50:00,10.345
2016-10-12 11:00:00,10.369
2016-10-12 11:10:00,10.32
2016-10-12 11:20:00,10.492
2016-10-12 11:30:00,10.394
2016-10-12 11:40:00,11.346
2016-10-12 11:50:00,11.686
2016-10-12 12:00:00,12.968
2016-10-12 12:10:00,13.738
2016-10-12 12:20:00,14.218
2016-10-12 12:30:00,14.553
2016-10-12 12:40:00,14.745
2016-10-12 12:50:00,14.84
2016-10-12 13:00:00,14.864
2016-10-12 13:10:00,14.936
2016-10-12 13:20:00,14.936
2016-10-12 13:30:00,14.936
2016-10-12 13:40:00,14.936
2016-10-12 13:50:00,14.936
2016-10-12 14:00:00,14.936
2016-10-12 14:10:00,14.936
2016-10-12 14:20:00,14.936
2016-10-12 14:30:00,14.936
2016-10-12 14:40:00,14.936
2016-10-12 14:50:00,14.936
2016-10-12 15:00:00,14.984
2016-10-12 15:10:00,15.008
2016-10-12 15:20:00,15.151
2016-10-12 15:30:00,15.151
2016-10-12 15:40:00,15.127
2016-10-12 15:50:00,15.151
2016-10-12 16:00:00,15.199
2016-10-12 16:10:00,15.223
2016-10-12 16:20:00,15.533
2016-10-12 16:30:00,15.509
2016-10-12 16:40:00,15.557
2016-10-12 16:50:00,15.581
2016-10-12 17:00:00,15.843
2016-10-12 17:10:00,15.796
2016-10-12 17:20:00,15.7
2016-10-12 17:30:00,15.676
2016-10-12 17:40:00,15.652
2016-10-12 17:50:00,15.939
2016-10-12 18:00:00,16.225
2016-10-12 18:10:00,16.32
2016-10-12 18:20:00,16.558
2016-10-12 18:30:00,16.987
2016-10-12 18:40:00,16.868
2016-10-12 18:50:00,17.748
2016-10-12 19:00:00,19.579
2016-10-12 19:10:00,20.579
2016-10-12 19:20:00,21.604
2016-10-12 19:30:00,20.913
2016-10-12 19:40:00,21.581
2016-10-12 19:50:00,22.489
2016-10-12 20:00:00,23.905
2016-10-12 20:10:00,25.065
2016-10-12 20:20:00,25.72
2016-10-12 20:30:00,26.256
2016-10-12 20:40:00,26.695
2016-10-12 20:50:00,26.549
2016-10-12 21:00:00,25.501
2016-10-12 21:10:00,25.453
2016-10-12 21:20:00,25.695
2016-10-12 21:30:00,25.841
2016-10-12 21:40:00,25.939
2016-10-12 21:50:00,25.477
2016-10-12 22:00:00,24.267
2016-10-12 22:10:00,23.448
2016-10-12 22:20:00,22.609
2016-10-12 22:30:00,20.984
2016-10-12 22:40:00,20.412
2016-10-12 22:50:00,19.698
2016-10-12 23:00:00,18.723
2016-10-12 23:10:00,17.701
2016-10-12 23:20:00,17.368
2016-10-12 23:30:00,16.725
2016-10-12 23:40:00,16.368
2016-10-12 23:50:00,16.177
2016-10-13 00:00:00,15.915
2016-10-13 00:10:00,15.819
2016-10-13 00:20:00,15.748
2016-10-13 00:30:00,15.676
2016-10-13 00:40:00,15.7
2016-10-13 00:50:00,15.676
2016-10-13 01:00:00,15.629
2016-10-13 01:10:00,15.605
2016-10-13 01:20:00,15.629
2016-10-13 01:30:00,15.652
2016-10-13 01:40:00,15.629
2016-10-13 01:50:00,15.605
2016-10-13 02:00:00,15.629
2016-10-13 02:10:00,15.652
2016-10-13 02:20:00,15.7
2016-10-13 02:30:00,15.724
2016-10-13 02:40:00,15.724
2016-10-13 02:50:00,15.7
2016-10-13 03:00:00,15.676
2016-10-13 03:10:00,15.652
2016-10-13 03:20:00,15.605
2016-10-13 03:30:00,15.533
2016-10-13 03:40:00,15.509
2016-10-13 03:50:00,15.461
2016-10-13 04:00:00,15.414
2016-10-13 04:10:00,15.39
2016-10-13 04:20:00,15.342
2016-10-13 04:30:00,15.366
2016-10-13 04:40:00,15.39
2016-10-13 04:50:00,15.342
2016-10-13 05:00:00,15.27
2016-10-13 05:10:00,15.223
2016-10-13 05:20:00,15.175
2016-10-13 05:30:00,15.127
2016-10-13 05:40:00,15.103
2016-10-13 05:50:00,15.079
2016-10-13 06:00:00,15.079
2016-10-13 06:10:00,15.031
2016-10-13 06:20:00,14.816
2016-10-13 06:30:00,14.721
2016-10-13 06:40:00,14.649
2016-10-13 06:50:00,14.601
2016-10-13 07:00:00,14.553
2016-10-13 07:10:00,14.505
2016-10-13 07:20:00,14.457
2016-10-13 07:30:00,14.409
2016-10-13 07:40:00,14.385
2016-10-13 07:50:00,14.409
2016-10-13 08:00:00,14.361
2016-10-13 08:10:00,14.337
2016-10-13 08:20:00,14.29
2016-10-13 08:30:00,14.266
2016-10-13 08:40:00,14.218
2016-10-13 08:50:00,14.218
2016-10-13 09:00:00,14.218
2016-10-13 09:10:00,14.194
2016-10-13 09:20:00,14.17
2016-10-13 09:30:00,14.05
2016-10-13 09:40:00,13.978
2016-10-13 09:50:00,13.882
2016-10-13 10:00:00,13.93
2016-10-13 10:10:00,13.978
2016-10-13 10:20:00,13.978
2016-10-13 10:30:00,13.954
2016-10-13 10:40:00,13.906
2016-10-13 10:50:00,13.834
2016-10-13 11:00:00,13.834
2016-10-13 11:10:00,13.858
2016-10-13 11:20:00,13.882
2016-10-13 11:30:00,13.858
2016-10-13 11:40:00,13.81
2016-10-13 11:50:00,13.69
2016-10-13 12:00:00,13.666
2016-10-13 12:10:00,13.69
2016-10-13 12:20:00,13.762
2016-10-13 12:30:00,14.026
2016-10-13 12:40:00,13.978
2016-10-13 12:50:00,14.433
2016-10-13 13:00:00,14.601
2016-10-13 13:10:00,14.673
2016-10-13 13:20:00,14.697
2016-10-13 13:30:00,14.697
2016-10-13 13:40:00,14.721
2016-10-13 13:50:00,14.721
2016-10-13 14:00:00,14.745
2016-10-13 14:10:00,14.745
2016-10-13 14:20:00,14.745
2016-10-13 14:30:00,14.745
2016-10-13 14:40:00,14.745
2016-10-13 14:50:00,14.745
2016-10-13 15:00:00,14.721
2016-10-13 15:10:00,14.721
2016-10-13 15:20:00,14.721
2016-10-13 15:30:00,14.721
2016-10-13 15:40:00,14.697
2016-10-13 15:50:00,14.697
2016-10-13 16:00:00,14.697
2016-10-13 16:10:00,14.697
2016-10-13 16:20:00,14.745
2016-10-13 16:30:00,14.936
2016-10-13 16:40:00,14.96
2016-10-13 16:50:00,14.96
2016-10-13 17:00:00,15.031
2016-10-13 17:10:00,15.175
2016-10-13 17:20:00,14.912
2016-10-13 17:30:00,14.888
2016-10-13 17:40:00,14.816
2016-10-13 17:50:00,15.008
2016-10-13 18:00:00,15.031
2016-10-13 18:10:00,15.223
2016-10-13 18:20:00,15.223
2016-10-13 18:30:00,15.557
2016-10-13 18:40:00,15.581
2016-10-13 18:50:00,15.652
2016-10-13 19:00:00,15.939
2016-10-13 19:10:00,16.415
2016-10-13 19:20:00,16.487
2016-10-13 19:30:00,17.843
2016-10-13 19:40:00,17.225
2016-10-13 19:50:00,18.366
2016-10-13 20:00:00,19.46
2016-10-13 20:10:00,19.294
2016-10-13 20:20:00,19.056
2016-10-13 20:30:00,18.889
2016-10-13 20:40:00,19.032
2016-10-13 20:50:00,18.961
2016-10-13 21:00:00,18.842
2016-10-13 21:10:00,19.27
2016-10-13 21:20:00,20.436
2016-10-13 21:30:00,20.222
2016-10-13 21:40:00,20.984
2016-10-13 21:50:00,21.676
2016-10-13 22:00:00,22.369
2016-10-13 22:10:00,22.92
2016-10-13 22:20:00,23.016
2016-10-13 22:30:00,22.848
2016-10-13 22:40:00,22.25
2016-10-13 22:50:00,21.772
2016-10-13 23:00:00,20.865
2016-10-13 23:10:00,20.103
2016-10-13 23:20:00,19.389
2016-10-13 23:30:00,18.176
2016-10-13 23:40:00,17.653
2016-10-13 23:50:00,17.439
2016-10-14 00:00:00,16.511
2016-10-14 00:10:00,15.939
2016-10-14 00:20:00,15.939
2016-10-14 00:30:00,15.533
2016-10-14 00:40:00,15.366
2016-10-14 00:50:00,15.199
2016-10-14 01:00:00,15.151
2016-10-14 01:10:00,15.103
2016-10-14 01:20:00,15.079
2016-10-14 01:30:00,15.055
2016-10-14 01:40:00,15.079
2016-10-14 01:50:00,15.079
2016-10-14 02:00:00,15.079
2016-10-14 02:10:00,15.103
2016-10-14 02:20:00,15.079
2016-10-14 02:30:00,15.103
2016-10-14 02:40:00,15.127
2016-10-14 02:50:00,15.127
2016-10-14 03:00:00,15.127
2016-10-14 03:10:00,15.127
2016-10-14 03:20:00,15.151
2016-10-14 03:30:00,15.151
2016-10-14 03:40:00,15.151
2016-10-14 03:50:00,15.175
2016-10-14 04:00:00,15.151
2016-10-14 04:10:00,15.175
2016-10-14 04:20:00,15.175
2016-10-14 04:30:00,15.175
2016-10-14 04:40:00,15.175
2016-10-14 04:50:00,15.175
2016-10-14 05:00:00,15.175
2016-10-14 05:10:00,15.175
2016-10-14 05:20:00,15.199
2016-10-14 05:30:00,15.199
2016-10-14 05:40:00,15.199
2016-10-14 05:50:00,15.199
2016-10-14 06:00:00,15.199
2016-10-14 06:10:00,15.175
2016-10-14 06:20:00,15.175
2016-10-14 06:30:00,15.151
2016-10-14 06:40:00,15.127
2016-10-14 06:50:00,15.127
2016-10-14 07:00:00,15.103
2016-10-14 07:10:00,15.055
2016-10-14 07:20:00,15.055
2016-10-14 07:30:00,14.912
2016-10-14 07:40:00,14.84
2016-10-14 07:50:00,14.721
2016-10-14 08:00:00,14.625
2016-10-14 08:10:00,14.625
2016-10-14 08:20:00,14.601
2016-10-14 08:30:00,14.553
2016-10-14 08:40:00,14.505
2016-10-14 08:50:00,14.457
2016-10-14 09:00:00,14.433
2016-10-14 09:10:00,14.409
2016-10-14 09:20:00,14.385
2016-10-14 09:30:00,14.385
2016-10-14 09:40:00,14.409
2016-10-14 09:50:00,14.409
2016-10-14 10:00:00,14.409
2016-10-14 10:10:00,14.385
2016-10-14 10:20:00,14.337
2016-10-14 10:30:00,14.337
2016-10-14 10:40:00,14.337
2016-10-14 10:50:00,14.314
2016-10-14 11:00:00,14.266
2016-10-14 11:10:00,14.242
2016-10-14 11:20:00,14.266
2016-10-14 11:30:00,14.218
2016-10-14 11:40:00,14.194
2016-10-14 11:50:00,14.17
2016-10-14 12:00:00,14.17
2016-10-14 12:10:00,14.194
2016-10-14 12:20:00,14.409
2016-10-14 12:30:00,14.457
2016-10-14 12:40:00,14.457
2016-10-14 12:50:00,14.457
2016-10-14 13:00:00,14.433
2016-10-14 13:10:00,14.409
2016-10-14 13:20:00,14.385
2016-10-14 13:30:00,14.385
2016-10-14 13:40:00,14.361
2016-10-14 13:50:00,14.361
2016-10-14 14:00:00,14.337
2016-10-14 14:10:00,14.337
2016-10-14 14:20:00,14.337
2016-10-14 14:30:00,14.337
2016-10-14 14:40:00,14.337
2016-10-14 14:50:00,14.337
2016-10-14 15:00:00,14.337
2016-10-14 15:10:00,14.337
2016-10-14 15:20:00,14.337
2016-10-14 15:30:00,14.337
2016-10-14 15:40:00,14.337
2016-10-14 15:50:00,14.361
2016-10-14 16:00:00,14.361
2016-10-14 16:10:00,14.361
2016-10-14 16:20:00,14.385
2016-10-14 16:30:00,14.385
2016-10-14 16:40:00,14.385
2016-10-14 16:50:00,14.409
2016-10-14 17:00:00,14.409
2016-10-14 17:10:00,14.457
2016-10-14 17:20:00,14.457
2016-10-14 17:30:00,14.505
2016-10-14 17:40:00,14.529
2016-10-14 17:50:00,14.601
2016-10-14 18:00:00,14.673
2016-10-14 18:10:00,14.864
2016-10-14 18:20:00,14.96
2016-10-14 18:30:00,14.84
2016-10-14 18:40:00,15.103
2016-10-14 18:50:00,15.008
2016-10-14 19:00:00,15.031
2016-10-14 19:10:00,15.103
2016-10-14 19:20:00,14.984
2016-10-14 19:30:00,15.079
2016-10-14 19:40:00,15.294
2016-10-14 19:50:00,15.39
2016-10-14 20:00:00,15.533
2016-10-14 20:10:00,15.724
2016-10-14 20:20:00,16.082
2016-10-14 20:30:00,16.749
2016-10-14 20:40:00,17.629
2016-10-14 20:50:00,17.653
2016-10-14 21:00:00,20.484
2016-10-14 21:10:00,18.675
2016-10-14 21:20:00,20.96
2016-10-14 21:30:00,23.16
2016-10-14 21:40:00,23.641
2016-10-14 21:50:00,23.665
2016-10-14 22:00:00,23.713
2016-10-14 22:10:00,22.776
2016-10-14 22:20:00,21.724
2016-10-14 22:30:00,21.342
2016-10-14 22:40:00,20.96
2016-10-14 22:50:00,19.151
2016-10-14 23:00:00,19.555
2016-10-14 23:10:00,19.746
2016-10-14 23:20:00,19.627
2016-10-14 23:30:00,19.413
2016-10-14 23:40:00,18.438
2016-10-14 23:50:00,17.843
2016-10-15 00:00:00,17.605
2016-10-15 00:10:00,17.463
2016-10-15 00:20:00,16.487
2016-10-15 00:30:00,16.225
2016-10-15 00:40:00,15.652
2016-10-15 00:50:00,15.414
2016-10-15 01:00:00,15.199
2016-10-15 01:10:00,15.103
2016-10-15 01:20:00,15.031
2016-10-15 01:30:00,14.96
2016-10-15 01:40:00,14.936
2016-10-15 01:50:00,14.912
2016-10-15 02:00:00,14.888
2016-10-15 02:10:00,14.84
2016-10-15 02:20:00,14.84
2016-10-15 02:30:00,14.84
2016-10-15 02:40:00,14.816
2016-10-15 02:50:00,14.792
2016-10-15 03:00:00,14.792
2016-10-15 03:10:00,14.768
2016-10-15 03:20:00,14.768
2016-10-15 03:30:00,14.768
2016-10-15 03:40:00,14.768
2016-10-15 03:50:00,14.745
2016-10-15 04:00:00,14.745
2016-10-15 04:10:00,14.745
2016-10-15 04:20:00,14.745
2016-10-15 04:30:00,14.721
2016-10-15 04:40:00,14.721
2016-10-15 04:50:00,14.721
2016-10-15 05:00:00,14.697
2016-10-15 05:10:00,14.697
2016-10-15 05:20:00,14.697
2016-10-15 05:30:00,14.697
2016-10-15 05:40:00,14.697
2016-10-15 05:50:00,14.697
2016-10-15 06:00:00,14.697
2016-10-15 06:10:00,14.697
2016-10-15 06:20:00,14.697
2016-10-15 06:30:00,14.697
2016-10-15 06:40:00,14.673
2016-10-15 06:50:00,14.673
2016-10-15 07:00:00,14.649
2016-10-15 07:10:00,14.649
2016-10-15 07:20:00,14.649
2016-10-15 07:30:00,14.649
2016-10-15 07:40:00,14.649
2016-10-15 07:50:00,14.649
2016-10-15 08:00:00,14.649
2016-10-15 08:10:00,14.673
2016-10-15 08:20:00,14.673
2016-10-15 08:30:00,14.649
2016-10-15 08:40:00,14.697
2016-10-15 08:50:00,14.673
2016-10-15 09:00:00,14.649
2016-10-15 09:10:00,14.649
2016-10-15 09:20:00,14.745
2016-10-15 09:30:00,14.768
2016-10-15 09:40:00,14.792
2016-10-15 09:50:00,14.864
2016-10-15 10:00:00,14.936
2016-10-15 10:10:00,14.96
2016-10-15 10:20:00,15.008
2016-10-15 10:30:00,15.031
2016-10-15 10:40:00,15.055
2016-10-15 10:50:00,15.103
2016-10-15 11:00:00,15.151
2016-10-15 11:10:00,15.223
2016-10-15 11:20:00,15.247
2016-10-15 11:30:00,15.223
2016-10-15 11:40:00,15.103
2016-10-15 11:50:00,15.175
2016-10-15 12:00:00,15.199
2016-10-15 12:10:00,14.984
2016-10-15 12:20:00,14.888
2016-10-15 12:30:00,14.84
2016-10-15 12:40:00,14.816
2016-10-15 12:50:00,14.792
2016-10-15 13:00:00,14.792
2016-10-15 13:10:00,14.768
2016-10-15 13:20:00,14.768
2016-10-15 13:30:00,14.745
2016-10-15 13:40:00,14.745
2016-10-15 13:50:00,14.745
2016-10-15 14:00:00,14.721
2016-10-15 14:10:00,14.721
2016-10-15 14:20:00,14.721
2016-10-15 14:30:00,14.721
2016-10-15 14:40:00,14.697
2016-10-15 14:50:00,14.697
2016-10-15 15:00:00,14.697
2016-10-15 15:10:00,14.697
2016-10-15 15:20:00,14.697
2016-10-15 15:30:00,14.673
2016-10-15 15:40:00,14.649
2016-10-15 15:50:00,14.649
2016-10-15 16:00:00,14.673
2016-10-15 16:10:00,14.673
2016-10-15 16:20:00,14.673
2016-10-15 16:30:00,14.673
2016-10-15 16:40:00,14.673
2016-10-15 16:50:00,14.673
2016-10-15 17:00:00,14.649
2016-10-15 17:10:00,14.673
2016-10-15 17:20:00,14.673
2016-10-15 17:30:00,14.649
2016-10-15 17:40:00,14.673
2016-10-15 17:50:00,14.601
2016-10-15 18:00:00,14.577
2016-10-15 18:10:00,14.625
2016-10-15 18:20:00,14.625
2016-10-15 18:30:00,14.649
2016-10-15 18:40:00,14.649
2016-10-15 18:50:00,14.649
2016-10-15 19:00:00,14.673
2016-10-15 19:10:00,14.673
2016-10-15 19:20:00,14.721
2016-10-15 19:30:00,14.792
2016-10-15 19:40:00,14.864
2016-10-15 19:50:00,14.84
2016-10-15 20:00:00,14.864
2016-10-15 20:10:00,14.936
2016-10-15 20:20:00,14.96
2016-10-15 20:30:00,15.079
2016-10-15 20:40:00,15.485
2016-10-15 20:50:00,15.915
2016-10-15 21:00:00,16.463
2016-10-15 21:10:00,15.986
2016-10-15 21:20:00,16.701
2016-10-15 21:30:00,17.677
2016-10-15 21:40:00,17.701
2016-10-15 21:50:00,17.463
2016-10-15 22:00:00,17.867
2016-10-15 22:10:00,18.2
2016-10-15 22:20:00,17.986
2016-10-15 22:30:00,18.057
2016-10-15 22:40:00,18.2
2016-10-15 22:50:00,18.033
2016-10-15 23:00:00,17.843
2016-10-15 23:10:00,17.605
2016-10-15 23:20:00,17.415
2016-10-15 23:30:00,17.368
2016-10-15 23:40:00,17.32
2016-10-15 23:50:00,17.249
2016-10-16 00:00:00,16.987
2016-10-16 00:10:00,16.892
2016-10-16 00:20:00,17.011
2016-10-16 00:30:00,16.677
2016-10-16 00:40:00,16.701
2016-10-16 00:50:00,16.582
2016-10-16 01:00:00,16.534
2016-10-16 01:10:00,16.368
2016-10-16 01:20:00,15.891
2016-10-16 01:30:00,15.438
2016-10-16 01:40:00,15.151
2016-10-16 01:50:00,14.984
2016-10-16 02:00:00,14.96
2016-10-16 02:10:00,14.888
2016-10-16 02:20:00,14.888
2016-10-16 02:30:00,14.84
2016-10-16 02:40:00,14.84
2016-10-16 02:50:00,14.816
2016-10-16 03:00:00,14.816
2016-10-16 03:10:00,14.816
2016-10-16 03:20:00,14.816
2016-10-16 03:30:00,14.816
2016-10-16 03:40:00,14.84
2016-10-16 03:50:00,14.84
2016-10-16 04:00:00,14.84
2016-10-16 04:10:00,14.84
2016-10-16 04:20:00,14.84
2016-10-16 04:30:00,14.84
2016-10-16 04:40:00,14.864
2016-10-16 04:50:00,14.864
2016-10-16 05:00:00,14.864
2016-10-16 05:10:00,14.864
2016-10-16 05:20:00,14.888
2016-10-16 05:30:00,14.864
2016-10-16 05:40:00,14.864
2016-10-16 05:50:00,14.888
2016-10-16 06:00:00,14.864
2016-10-16 06:10:00,14.888
2016-10-16 06:20:00,14.888
2016-10-16 06:30:00,14.888
2016-10-16 06:40:00,14.912
2016-10-16 06:50:00,14.912
2016-10-16 07:00:00,14.936
2016-10-16 07:10:00,14.936
2016-10-16 07:20:00,14.96
2016-10-16 07:30:00,14.984
2016-10-16 07:40:00,14.984
2016-10-16 07:50:00,14.984
2016-10-16 08:00:00,14.984
2016-10-16 08:10:00,15.008
2016-10-16 08:20:00,15.008
2016-10-16 08:30:00,15.031
2016-10-16 08:40:00,15.031
2016-10-16 08:50:00,15.055
2016-10-16 09:00:00,15.103
2016-10-16 09:10:00,15.127
2016-10-16 09:20:00,15.151
2016-10-16 09:30:00,15.366
2016-10-16 09:40:00,15.318
2016-10-16 09:50:00,15.366
2016-10-16 10:00:00,15.509
2016-10-16 10:10:00,15.629
2016-10-16 10:20:00,15.652
2016-10-16 10:30:00,15.7
2016-10-16 10:40:00,15.724
2016-10-16 10:50:00,15.7
2016-10-16 11:00:00,15.724
2016-10-16 11:10:00,15.772
2016-10-16 11:20:00,15.772
2016-10-16 11:30:00,15.796
2016-10-16 11:40:00,15.796
2016-10-16 11:50:00,15.843
2016-10-16 12:00:00,15.843
2016-10-16 12:10:00,15.867
2016-10-16 12:20:00,15.724
2016-10-16 12:30:00,15.652
2016-10-16 12:40:00,15.605
2016-10-16 12:50:00,15.438
2016-10-16 13:00:00,15.27
2016-10-16 13:10:00,15.247
2016-10-16 13:20:00,15.175
2016-10-16 13:30:00,15.103
2016-10-16 13:40:00,15.079
2016-10-16 13:50:00,15.031
2016-10-16 14:00:00,15.031
2016-10-16 14:10:00,15.031
2016-10-16 14:20:00,15.031
2016-10-16 14:30:00,15.031
2016-10-16 14:40:00,15.008
2016-10-16 14:50:00,15.031
2016-10-16 15:00:00,15.008
2016-10-16 15:10:00,15.008
2016-10-16 15:20:00,15.008
2016-10-16 15:30:00,15.008
2016-10-16 15:40:00,15.055
2016-10-16 15:50:00,15.008
2016-10-16 16:00:00,15.008
2016-10-16 16:10:00,14.984
2016-10-16 16:20:00,15.008
2016-10-16 16:30:00,15.008
2016-10-16 16:40:00,15.008
2016-10-16 16:50:00,15.031
2016-10-16 17:00:00,15.031
2016-10-16 17:10:00,15.079
2016-10-16 17:20:00,15.103
2016-10-16 17:30:00,15.127
2016-10-16 17:40:00,15.151
2016-10-16 17:50:00,15.151
2016-10-16 18:00:00,15.199
2016-10-16 18:10:00,15.318
2016-10-16 18:20:00,15.342
2016-10-16 18:30:00,15.318
2016-10-16 18:40:00,15.414
2016-10-16 18:50:00,15.438
2016-10-16 19:00:00,15.414
2016-10-16 19:10:00,15.461
2016-10-16 19:20:00,15.485
2016-10-16 19:30:00,15.461
2016-10-16 19:40:00,15.605
2016-10-16 19:50:00,15.652
2016-10-16 20:00:00,15.676
2016-10-16 20:10:00,15.724
2016-10-16 20:20:00,15.843
2016-10-16 20:30:00,15.819
2016-10-16 20:40:00,15.963
2016-10-16 20:50:00,16.01
2016-10-16 21:00:00,16.082
2016-10-16 21:10:00,16.225
2016-10-16 21:20:00,16.392
2016-10-16 21:30:00,16.249
2016-10-16 21:40:00,17.177
2016-10-16 21:50:00,18.081
2016-10-16 22:00:00,18.58
2016-10-16 22:10:00,19.984
2016-10-16 22:20:00,20.103
2016-10-16 22:30:00,20.031
2016-10-16 22:40:00,20.031
2016-10-16 22:50:00,19.936
2016-10-16 23:00:00,19.555
2016-10-16 23:10:00,19.27
2016-10-16 23:20:00,18.723
2016-10-16 23:30:00,18.319
2016-10-16 23:40:00,18.271
2016-10-16 23:50:00,18.081
2016-10-17 00:00:00,17.986
2016-10-17 00:10:00,17.891
2016-10-17 00:20:00,17.701
2016-10-17 00:30:00,17.439
2016-10-17 00:40:00,17.177
2016-10-17 00:50:00,17.034
2016-10-17 01:00:00,16.915
2016-10-17 01:10:00,16.796
2016-10-17 01:20:00,16.725
2016-10-17 01:30:00,16.654
2016-10-17 01:40:00,16.63
2016-10-17 01:50:00,16.582
2016-10-17 02:00:00,16.534
2016-10-17 02:10:00,16.558
2016-10-17 02:20:00,16.368
2016-10-17 02:30:00,16.249
2016-10-17 02:40:00,16.01
2016-10-17 02:50:00,15.915
2016-10-17 03:00:00,15.796
2016-10-17 03:10:00,15.748
2016-10-17 03:20:00,15.748
2016-10-17 03:30:00,15.748
2016-10-17 03:40:00,15.748
2016-10-17 03:50:00,15.748
2016-10-17 04:00:00,15.772
2016-10-17 04:10:00,15.796
2016-10-17 04:20:00,15.843
2016-10-17 04:30:00,15.891
2016-10-17 04:40:00,15.891
2016-10-17 04:50:00,15.939
2016-10-17 05:00:00,15.986
2016-10-17 05:10:00,16.034
2016-10-17 05:20:00,16.058
2016-10-17 05:30:00,16.082
2016-10-17 05:40:00,16.082
2016-10-17 05:50:00,16.082
2016-10-17 06:00:00,16.034
2016-10-17 06:10:00,16.058
2016-10-17 06:20:00,16.058
2016-10-17 06:30:00,16.058
2016-10-17 06:40:00,16.082
2016-10-17 06:50:00,16.082
2016-10-17 07:00:00,16.058
2016-10-17 07:10:00,16.034
2016-10-17 07:20:00,16.058
2016-10-17 07:30:00,16.082
2016-10-17 07:40:00,16.058
2016-10-17 07:50:00,16.058
2016-10-17 08:00:00,16.058
2016-10-17 08:10:00,16.058
2016-10-17 08:20:00,16.058
2016-10-17 08:30:00,16.058
2016-10-17 08:40:00,16.058
2016-10-17 08:50:00,16.058
2016-10-17 09:00:00,16.058
2016-10-17 09:10:00,16.034
2016-10-17 09:20:00,16.034
2016-10-17 09:30:00,16.01
2016-10-17 09:40:00,15.963
2016-10-17 09:50:00,15.963
2016-10-17 10:00:00,15.939
2016-10-17 10:10:00,15.891
2016-10-17 10:20:00,15.652
2016-10-17 10:30:00,15.557
2016-10-17 10:40:00,15.533
2016-10-17 10:50:00,15.509
2016-10-17 11:00:00,15.294
2016-10-17 11:10:00,15.127
2016-10-17 11:20:00,15.079
2016-10-17 11:30:00,15.031
2016-10-17 11:40:00,15.079
2016-10-17 11:50:00,15.175
2016-10-17 12:00:00,15.247
2016-10-17 12:10:00,15.247
2016-10-17 12:20:00,15.103
2016-10-17 12:30:00,15.008
2016-10-17 12:40:00,14.936
2016-10-17 12:50:00,14.888
2016-10-17 13:00:00,14.936
2016-10-17 13:10:00,14.984
2016-10-17 13:20:00,14.984
2016-10-17 13:30:00,15.175
2016-10-17 13:40:00,15.342
2016-10-17 13:50:00,15.605
2016-10-17 14:00:00,15.629
2016-10-17 14:10:00,15.724
2016-10-17 14:20:00,15.748
2016-10-17 14:30:00,15.796
2016-10-17 14:40:00,15.819
2016-10-17 14:50:00,15.843
2016-10-17 15:00:00,15.867
2016-10-17 15:10:00,15.891
2016-10-17 15:20:00,15.915
2016-10-17 15:30:00,15.915
2016-10-17 15:40:00,15.963
2016-10-17 15:50:00,15.986
2016-10-17 16:00:00,15.986
2016-10-17 16:10:00,15.986
2016-10-17 16:20:00,16.034
2016-10-17 16:30:00,16.082
2016-10-17 16:40:00,16.106
2016-10-17 16:50:00,16.106
2016-10-17 17:00:00,16.153
2016-10-17 17:10:00,16.225
2016-10-17 17:20:00,16.272
2016-10-17 17:30:00,16.296
2016-10-17 17:40:00,16.296
2016-10-17 17:50:00,16.32
2016-10-17 18:00:00,16.415
2016-10-17 18:10:00,16.415
2016-10-17 18:20:00,16.415
2016-10-17 18:30:00,16.463
2016-10-17 18:40:00,16.463
2016-10-17 18:50:00,16.487
2016-10-17 19:00:00,16.511
2016-10-17 19:10:00,16.558
2016-10-17 19:20:00,16.558
2016-10-17 19:30:00,16.582
2016-10-17 19:40:00,16.63
2016-10-17 19:50:00,16.63
2016-10-17 20:00:00,16.677
2016-10-17 20:10:00,16.749
2016-10-17 20:20:00,16.773
2016-10-17 20:30:00,16.796
2016-10-17 20:40:00,16.868
2016-10-17 20:50:00,16.915
2016-10-17 21:00:00,16.963
2016-10-17 21:10:00,16.987
2016-10-17 21:20:00,17.106
2016-10-17 21:30:00,17.153
2016-10-17 21:40:00,17.344
2016-10-17 21:50:00,17.629
2016-10-17 22:00:00,17.915
2016-10-17 22:10:00,18.366
2016-10-17 22:20:00,18.794
2016-10-17 22:30:00,19.199
2016-10-17 22:40:00,19.103
2016-10-17 22:50:00,18.913
2016-10-17 23:00:00,18.628
2016-10-17 23:10:00,18.438
2016-10-17 23:20:00,18.224
2016-10-17 23:30:00,17.962
2016-10-17 23:40:00,17.677
2016-10-17 23:50:00,17.391
2016-10-18 00:00:00,17.106
2016-10-18 00:10:00,16.868
2016-10-18 00:20:00,16.701
2016-10-18 00:30:00,16.511
2016-10-18 00:40:00,16.32
2016-10-18 00:50:00,16.129
2016-10-18 01:00:00,15.915
2016-10-18 01:10:00,15.724
2016-10-18 01:20:00,15.509
2016-10-18 01:30:00,15.366
2016-10-18 01:40:00,15.223
2016-10-18 01:50:00,15.103
2016-10-18 02:00:00,15.008
2016-10-18 02:10:00,14.936
2016-10-18 02:20:00,14.864
2016-10-18 02:30:00,14.816
2016-10-18 02:40:00,14.768
2016-10-18 02:50:00,14.649
2016-10-18 03:00:00,14.577
2016-10-18 03:10:00,14.553
2016-10-18 03:20:00,14.577
2016-10-18 03:30:00,14.553
2016-10-18 03:40:00,14.481
2016-10-18 03:50:00,15.008
2016-10-18 04:00:00,15.485
2016-10-18 04:10:00,15.629
2016-10-18 04:20:00,15.581
2016-10-18 04:30:00,15.7
2016-10-18 04:40:00,15.724
2016-10-18 04:50:00,15.7
2016-10-18 05:00:00,15.7
2016-10-18 05:10:00,15.676
2016-10-18 05:20:00,15.652
2016-10-18 05:30:00,15.652
2016-10-18 05:40:00,15.605
2016-10-18 05:50:00,15.581
2016-10-18 06:00:00,15.581
2016-10-18 06:10:00,15.557
2016-10-18 06:20:00,15.533
2016-10-18 06:30:00,15.509
2016-10-18 06:40:00,15.509
2016-10-18 06:50:00,15.485
2016-10-18 07:00:00,15.485
2016-10-18 07:10:00,15.461
2016-10-18 07:20:00,15.461
2016-10-18 07:30:00,15.438
2016-10-18 07:40:00,15.414
2016-10-18 07:50:00,15.414
2016-10-18 08:00:00,15.414
2016-10-18 08:10:00,15.39
2016-10-18 08:20:00,15.39
2016-10-18 08:30:00,15.414
2016-10-18 08:40:00,15.414
2016-10-18 08:50:00,15.39
2016-10-18 09:00:00,15.39
2016-10-18 09:10:00,15.39
2016-10-18 09:20:00,15.39
2016-10-18 09:30:00,15.39
2016-10-18 09:40:00,15.39
2016-10-18 09:50:00,15.366
2016-10-18 10:00:00,15.342
2016-10-18 10:10:00,15.342
2016-10-18 10:20:00,15.318
2016-10-18 10:30:00,15.294
2016-10-18 10:40:00,15.175
2016-10-18 10:50:00,15.175
2016-10-18 11:00:00,15.151
2016-10-18 11:10:00,15.008
2016-10-18 11:20:00,14.888
2016-10-18 11:30:00,14.864
2016-10-18 11:40:00,14.697
2016-10-18 11:50:00,14.17
2016-10-18 12:00:00,14.529
2016-10-18 12:10:00,14.337
2016-10-18 12:20:00,13.906
2016-10-18 12:30:00,13.954
2016-10-18 12:40:00,13.834
2016-10-18 12:50:00,13.618
2016-10-18 13:00:00,13.57
2016-10-18 13:10:00,13.546
2016-10-18 13:20:00,13.401
2016-10-18 13:30:00,13.786
2016-10-18 13:40:00,14.122
2016-10-18 13:50:00,14.146
2016-10-18 14:00:00,14.266
2016-10-18 14:10:00,14.314
2016-10-18 14:20:00,14.481
2016-10-18 14:30:00,14.577
2016-10-18 14:40:00,14.697
2016-10-18 14:50:00,14.745
2016-10-18 15:00:00,14.816
2016-10-18 15:10:00,14.84
2016-10-18 15:20:00,14.864
2016-10-18 15:30:00,14.864
2016-10-18 15:40:00,14.864
2016-10-18 15:50:00,14.792
2016-10-18 16:00:00,14.792
2016-10-18 16:10:00,14.792
2016-10-18 16:20:00,14.768
2016-10-18 16:30:00,14.721
2016-10-18 16:40:00,14.745
2016-10-18 16:50:00,14.721
2016-10-18 17:00:00,14.745
2016-10-18 17:10:00,14.721
2016-10-18 17:20:00,14.768
2016-10-18 17:30:00,14.745
2016-10-18 17:40:00,14.721
2016-10-18 17:50:00,14.697
2016-10-18 18:00:00,14.721
2016-10-18 18:10:00,14.745
2016-10-18 18:20:00,14.792
2016-10-18 18:30:00,14.745
2016-10-18 18:40:00,14.792
2016-10-18 18:50:00,14.792
2016-10-18 19:00:00,14.816
2016-10-18 19:10:00,14.864
2016-10-18 19:20:00,14.888
2016-10-18 19:30:00,14.888
2016-10-18 19:40:00,14.864
2016-10-18 19:50:00,14.888
2016-10-18 20:00:00,14.912
2016-10-18 20:10:00,14.96
2016-10-18 20:20:00,15.031
2016-10-18 20:30:00,15.055
2016-10-18 20:40:00,15.079
2016-10-18 20:50:00,15.127
2016-10-18 21:00:00,15.175
2016-10-18 21:10:00,15.151
2016-10-18 21:20:00,15.199
2016-10-18 21:30:00,15.223
2016-10-18 21:40:00,15.247
2016-10-18 21:50:00,15.294
2016-10-18 22:00:00,15.39
2016-10-18 22:10:00,15.509
2016-10-18 22:20:00,15.605
2016-10-18 22:30:00,15.796
2016-10-18 22:40:00,15.986
2016-10-18 22:50:00,16.106
2016-10-18 23:00:00,16.415
2016-10-18 23:10:00,16.606
2016-10-18 23:20:00,16.558
2016-10-18 23:30:00,16.463
2016-10-18 23:40:00,16.32
2016-10-18 23:50:00,16.177
2016-10-19 00:00:00,16.034
2016-10-19 00:10:00,15.915
2016-10-19 00:20:00,15.772
2016-10-19 00:30:00,15.629
2016-10-19 00:40:00,15.485
2016-10-19 00:50:00,15.318
2016-10-19 01:00:00,15.127
2016-10-19 01:10:00,14.936
2016-10-19 01:20:00,14.745
2016-10-19 01:30:00,14.577
2016-10-19 01:40:00,14.433
2016-10-19 01:50:00,14.29
2016-10-19 02:00:00,14.218
2016-10-19 02:10:00,14.146
2016-10-19 02:20:00,14.098
2016-10-19 02:30:00,14.05
2016-10-19 02:40:00,14.002
2016-10-19 02:50:00,13.93
2016-10-19 03:00:00,13.834
2016-10-19 03:10:00,13.714
2016-10-19 03:20:00,13.57
2016-10-19 03:30:00,13.449
2016-10-19 03:40:00,13.377
2016-10-19 03:50:00,13.209
2016-10-19 04:00:00,12.992
2016-10-19 04:10:00,12.799
2016-10-19 04:20:00,12.823
2016-10-19 04:30:00,12.799
2016-10-19 04:40:00,12.871
2016-10-19 04:50:00,12.896
2016-10-19 05:00:00,12.823
2016-10-19 05:10:00,12.944
2016-10-19 05:20:00,13.546
2016-10-19 05:30:00,13.906
2016-10-19 05:40:00,13.93
2016-10-19 05:50:00,13.93
2016-10-19 06:00:00,13.882
2016-10-19 06:10:00,13.882
2016-10-19 06:20:00,13.858
2016-10-19 06:30:00,13.834
2016-10-19 06:40:00,13.834
2016-10-19 06:50:00,13.834
2016-10-19 07:00:00,13.81
2016-10-19 07:10:00,13.738
2016-10-19 07:20:00,13.738
2016-10-19 07:30:00,13.714
2016-10-19 07:40:00,13.69
2016-10-19 07:50:00,13.666
2016-10-19 08:00:00,13.642
2016-10-19 08:10:00,13.594
2016-10-19 08:20:00,13.546
2016-10-19 08:30:00,13.497
2016-10-19 08:40:00,13.497
2016-10-19 08:50:00,13.473
2016-10-19 09:00:00,13.473
2016-10-19 09:10:00,13.449
2016-10-19 09:20:00,13.449
2016-10-19 09:30:00,13.425
2016-10-19 09:40:00,13.401
2016-10-19 09:50:00,13.401
2016-10-19 10:00:00,13.377
2016-10-19 10:10:00,13.377
2016-10-19 10:20:00,13.353
2016-10-19 10:30:00,13.353
2016-10-19 10:40:00,13.281
2016-10-19 10:50:00,13.281
2016-10-19 11:00:00,13.257
2016-10-19 11:10:00,13.257
2016-10-19 11:20:00,13.233
2016-10-19 11:30:00,13.185
2016-10-19 11:40:00,13.137
2016-10-19 11:50:00,13.04
2016-10-19 12:00:00,13.064
2016-10-19 12:10:00,12.871
2016-10-19 12:20:00,12.703
2016-10-19 12:30:00,12.437
2016-10-19 12:40:00,12.582
2016-10-19 12:50:00,12.292
2016-10-19 13:00:00,11.953
2016-10-19 13:10:00,11.88
2016-10-19 13:20:00,12.122
2016-10-19 13:30:00,11.807
2016-10-19 13:40:00,11.856
2016-10-19 13:50:00,11.88
2016-10-19 14:00:00,11.613
2016-10-19 14:10:00,12.098
2016-10-19 14:20:00,12.243
2016-10-19 14:30:00,12.316
2016-10-19 14:40:00,12.654
2016-10-19 14:50:00,12.63
2016-10-19 15:00:00,13.016
2016-10-19 15:10:00,13.185
2016-10-19 15:20:00,13.281
2016-10-19 15:30:00,13.305
2016-10-19 15:40:00,13.401
2016-10-19 15:50:00,13.401
2016-10-19 16:00:00,13.401
2016-10-19 16:10:00,13.425
2016-10-19 16:20:00,13.401
2016-10-19 16:30:00,13.377
2016-10-19 16:40:00,13.401
2016-10-19 16:50:00,13.401
2016-10-19 17:00:00,13.401
2016-10-19 17:10:00,13.425
2016-10-19 17:20:00,13.425
2016-10-19 17:30:00,13.497
2016-10-19 17:40:00,13.473
2016-10-19 17:50:00,13.497
2016-10-19 18:00:00,13.546
2016-10-19 18:10:00,13.522
2016-10-19 18:20:00,13.57
2016-10-19 18:30:00,13.594
2016-10-19 18:40:00,13.642
2016-10-19 18:50:00,13.618
2016-10-19 19:00:00,13.642
2016-10-19 19:10:00,13.666
2016-10-19 19:20:00,13.69
2016-10-19 19:30:00,13.69
2016-10-19 19:40:00,13.714
2016-10-19 19:50:00,13.738
2016-10-19 20:00:00,13.738
2016-10-19 20:10:00,13.762
2016-10-19 20:20:00,13.714
2016-10-19 20:30:00,13.69
2016-10-19 20:40:00,13.666
2016-10-19 20:50:00,13.69
2016-10-19 21:00:00,13.666
2016-10-19 21:10:00,13.57
2016-10-19 21:20:00,13.497
2016-10-19 21:30:00,13.425
2016-10-19 21:40:00,13.401
2016-10-19 21:50:00,13.305
2016-10-19 22:00:00,13.185
2016-10-19 22:10:00,13.233
2016-10-19 22:20:00,13.257
2016-10-19 22:30:00,13.281
2016-10-19 22:40:00,13.257
2016-10-19 22:50:00,13.329
2016-10-19 23:00:00,13.329
2016-10-19 23:10:00,13.546
2016-10-19 23:20:00,13.642
2016-10-19 23:30:00,13.858
2016-10-19 23:40:00,13.882
2016-10-19 23:50:00,13.954
2016-10-20 00:00:00,13.954
2016-10-20 00:10:00,13.882
2016-10-20 00:20:00,13.882
2016-10-20 00:30:00,13.93
2016-10-20 00:40:00,13.93
2016-10-20 00:50:00,13.906
2016-10-20 01:00:00,13.858
2016-10-20 01:10:00,13.858
2016-10-20 01:20:00,13.69
2016-10-20 01:30:00,13.353
2016-10-20 01:40:00,13.088
2016-10-20 01:50:00,13.064
2016-10-20 02:00:00,13.04
2016-10-20 02:10:00,13.016
2016-10-20 02:20:00,12.799
2016-10-20 02:30:00,12.509
2016-10-20 02:40:00,12.316
2016-10-20 02:50:00,12.171
2016-10-20 03:00:00,12.05
2016-10-20 03:10:00,12.001
2016-10-20 03:20:00,12.025
2016-10-20 03:30:00,12.05
2016-10-20 03:40:00,12.171
2016-10-20 03:50:00,12.243
2016-10-20 04:00:00,12.05
2016-10-20 04:10:00,11.929
2016-10-20 04:20:00,11.807
2016-10-20 04:30:00,11.734
2016-10-20 04:40:00,11.71
2016-10-20 04:50:00,11.613
2016-10-20 05:00:00,11.565
2016-10-20 05:10:00,11.516
2016-10-20 05:20:00,11.443
2016-10-20 05:30:00,11.346
2016-10-20 05:40:00,11.248
2016-10-20 05:50:00,11.078
2016-10-20 06:00:00,11.37
2016-10-20 06:10:00,11.2
2016-10-20 06:20:00,11.175
2016-10-20 06:30:00,11.759
2016-10-20 06:40:00,12.147
2016-10-20 06:50:00,12.437
2016-10-20 07:00:00,12.509
2016-10-20 07:10:00,12.534
2016-10-20 07:20:00,12.558
2016-10-20 07:30:00,12.606
2016-10-20 07:40:00,12.582
2016-10-20 07:50:00,12.582
2016-10-20 08:00:00,12.582
2016-10-20 08:10:00,12.558
2016-10-20 08:20:00,12.558
2016-10-20 08:30:00,12.558
2016-10-20 08:40:00,12.558
2016-10-20 08:50:00,12.558
2016-10-20 09:00:00,12.534
2016-10-20 09:10:00,12.534
2016-10-20 09:20:00,12.534
2016-10-20 09:30:00,12.534
2016-10-20 09:40:00,12.534
2016-10-20 09:50:00,12.509
2016-10-20 10:00:00,12.509
2016-10-20 10:10:00,12.509
2016-10-20 10:20:00,12.509
2016-10-20 10:30:00,12.509
2016-10-20 10:40:00,12.509
2016-10-20 10:50:00,12.509
2016-10-20 11:00:00,12.509
2016-10-20 11:10:00,12.485
2016-10-20 11:20:00,12.485
2016-10-20 11:30:00,12.461
2016-10-20 11:40:00,12.485
2016-10-20 11:50:00,12.461
2016-10-20 12:00:00,12.485
2016-10-20 12:10:00,12.461
2016-10-20 12:20:00,12.461
2016-10-20 12:30:00,12.461
2016-10-20 12:40:00,12.437
2016-10-20 12:50:00,12.413
2016-10-20 13:00:00,12.268
2016-10-20 13:10:00,12.316
2016-10-20 13:20:00,12.292
2016-10-20 13:30:00,12.316
2016-10-20 13:40:00,12.147
2016-10-20 13:50:00,12.147
2016-10-20 14:00:00,12.195
2016-10-20 14:10:00,12.122
2016-10-20 14:20:00,11.904
2016-10-20 14:30:00,12.074
2016-10-20 14:40:00,12.001
2016-10-20 14:50:00,12.122
2016-10-20 15:00:00,12.389
2016-10-20 15:10:00,12.582
2016-10-20 15:20:00,12.703
2016-10-20 15:30:00,12.823
2016-10-20 15:40:00,12.92
2016-10-20 15:50:00,12.847
2016-10-20 16:00:00,13.088
2016-10-20 16:10:00,13.064
2016-10-20 16:20:00,12.992
2016-10-20 16:30:00,13.04
2016-10-20 16:40:00,13.016
2016-10-20 16:50:00,12.944
2016-10-20 17:00:00,12.847
2016-10-20 17:10:00,12.847
2016-10-20 17:20:00,12.799
2016-10-20 17:30:00,12.823
2016-10-20 17:40:00,12.823
2016-10-20 17:50:00,12.823
2016-10-20 18:00:00,12.823
2016-10-20 18:10:00,12.799
2016-10-20 18:20:00,12.823
2016-10-20 18:30:00,12.751
2016-10-20 18:40:00,12.799
2016-10-20 18:50:00,12.823
2016-10-20 19:00:00,12.799
2016-10-20 19:10:00,12.847
2016-10-20 19:20:00,12.847
2016-10-20 19:30:00,12.871
2016-10-20 19:40:00,12.871
2016-10-20 19:50:00,12.871
2016-10-20 20:00:00,12.92
2016-10-20 20:10:00,12.968
2016-10-20 20:20:00,12.992
2016-10-20 20:30:00,13.016
2016-10-20 20:40:00,13.016
2016-10-20 20:50:00,13.016
2016-10-20 21:00:00,13.064
2016-10-20 21:10:00,13.04
2016-10-20 21:20:00,13.064
2016-10-20 21:30:00,13.088
2016-10-20 21:40:00,13.088
2016-10-20 21:50:00,13.088
2016-10-20 22:00:00,13.088
2016-10-20 22:10:00,13.088
2016-10-20 22:20:00,13.088
2016-10-20 22:30:00,13.088
2016-10-20 22:40:00,13.064
2016-10-20 22:50:00,13.064
2016-10-20 23:00:00,13.064
2016-10-20 23:10:00,13.04
2016-10-20 23:20:00,13.064
2016-10-20 23:30:00,13.064
2016-10-20 23:40:00,13.064
2016-10-20 23:50:00,13.112
2016-10-21 00:00:00,13.112
2016-10-21 00:10:00,13.088
2016-10-21 00:20:00,13.137
2016-10-21 00:30:00,13.185
2016-10-21 00:40:00,13.257
2016-10-21 00:50:00,13.185
2016-10-21 01:00:00,13.064
2016-10-21 01:10:00,12.847
2016-10-21 01:20:00,12.606
2016-10-21 01:30:00,12.389
2016-10-21 01:40:00,12.147
2016-10-21 01:50:00,11.953
2016-10-21 02:00:00,11.759
2016-10-21 02:10:00,11.589
2016-10-21 02:20:00,11.467
2016-10-21 02:30:00,11.346
2016-10-21 02:40:00,11.2
2016-10-21 02:50:00,11.127
2016-10-21 03:00:00,11.029
2016-10-21 03:10:00,10.932
2016-10-21 03:20:00,10.883
2016-10-21 03:30:00,10.883
2016-10-21 03:40:00,10.907
2016-10-21 03:50:00,10.883
2016-10-21 04:00:00,10.907
2016-10-21 04:10:00,11.37
2016-10-21 04:20:00,12.122
2016-10-21 04:30:00,12.292
2016-10-21 04:40:00,12.896
2016-10-21 04:50:00,13.04
2016-10-21 05:00:00,12.896
2016-10-21 05:10:00,12.34
2016-10-21 05:20:00,12.074
2016-10-21 05:30:00,11.783
2016-10-21 05:40:00,11.613
2016-10-21 05:50:00,11.37
2016-10-21 06:00:00,11.2
2016-10-21 06:10:00,11.078
2016-10-21 06:20:00,11.029
2016-10-21 06:30:00,10.858
2016-10-21 06:40:00,10.712
2016-10-21 06:50:00,10.761
2016-10-21 07:00:00,10.761
2016-10-21 07:10:00,10.932
2016-10-21 07:20:00,11.127
2016-10-21 07:30:00,11.053
2016-10-21 07:40:00,11.662
2016-10-21 07:50:00,12.171
2016-10-21 08:00:00,12.364
2016-10-21 08:10:00,12.413
2016-10-21 08:20:00,12.485
2016-10-21 08:30:00,12.509
2016-10-21 08:40:00,12.485
2016-10-21 08:50:00,12.509
2016-10-21 09:00:00,12.534
2016-10-21 09:10:00,12.509
2016-10-21 09:20:00,12.509
2016-10-21 09:30:00,12.558
2016-10-21 09:40:00,12.582
2016-10-21 09:50:00,12.606
2016-10-21 10:00:00,12.654
2016-10-21 10:10:00,12.727
2016-10-21 10:20:00,12.799
2016-10-21 10:30:00,12.847
2016-10-21 10:40:00,12.92
2016-10-21 10:50:00,12.944
2016-10-21 11:00:00,12.92
2016-10-21 11:10:00,12.968
2016-10-21 11:20:00,12.968
2016-10-21 11:30:00,13.016
2016-10-21 11:40:00,13.088
2016-10-21 11:50:00,13.112
2016-10-21 12:00:00,13.161
2016-10-21 12:10:00,13.209
2016-10-21 12:20:00,13.257
2016-10-21 12:30:00,13.281
2016-10-21 12:40:00,13.305
2016-10-21 12:50:00,13.353
2016-10-21 13:00:00,13.353
2016-10-21 13:10:00,13.377
2016-10-21 13:20:00,13.401
2016-10-21 13:30:00,13.401
2016-10-21 13:40:00,13.425
2016-10-21 13:50:00,13.425
2016-10-21 14:00:00,13.449
2016-10-21 14:10:00,13.473
2016-10-21 14:20:00,13.497
2016-10-21 14:30:00,13.522
2016-10-21 14:40:00,13.546
2016-10-21 14:50:00,13.546
2016-10-21 15:00:00,13.642
2016-10-21 15:10:00,13.762
2016-10-21 15:20:00,13.882
2016-10-21 15:30:00,13.978
2016-10-21 15:40:00,14.122
2016-10-21 15:50:00,14.17
2016-10-21 16:00:00,14.218
2016-10-21 16:10:00,14.457
2016-10-21 16:20:00,14.337
2016-10-21 16:30:00,14.529
2016-10-21 16:40:00,14.361
2016-10-21 16:50:00,14.529
2016-10-21 17:00:00,14.433
2016-10-21 17:10:00,14.409
2016-10-21 17:20:00,14.457
2016-10-21 17:30:00,14.505
2016-10-21 17:40:00,14.361
2016-10-21 17:50:00,14.361
2016-10-21 18:00:00,14.337
2016-10-21 18:10:00,14.314
2016-10-21 18:20:00,14.314
2016-10-21 18:30:00,14.242
2016-10-21 18:40:00,14.266
2016-10-21 18:50:00,14.218
2016-10-21 19:00:00,14.242
2016-10-21 19:10:00,14.242
2016-10-21 19:20:00,14.218
2016-10-21 19:30:00,14.194
2016-10-21 19:40:00,14.17
2016-10-21 19:50:00,14.194
2016-10-21 20:00:00,14.194
2016-10-21 20:10:00,14.218
2016-10-21 20:20:00,14.218
2016-10-21 20:30:00,14.218
2016-10-21 20:40:00,14.242
2016-10-21 20:50:00,14.314
2016-10-21 21:00:00,14.361
2016-10-21 21:10:00,14.385
2016-10-21 21:20:00,14.433
2016-10-21 21:30:00,14.481
2016-10-21 21:40:00,14.529
2016-10-21 21:50:00,14.553
2016-10-21 22:00:00,14.553
2016-10-21 22:10:00,14.553
2016-10-21 22:20:00,14.577
2016-10-21 22:30:00,14.577
2016-10-21 22:40:00,14.553
2016-10-21 22:50:00,14.553
2016-10-21 23:00:00,14.529
2016-10-21 23:10:00,14.529
2016-10-21 23:20:00,14.505
2016-10-21 23:30:00,14.481
2016-10-21 23:40:00,14.457
2016-10-21 23:50:00,14.433
2016-10-22 00:00:00,14.361
2016-10-22 00:10:00,14.29
2016-10-22 00:20:00,14.194
2016-10-22 00:30:00,14.122
2016-10-22 00:40:00,14.074
2016-10-22 00:50:00,14.05
2016-10-22 01:00:00,13.93
2016-10-22 01:10:00,13.834
2016-10-22 01:20:00,13.738
2016-10-22 01:30:00,13.714
2016-10-22 01:40:00,13.69
2016-10-22 01:50:00,13.522
2016-10-22 02:00:00,13.594
2016-10-22 02:10:00,13.666
2016-10-22 02:20:00,13.666
2016-10-22 02:30:00,13.666
2016-10-22 02:40:00,13.642
2016-10-22 02:50:00,13.57
2016-10-22 03:00:00,13.522
2016-10-22 03:10:00,13.497
2016-10-22 03:20:00,13.473
2016-10-22 03:30:00,13.449
2016-10-22 03:40:00,13.425
2016-10-22 03:50:00,13.401
2016-10-22 04:00:00,13.377
2016-10-22 04:10:00,13.377
2016-10-22 04:20:00,13.377
2016-10-22 04:30:00,13.353
2016-10-22 04:40:00,13.353
2016-10-22 04:50:00,13.329
2016-10-22 05:00:00,13.257
2016-10-22 05:10:00,13.112
2016-10-22 05:20:00,13.016
2016-10-22 05:30:00,12.896
2016-10-22 05:40:00,12.413
2016-10-22 05:50:00,12.122
2016-10-22 06:00:00,11.856
2016-10-22 06:10:00,11.662
2016-10-22 06:20:00,11.346
2016-10-22 06:30:00,11.102
2016-10-22 06:40:00,10.932
2016-10-22 06:50:00,10.687
2016-10-22 07:00:00,10.467
2016-10-22 07:10:00,10.271
2016-10-22 07:20:00,10.492
2016-10-22 07:30:00,10.956
2016-10-22 07:40:00,11.151
2016-10-22 07:50:00,11.273
2016-10-22 08:00:00,11.419
2016-10-22 08:10:00,11.71
2016-10-22 08:20:00,11.807
2016-10-22 08:30:00,12.074
2016-10-22 08:40:00,12.558
2016-10-22 08:50:00,12.775
2016-10-22 09:00:00,13.064
2016-10-22 09:10:00,13.257
2016-10-22 09:20:00,13.281
2016-10-22 09:30:00,13.401
2016-10-22 09:40:00,13.425
2016-10-22 09:50:00,13.473
2016-10-22 10:00:00,13.497
2016-10-22 10:10:00,13.497
2016-10-22 10:20:00,13.497
2016-10-22 10:30:00,13.497
2016-10-22 10:40:00,13.473
2016-10-22 10:50:00,13.449
2016-10-22 11:00:00,13.473
2016-10-22 11:10:00,13.473
2016-10-22 11:20:00,13.497
2016-10-22 11:30:00,13.497
2016-10-22 11:40:00,13.497
2016-10-22 11:50:00,13.449
2016-10-22 12:00:00,13.449
2016-10-22 12:10:00,13.449
2016-10-22 12:20:00,13.377
2016-10-22 12:30:00,13.377
2016-10-22 12:40:00,13.377
2016-10-22 12:50:00,13.377
2016-10-22 13:00:00,13.377
2016-10-22 13:10:00,13.353
2016-10-22 13:20:00,13.353
2016-10-22 13:30:00,13.353
2016-10-22 13:40:00,13.353
2016-10-22 13:50:00,13.329
2016-10-22 14:00:00,13.305
2016-10-22 14:10:00,13.305
2016-10-22 14:20:00,13.305
2016-10-22 14:30:00,13.329
2016-10-22 14:40:00,13.329
2016-10-22 14:50:00,13.353
2016-10-22 15:00:00,13.401
2016-10-22 15:10:00,13.473
2016-10-22 15:20:00,13.57
2016-10-22 15:30:00,13.642
2016-10-22 15:40:00,13.618
2016-10-22 15:50:00,13.69
2016-10-22 16:00:00,13.834
2016-10-22 16:10:00,13.906
2016-10-22 16:20:00,13.978
2016-10-22 16:30:00,14.074
2016-10-22 16:40:00,14.194
2016-10-22 16:50:00,14.266
2016-10-22 17:00:00,14.266
2016-10-22 17:10:00,14.361
2016-10-22 17:20:00,14.409
2016-10-22 17:30:00,14.409
2016-10-22 17:40:00,14.218
2016-10-22 17:50:00,14.266
2016-10-22 18:00:00,14.242
2016-10-22 18:10:00,14.361
2016-10-22 18:20:00,14.218
2016-10-22 18:30:00,14.242
2016-10-22 18:40:00,14.146
2016-10-22 18:50:00,14.122
2016-10-22 19:00:00,14.146
2016-10-22 19:10:00,14.074
2016-10-22 19:20:00,14.146
2016-10-22 19:30:00,14.026
2016-10-22 19:40:00,14.146
2016-10-22 19:50:00,14.026
2016-10-22 20:00:00,14.026
2016-10-22 20:10:00,14.026
2016-10-22 20:20:00,14.026
2016-10-22 20:30:00,13.978
2016-10-22 20:40:00,13.978
2016-10-22 20:50:00,14.026
2016-10-22 21:00:00,14.05
2016-10-22 21:10:00,14.074
2016-10-22 21:20:00,14.074
2016-10-22 21:30:00,14.098
2016-10-22 21:40:00,14.098
2016-10-22 21:50:00,14.122
2016-10-22 22:00:00,14.098
2016-10-22 22:10:00,14.098
2016-10-22 22:20:00,14.146
2016-10-22 22:30:00,14.122
2016-10-22 22:40:00,14.146
2016-10-22 22:50:00,14.122
2016-10-22 23:00:00,14.122
2016-10-22 23:10:00,14.122
2016-10-22 23:20:00,14.122
2016-10-22 23:30:00,14.122
2016-10-22 23:40:00,14.146
2016-10-22 23:50:00,14.146
2016-10-23 00:00:00,14.17
2016-10-23 00:10:00,14.17
2016-10-23 00:20:00,14.194
2016-10-23 00:30:00,14.194
2016-10-23 00:40:00,14.194
2016-10-23 00:50:00,14.194
2016-10-23 01:00:00,14.194
2016-10-23 01:10:00,14.194
2016-10-23 01:20:00,14.17
2016-10-23 01:30:00,14.194
2016-10-23 01:40:00,14.17
2016-10-23 01:50:00,14.17
2016-10-23 02:00:00,14.17
2016-10-23 02:10:00,14.17
2016-10-23 02:20:00,14.146
2016-10-23 02:30:00,14.122
2016-10-23 02:40:00,14.098
2016-10-23 02:50:00,14.074
2016-10-23 03:00:00,14.026
2016-10-23 03:10:00,13.906
2016-10-23 03:20:00,13.666
2016-10-23 03:30:00,13.786
2016-10-23 03:40:00,13.57
2016-10-23 03:50:00,12.968
2016-10-23 04:00:00,12.437
2016-10-23 04:10:00,12.074
2016-10-23 04:20:00,11.662
2016-10-23 04:30:00,11.394
2016-10-23 04:40:00,11.151
2016-10-23 04:50:00,10.81
2016-10-23 05:00:00,10.687
2016-10-23 05:10:00,10.736
2016-10-23 05:20:00,10.614
2016-10-23 05:30:00,10.541
2016-10-23 05:40:00,10.614
2016-10-23 05:50:00,10.736
2016-10-23 06:00:00,10.858
2016-10-23 06:10:00,11.053
2016-10-23 06:20:00,11.151
2016-10-23 06:30:00,11.2
2016-10-23 06:40:00,11.224
2016-10-23 06:50:00,11.321
2016-10-23 07:00:00,11.37
2016-10-23 07:10:00,11.516
2016-10-23 07:20:00,11.686
2016-10-23 07:30:00,11.783
2016-10-23 07:40:00,11.856
2016-10-23 07:50:00,11.977
2016-10-23 08:00:00,12.122
2016-10-23 08:10:00,12.195
2016-10-23 08:20:00,12.34
2016-10-23 08:30:00,12.437
2016-10-23 08:40:00,12.582
2016-10-23 08:50:00,12.63
2016-10-23 09:00:00,12.775
2016-10-23 09:10:00,12.92
2016-10-23 09:20:00,13.04
2016-10-23 09:30:00,13.209
2016-10-23 09:40:00,13.57
2016-10-23 09:50:00,13.69
2016-10-23 10:00:00,13.786
2016-10-23 10:10:00,13.834
2016-10-23 10:20:00,13.882
2016-10-23 10:30:00,13.906
2016-10-23 10:40:00,13.906
2016-10-23 10:50:00,13.93
2016-10-23 11:00:00,13.93
2016-10-23 11:10:00,13.93
2016-10-23 11:20:00,13.954
2016-10-23 11:30:00,13.978
2016-10-23 11:40:00,13.978
2016-10-23 11:50:00,13.954
2016-10-23 12:00:00,13.954
2016-10-23 12:10:00,13.978
2016-10-23 12:20:00,13.978
2016-10-23 12:30:00,13.978
2016-10-23 12:40:00,13.978
2016-10-23 12:50:00,13.954
2016-10-23 13:00:00,13.954
2016-10-23 13:10:00,13.93
2016-10-23 13:20:00,13.93
2016-10-23 13:30:00,13.93
2016-10-23 13:40:00,13.906
2016-10-23 13:50:00,13.906
2016-10-23 14:00:00,13.906
2016-10-23 14:10:00,13.906
2016-10-23 14:20:00,13.882
2016-10-23 14:30:00,13.906
2016-10-23 14:40:00,13.906
2016-10-23 14:50:00,13.882
2016-10-23 15:00:00,13.882
2016-10-23 15:10:00,13.906
2016-10-23 15:20:00,13.906
2016-10-23 15:30:00,13.93
2016-10-23 15:40:00,14.05
2016-10-23 15:50:00,14.122
2016-10-23 16:00:00,14.17
2016-10-23 16:10:00,14.314
2016-10-23 16:20:00,14.314
2016-10-23 16:30:00,14.385
2016-10-23 16:40:00,14.505
2016-10-23 16:50:00,14.649
2016-10-23 17:00:00,14.625
2016-10-23 17:10:00,14.697
2016-10-23 17:20:00,15.079
2016-10-23 17:30:00,14.816
2016-10-23 17:40:00,14.912
2016-10-23 17:50:00,15.008
2016-10-23 18:00:00,15.151
2016-10-23 18:10:00,15.199
2016-10-23 18:20:00,15.318
2016-10-23 18:30:00,15.103
2016-10-23 18:40:00,15.175
2016-10-23 18:50:00,15.031
2016-10-23 19:00:00,15.008
2016-10-23 19:10:00,15.008
2016-10-23 19:20:00,15.175
2016-10-23 19:30:00,15.175
2016-10-23 19:40:00,15.151
2016-10-23 19:50:00,15.103
2016-10-23 20:00:00,15.103
2016-10-23 20:10:00,14.984
2016-10-23 20:20:00,14.84
2016-10-23 20:30:00,14.816
2016-10-23 20:40:00,14.745
2016-10-23 20:50:00,14.768
2016-10-23 21:00:00,14.673
2016-10-23 21:10:00,14.697
2016-10-23 21:20:00,14.673
2016-10-23 21:30:00,14.792
2016-10-23 21:40:00,14.768
2016-10-23 21:50:00,14.721
2016-10-23 22:00:00,14.673
2016-10-23 22:10:00,14.697
2016-10-23 22:20:00,14.697
2016-10-23 22:30:00,14.721
2016-10-23 22:40:00,14.768
2016-10-23 22:50:00,14.768
2016-10-23 23:00:00,14.768
2016-10-23 23:10:00,14.768
2016-10-23 23:20:00,14.745
2016-10-23 23:30:00,14.721
2016-10-23 23:40:00,14.745
2016-10-23 23:50:00,14.721
2016-10-24 00:00:00,14.721
2016-10-24 00:10:00,14.721
2016-10-24 00:20:00,14.721
2016-10-24 00:30:00,14.721
2016-10-24 00:40:00,14.697
2016-10-24 00:50:00,14.697
2016-10-24 01:00:00,14.673
2016-10-24 01:10:00,14.673
2016-10-24 01:20:00,14.673
2016-10-24 01:30:00,14.649
2016-10-24 01:40:00,14.649
2016-10-24 01:50:00,14.649
2016-10-24 02:00:00,14.649
2016-10-24 02:10:00,14.649
2016-10-24 02:20:00,14.673
2016-10-24 02:30:00,14.673
2016-10-24 02:40:00,14.673
2016-10-24 02:50:00,14.673
2016-10-24 03:00:00,14.673
2016-10-24 03:10:00,14.673
2016-10-24 03:20:00,14.649
2016-10-24 03:30:00,14.649
2016-10-24 03:40:00,14.673
2016-10-24 03:50:00,14.673
2016-10-24 04:00:00,14.673
2016-10-24 04:10:00,14.649
2016-10-24 04:20:00,14.601
2016-10-24 04:30:00,14.553
2016-10-24 04:40:00,14.577
2016-10-24 04:50:00,14.553
2016-10-24 05:00:00,14.577
2016-10-24 05:10:00,14.577
2016-10-24 05:20:00,14.529
2016-10-24 05:30:00,14.385
2016-10-24 05:40:00,14.337
2016-10-24 05:50:00,14.433
2016-10-24 06:00:00,14.457
2016-10-24 06:10:00,14.433
2016-10-24 06:20:00,14.457
2016-10-24 06:30:00,14.409
2016-10-24 06:40:00,14.361
2016-10-24 06:50:00,14.337
2016-10-24 07:00:00,14.361
2016-10-24 07:10:00,14.361
2016-10-24 07:20:00,14.29
2016-10-24 07:30:00,14.146
2016-10-24 07:40:00,14.146
2016-10-24 07:50:00,14.146
2016-10-24 08:00:00,14.122
2016-10-24 08:10:00,14.146
2016-10-24 08:20:00,14.146
2016-10-24 08:30:00,14.122
2016-10-24 08:40:00,14.122
2016-10-24 08:50:00,14.026
2016-10-24 09:00:00,13.858
2016-10-24 09:10:00,13.714
2016-10-24 09:20:00,13.618
2016-10-24 09:30:00,13.546
2016-10-24 09:40:00,13.425
2016-10-24 09:50:00,13.377
2016-10-24 10:00:00,13.425
2016-10-24 10:10:00,13.353
2016-10-24 10:20:00,13.305
2016-10-24 10:30:00,13.618
2016-10-24 10:40:00,14.098
2016-10-24 10:50:00,14.314
2016-10-24 11:00:00,14.553
2016-10-24 11:10:00,14.625
2016-10-24 11:20:00,14.697
2016-10-24 11:30:00,14.721
2016-10-24 11:40:00,14.745
2016-10-24 11:50:00,14.745
2016-10-24 12:00:00,14.768
2016-10-24 12:10:00,14.792
2016-10-24 12:20:00,14.792
2016-10-24 12:30:00,14.792
2016-10-24 12:40:00,14.792
2016-10-24 12:50:00,14.768
2016-10-24 13:00:00,14.768
2016-10-24 13:10:00,14.768
2016-10-24 13:20:00,14.768
2016-10-24 13:30:00,14.745
2016-10-24 13:40:00,14.768
2016-10-24 13:50:00,14.768
2016-10-24 14:00:00,14.768
2016-10-24 14:10:00,14.792
2016-10-24 14:20:00,14.816
2016-10-24 14:30:00,14.84
2016-10-24 14:40:00,14.912
2016-10-24 14:50:00,14.96
2016-10-24 15:00:00,15.008
2016-10-24 15:10:00,15.055
2016-10-24 15:20:00,15.103
2016-10-24 15:30:00,15.103
2016-10-24 15:40:00,15.127
2016-10-24 15:50:00,15.151
2016-10-24 16:00:00,15.175
2016-10-24 16:10:00,15.199
2016-10-24 16:20:00,15.199
2016-10-24 16:30:00,15.151
2016-10-24 16:40:00,15.199
2016-10-24 16:50:00,15.223
2016-10-24 17:00:00,15.27
2016-10-24 17:10:00,15.27
2016-10-24 17:20:00,15.366
2016-10-24 17:30:00,15.509
2016-10-24 17:40:00,15.652
2016-10-24 17:50:00,15.819
2016-10-24 18:00:00,15.7
2016-10-24 18:10:00,15.915
2016-10-24 18:20:00,15.915
2016-10-24 18:30:00,16.463
2016-10-24 18:40:00,17.058
2016-10-24 18:50:00,17.32
2016-10-24 19:00:00,18.176
2016-10-24 19:10:00,18.604
2016-10-24 19:20:00,18.842
2016-10-24 19:30:00,18.747
2016-10-24 19:40:00,19.222
2016-10-24 19:50:00,18.842
2016-10-24 20:00:00,18.081
2016-10-24 20:10:00,18.271
2016-10-24 20:20:00,18.628
2016-10-24 20:30:00,18.866
2016-10-24 20:40:00,18.675
2016-10-24 20:50:00,18.509
2016-10-24 21:00:00,18.39
2016-10-24 21:10:00,18.057
2016-10-24 21:20:00,17.605
2016-10-24 21:30:00,17.344
2016-10-24 21:40:00,17.867
2016-10-24 21:50:00,17.106
2016-10-24 22:00:00,16.558
2016-10-24 22:10:00,16.296
2016-10-24 22:20:00,16.201
2016-10-24 22:30:00,16.177
2016-10-24 22:40:00,16.201
2016-10-24 22:50:00,16.082
2016-10-24 23:00:00,16.01
2016-10-24 23:10:00,16.01
2016-10-24 23:20:00,16.01
2016-10-24 23:30:00,15.986
2016-10-24 23:40:00,15.986
2016-10-24 23:50:00,15.963
2016-10-25 00:00:00,15.963
2016-10-25 00:10:00,15.963
2016-10-25 00:20:00,15.939
2016-10-25 00:30:00,15.915
2016-10-25 00:40:00,15.915
2016-10-25 00:50:00,15.891
2016-10-25 01:00:00,15.867
2016-10-25 01:10:00,15.867
2016-10-25 01:20:00,15.843
2016-10-25 01:30:00,15.843
2016-10-25 01:40:00,15.819
2016-10-25 01:50:00,15.796
2016-10-25 02:00:00,15.796
2016-10-25 02:10:00,15.796
2016-10-25 02:20:00,15.796
2016-10-25 02:30:00,15.796
2016-10-25 02:40:00,15.796
2016-10-25 02:50:00,15.796
2016-10-25 03:00:00,15.772
2016-10-25 03:10:00,15.772
2016-10-25 03:20:00,15.772
2016-10-25 03:30:00,15.772
2016-10-25 03:40:00,15.772
2016-10-25 03:50:00,15.772
2016-10-25 04:00:00,15.724
2016-10-25 04:10:00,15.7
2016-10-25 04:20:00,15.7
2016-10-25 04:30:00,15.557
2016-10-25 04:40:00,15.581
2016-10-25 04:50:00,15.127
2016-10-25 05:00:00,15.103
2016-10-25 05:10:00,15.031
2016-10-25 05:20:00,14.721
2016-10-25 05:30:00,14.433
2016-10-25 05:40:00,14.074
2016-10-25 05:50:00,13.882
2016-10-25 06:00:00,13.618
2016-10-25 06:10:00,13.329
2016-10-25 06:20:00,13.185
2016-10-25 06:30:00,13.04
2016-10-25 06:40:00,12.799
2016-10-25 06:50:00,12.558
2016-10-25 07:00:00,12.389
2016-10-25 07:10:00,12.413
2016-10-25 07:20:00,12.485
2016-10-25 07:30:00,12.509
2016-10-25 07:40:00,12.558
2016-10-25 07:50:00,12.534
2016-10-25 08:00:00,12.461
2016-10-25 08:10:00,12.413
2016-10-25 08:20:00,12.268
2016-10-25 08:30:00,12.147
2016-10-25 08:40:00,11.929
2016-10-25 08:50:00,11.759
2016-10-25 09:00:00,11.807
2016-10-25 09:10:00,11.807
2016-10-25 09:20:00,11.783
2016-10-25 09:30:00,11.734
2016-10-25 09:40:00,11.759
2016-10-25 09:50:00,11.807
2016-10-25 10:00:00,12.001
2016-10-25 10:10:00,12.05
2016-10-25 10:20:00,12.074
2016-10-25 10:30:00,12.122
2016-10-25 10:40:00,12.195
2016-10-25 10:50:00,12.582
2016-10-25 11:00:00,12.364
2016-10-25 11:10:00,13.546
2016-10-25 11:20:00,14.481
2016-10-25 11:30:00,15.031
2016-10-25 11:40:00,15.294
2016-10-25 11:50:00,15.414
2016-10-25 12:00:00,15.533
2016-10-25 12:10:00,15.605
2016-10-25 12:20:00,15.652
2016-10-25 12:30:00,15.7
2016-10-25 12:40:00,15.7
2016-10-25 12:50:00,15.7
2016-10-25 13:00:00,15.7
2016-10-25 13:10:00,15.724
2016-10-25 13:20:00,15.724
2016-10-25 13:30:00,15.748
2016-10-25 13:40:00,15.748
2016-10-25 13:50:00,15.748
2016-10-25 14:00:00,15.748
2016-10-25 14:10:00,15.748
2016-10-25 14:20:00,15.748
2016-10-25 14:30:00,15.748
2016-10-25 14:40:00,15.772
2016-10-25 14:50:00,15.772
2016-10-25 15:00:00,15.796
2016-10-25 15:10:00,15.796
2016-10-25 15:20:00,15.819
2016-10-25 15:30:00,15.843
2016-10-25 15:40:00,15.843
2016-10-25 15:50:00,15.891
2016-10-25 16:00:00,15.939
2016-10-25 16:10:00,15.939
2016-10-25 16:20:00,15.986
2016-10-25 16:30:00,16.034
2016-10-25 16:40:00,16.058
2016-10-25 16:50:00,16.106
2016-10-25 17:00:00,16.201
2016-10-25 17:10:00,16.272
2016-10-25 17:20:00,16.344
2016-10-25 17:30:00,16.368
2016-10-25 17:40:00,16.582
2016-10-25 17:50:00,16.63
2016-10-25 18:00:00,16.725
2016-10-25 18:10:00,16.796
2016-10-25 18:20:00,16.963
2016-10-25 18:30:00,17.153
2016-10-25 18:40:00,17.415
2016-10-25 18:50:00,17.463
2016-10-25 19:00:00,17.653
2016-10-25 19:10:00,17.605
2016-10-25 19:20:00,17.748
2016-10-25 19:30:00,19.032
2016-10-25 19:40:00,20.507
2016-10-25 19:50:00,21.27
2016-10-25 20:00:00,22.13
2016-10-25 20:10:00,22.896
2016-10-25 20:20:00,23.232
2016-10-25 20:30:00,23.737
2016-10-25 20:40:00,23.713
2016-10-25 20:50:00,23.593
2016-10-25 21:00:00,24.002
2016-10-25 21:10:00,24.026
2016-10-25 21:20:00,24.05
2016-10-25 21:30:00,23.833
2016-10-25 21:40:00,23.521
2016-10-25 21:50:00,22.058
2016-10-25 22:00:00,21.461
2016-10-25 22:10:00,21.175
2016-10-25 22:20:00,19.865
2016-10-25 22:30:00,18.652
2016-10-25 22:40:00,18.461
2016-10-25 22:50:00,17.867
2016-10-25 23:00:00,17.391
2016-10-25 23:10:00,17.153
2016-10-25 23:20:00,16.939
2016-10-25 23:30:00,16.654
2016-10-25 23:40:00,16.582
2016-10-25 23:50:00,16.511
2016-10-26 00:00:00,16.463
2016-10-26 00:10:00,16.415
2016-10-26 00:20:00,16.344
2016-10-26 00:30:00,16.344
2016-10-26 00:40:00,16.32
2016-10-26 00:50:00,16.296
2016-10-26 01:00:00,16.272
2016-10-26 01:10:00,16.249
2016-10-26 01:20:00,16.249
2016-10-26 01:30:00,16.249
2016-10-26 01:40:00,16.225
2016-10-26 01:50:00,16.225
2016-10-26 02:00:00,16.201
2016-10-26 02:10:00,16.201
2016-10-26 02:20:00,16.201
2016-10-26 02:30:00,16.177
2016-10-26 02:40:00,16.177
2016-10-26 02:50:00,16.177
2016-10-26 03:00:00,16.177
2016-10-26 03:10:00,16.177
2016-10-26 03:20:00,16.177
2016-10-26 03:30:00,16.177
2016-10-26 03:40:00,16.153
2016-10-26 03:50:00,16.153
2016-10-26 04:00:00,16.153
2016-10-26 04:10:00,16.153
2016-10-26 04:20:00,16.153
2016-10-26 04:30:00,16.129
2016-10-26 04:40:00,16.129
2016-10-26 04:50:00,16.129
2016-10-26 05:00:00,16.106
2016-10-26 05:10:00,16.082
2016-10-26 05:20:00,16.058
2016-10-26 05:30:00,16.058
2016-10-26 05:40:00,16.034
2016-10-26 05:50:00,15.986
2016-10-26 06:00:00,15.915
2016-10-26 06:10:00,15.843
2016-10-26 06:20:00,15.724
2016-10-26 06:30:00,15.581
2016-10-26 06:40:00,14.697
2016-10-26 06:50:00,14.457
2016-10-26 07:00:00,14.098
2016-10-26 07:10:00,13.401
2016-10-26 07:20:00,13.329
2016-10-26 07:30:00,13.161
2016-10-26 07:40:00,12.823
2016-10-26 07:50:00,12.654
2016-10-26 08:00:00,12.63
2016-10-26 08:10:00,12.437
2016-10-26 08:20:00,12.122
2016-10-26 08:30:00,11.807
2016-10-26 08:40:00,11.565
2016-10-26 08:50:00,11.54
2016-10-26 09:00:00,11.467
2016-10-26 09:10:00,11.273
2016-10-26 09:20:00,11.102
2016-10-26 09:30:00,11.273
2016-10-26 09:40:00,11.589
2016-10-26 09:50:00,11.88
2016-10-26 10:00:00,12.122
2016-10-26 10:10:00,12.389
2016-10-26 10:20:00,12.654
2016-10-26 10:30:00,12.871
2016-10-26 10:40:00,12.944
2016-10-26 10:50:00,12.896
2016-10-26 11:00:00,12.968
2016-10-26 11:10:00,13.522
2016-10-26 11:20:00,14.05
2016-10-26 11:30:00,14.577
2016-10-26 11:40:00,14.457
2016-10-26 11:50:00,15.199
2016-10-26 12:00:00,15.533
2016-10-26 12:10:00,15.652
2016-10-26 12:20:00,15.748
2016-10-26 12:30:00,15.796
2016-10-26 12:40:00,15.796
2016-10-26 12:50:00,15.819
2016-10-26 13:00:00,15.843
2016-10-26 13:10:00,15.843
2016-10-26 13:20:00,15.843
2016-10-26 13:30:00,15.843
2016-10-26 13:40:00,15.843
2016-10-26 13:50:00,15.843
2016-10-26 14:00:00,15.843
2016-10-26 14:10:00,15.843
2016-10-26 14:20:00,15.843
2016-10-26 14:30:00,15.843
2016-10-26 14:40:00,15.819
2016-10-26 14:50:00,15.819
2016-10-26 15:00:00,15.819
2016-10-26 15:10:00,15.819
2016-10-26 15:20:00,15.819
2016-10-26 15:30:00,15.819
2016-10-26 15:40:00,15.819
2016-10-26 15:50:00,15.819
2016-10-26 16:00:00,15.843
2016-10-26 16:10:00,15.843
2016-10-26 16:20:00,15.843
2016-10-26 16:30:00,15.867
2016-10-26 16:40:00,15.867
2016-10-26 16:50:00,15.891
2016-10-26 17:00:00,15.891
2016-10-26 17:10:00,15.939
2016-10-26 17:20:00,15.963
2016-10-26 17:30:00,16.153
2016-10-26 17:40:00,16.034
2016-10-26 17:50:00,16.177
2016-10-26 18:00:00,16.415
2016-10-26 18:10:00,16.463
2016-10-26 18:20:00,16.439
2016-10-26 18:30:00,16.677
2016-10-26 18:40:00,16.725
2016-10-26 18:50:00,16.915
2016-10-26 19:00:00,16.868
2016-10-26 19:10:00,17.463
2016-10-26 19:20:00,18.224
2016-10-26 19:30:00,18.461
2016-10-26 19:40:00,18.723
2016-10-26 19:50:00,19.27
2016-10-26 20:00:00,19.912
2016-10-26 20:10:00,21.151
2016-10-26 20:20:00,22.226
2016-10-26 20:30:00,22.321
2016-10-26 20:40:00,22.345
2016-10-26 20:50:00,21.939
2016-10-26 21:00:00,20.913
2016-10-26 21:10:00,21.175
2016-10-26 21:20:00,21.294
2016-10-26 21:30:00,21.151
2016-10-26 21:40:00,21.056
2016-10-26 21:50:00,21.915
2016-10-26 22:00:00,22.321
2016-10-26 22:10:00,22.8
2016-10-26 22:20:00,23.304
2016-10-26 22:30:00,22.154
2016-10-26 22:40:00,22.25
2016-10-26 22:50:00,21.581
2016-10-26 23:00:00,21.318
2016-10-26 23:10:00,20.079
2016-10-26 23:20:00,19.365
2016-10-26 23:30:00,18.652
2016-10-26 23:40:00,17.796
2016-10-26 23:50:00,17.415
2016-10-27 00:00:00,16.844
2016-10-27 00:10:00,16.939
2016-10-27 00:20:00,16.654
2016-10-27 00:30:00,16.463
2016-10-27 00:40:00,16.32
2016-10-27 00:50:00,16.249
2016-10-27 01:00:00,16.177
2016-10-27 01:10:00,16.153
2016-10-27 01:20:00,16.129
2016-10-27 01:30:00,16.106
2016-10-27 01:40:00,16.082
2016-10-27 01:50:00,16.082
2016-10-27 02:00:00,16.058
2016-10-27 02:10:00,16.058
2016-10-27 02:20:00,16.034
2016-10-27 02:30:00,16.034
2016-10-27 02:40:00,16.01
2016-10-27 02:50:00,15.986
2016-10-27 03:00:00,15.963
2016-10-27 03:10:00,15.963
2016-10-27 03:20:00,15.939
2016-10-27 03:30:00,15.939
2016-10-27 03:40:00,15.915
2016-10-27 03:50:00,15.915
2016-10-27 04:00:00,15.891
2016-10-27 04:10:00,15.891
2016-10-27 04:20:00,15.867
2016-10-27 04:30:00,15.843
2016-10-27 04:40:00,15.819
2016-10-27 04:50:00,15.819
2016-10-27 05:00:00,15.819
2016-10-27 05:10:00,15.796
2016-10-27 05:20:00,15.796
2016-10-27 05:30:00,15.796
2016-10-27 05:40:00,15.796
2016-10-27 05:50:00,15.772
2016-10-27 06:00:00,15.772
2016-10-27 06:10:00,15.748
2016-10-27 06:20:00,15.7
2016-10-27 06:30:00,15.676
2016-10-27 06:40:00,15.39
2016-10-27 06:50:00,15.414
2016-10-27 07:00:00,15.318
2016-10-27 07:10:00,14.721
2016-10-27 07:20:00,14.409
2016-10-27 07:30:00,14.05
2016-10-27 07:40:00,13.546
2016-10-27 07:50:00,13.473
2016-10-27 08:00:00,13.353
2016-10-27 08:10:00,13.161
2016-10-27 08:20:00,13.064
2016-10-27 08:30:00,13.016
2016-10-27 08:40:00,13.04
2016-10-27 08:50:00,12.944
2016-10-27 09:00:00,12.727
2016-10-27 09:10:00,12.678
2016-10-27 09:20:00,12.558
2016-10-27 09:30:00,12.509
2016-10-27 09:40:00,12.509
2016-10-27 09:50:00,12.364
2016-10-27 10:00:00,12.364
2016-10-27 10:10:00,12.122
2016-10-27 10:20:00,12.05
2016-10-27 10:30:00,12.171
2016-10-27 10:40:00,12.63
2016-10-27 10:50:00,12.896
2016-10-27 11:00:00,13.137
2016-10-27 11:10:00,13.088
2016-10-27 11:20:00,13.449
2016-10-27 11:30:00,13.93
2016-10-27 11:40:00,14.194
2016-10-27 11:50:00,14.649
2016-10-27 12:00:00,14.936
2016-10-27 12:10:00,15.318
2016-10-27 12:20:00,15.461
2016-10-27 12:30:00,15.557
2016-10-27 12:40:00,15.605
2016-10-27 12:50:00,15.652
2016-10-27 13:00:00,15.676
2016-10-27 13:10:00,15.7
2016-10-27 13:20:00,15.7
2016-10-27 13:30:00,15.7
2016-10-27 13:40:00,15.724
2016-10-27 13:50:00,15.724
2016-10-27 14:00:00,15.724
2016-10-27 14:10:00,15.724
2016-10-27 14:20:00,15.724
2016-10-27 14:30:00,15.724
2016-10-27 14:40:00,15.724
2016-10-27 14:50:00,15.724
2016-10-27 15:00:00,15.724
2016-10-27 15:10:00,15.724
2016-10-27 15:20:00,15.724
2016-10-27 15:30:00,15.724
2016-10-27 15:40:00,15.748
2016-10-27 15:50:00,15.772
2016-10-27 16:00:00,15.796
2016-10-27 16:10:00,15.843
2016-10-27 16:20:00,15.796
2016-10-27 16:30:00,15.796
2016-10-27 16:40:00,15.939
2016-10-27 16:50:00,16.01
2016-10-27 17:00:00,15.939
2016-10-27 17:10:00,16.01
2016-10-27 17:20:00,16.106
2016-10-27 17:30:00,16.082
2016-10-27 17:40:00,16.034
2016-10-27 17:50:00,16.082
2016-10-27 18:00:00,16.177
2016-10-27 18:10:00,16.129
2016-10-27 18:20:00,16.225
2016-10-27 18:30:00,16.272
2016-10-27 18:40:00,16.32
2016-10-27 18:50:00,16.32
2016-10-27 19:00:00,16.344
2016-10-27 19:10:00,16.32
2016-10-27 19:20:00,16.439
2016-10-27 19:30:00,16.511
2016-10-27 19:40:00,16.654
2016-10-27 19:50:00,16.558
2016-10-27 20:00:00,17.058
2016-10-27 20:10:00,17.463
2016-10-27 20:20:00,18.033
2016-10-27 20:30:00,18.461
2016-10-27 20:40:00,17.724
2016-10-27 20:50:00,17.938
2016-10-27 21:00:00,19.103
2016-10-27 21:10:00,19.817
2016-10-27 21:20:00,20.436
2016-10-27 21:30:00,20.65
2016-10-27 21:40:00,20.841
2016-10-27 21:50:00,21.032
2016-10-27 22:00:00,20.865
2016-10-27 22:10:00,20.198
2016-10-27 22:20:00,19.817
2016-10-27 22:30:00,19.484
2016-10-27 22:40:00,18.889
2016-10-27 22:50:00,18.438
2016-10-27 23:00:00,17.986
2016-10-27 23:10:00,17.534
2016-10-27 23:20:00,17.13
2016-10-27 23:30:00,16.844
2016-10-27 23:40:00,16.701
2016-10-27 23:50:00,16.558
2016-10-28 00:00:00,16.439
2016-10-28 00:10:00,16.415
2016-10-28 00:20:00,16.392
2016-10-28 00:30:00,16.272
2016-10-28 00:40:00,16.249
2016-10-28 00:50:00,16.225
2016-10-28 01:00:00,16.153
2016-10-28 01:10:00,16.106
2016-10-28 01:20:00,16.034
2016-10-28 01:30:00,16.01
2016-10-28 01:40:00,16.01
2016-10-28 01:50:00,15.986
2016-10-28 02:00:00,15.986
2016-10-28 02:10:00,15.963
2016-10-28 02:20:00,15.963
2016-10-28 02:30:00,15.939
2016-10-28 02:40:00,15.939
2016-10-28 02:50:00,15.939
2016-10-28 03:00:00,15.939
2016-10-28 03:10:00,15.939
2016-10-28 03:20:00,15.939
2016-10-28 03:30:00,15.939
2016-10-28 03:40:00,15.939
2016-10-28 03:50:00,15.939
2016-10-28 04:00:00,15.939
2016-10-28 04:10:00,15.939
2016-10-28 04:20:00,15.939
2016-10-28 04:30:00,15.939
2016-10-28 04:40:00,15.939
2016-10-28 04:50:00,15.963
2016-10-28 05:00:00,15.939
2016-10-28 05:10:00,15.939
2016-10-28 05:20:00,15.963
2016-10-28 05:30:00,15.939
2016-10-28 05:40:00,15.939
2016-10-28 05:50:00,15.963
2016-10-28 06:00:00,15.939
2016-10-28 06:10:00,15.939
2016-10-28 06:20:00,15.963
2016-10-28 06:30:00,15.963
2016-10-28 06:40:00,15.963
2016-10-28 06:50:00,15.963
2016-10-28 07:00:00,15.963
2016-10-28 07:10:00,15.963
2016-10-28 07:20:00,15.963
2016-10-28 07:30:00,15.939
2016-10-28 07:40:00,15.963
2016-10-28 07:50:00,15.963
2016-10-28 08:00:00,15.963
2016-10-28 08:10:00,15.986
2016-10-28 08:20:00,16.01
2016-10-28 08:30:00,15.986
2016-10-28 08:40:00,15.963
2016-10-28 08:50:00,15.915
2016-10-28 09:00:00,15.891
2016-10-28 09:10:00,15.891
2016-10-28 09:20:00,15.891
2016-10-28 09:30:00,15.867
2016-10-28 09:40:00,15.867
2016-10-28 09:50:00,15.891
2016-10-28 10:00:00,15.915
2016-10-28 10:10:00,15.891
2016-10-28 10:20:00,15.891
2016-10-28 10:30:00,15.891
2016-10-28 10:40:00,15.891
2016-10-28 10:50:00,15.796
2016-10-28 11:00:00,15.724
2016-10-28 11:10:00,15.581
2016-10-28 11:20:00,15.485
2016-10-28 11:30:00,15.39
2016-10-28 11:40:00,15.438
2016-10-28 11:50:00,15.581
2016-10-28 12:00:00,15.676
2016-10-28 12:10:00,15.772
2016-10-28 12:20:00,15.843
2016-10-28 12:30:00,15.867
2016-10-28 12:40:00,15.867
2016-10-28 12:50:00,15.867
2016-10-28 13:00:00,15.867
2016-10-28 13:10:00,15.867
2016-10-28 13:20:00,15.867
2016-10-28 13:30:00,15.867
2016-10-28 13:40:00,15.867
2016-10-28 13:50:00,15.867
2016-10-28 14:00:00,15.867
2016-10-28 14:10:00,15.867
2016-10-28 14:20:00,15.891
2016-10-28 14:30:00,15.867
2016-10-28 14:40:00,15.867
2016-10-28 14:50:00,15.891
2016-10-28 15:00:00,15.891
2016-10-28 15:10:00,15.891
2016-10-28 15:20:00,15.891
2016-10-28 15:30:00,15.891
2016-10-28 15:40:00,15.891
2016-10-28 15:50:00,15.915
2016-10-28 16:00:00,15.939
2016-10-28 16:10:00,15.986
2016-10-28 16:20:00,15.963
2016-10-28 16:30:00,15.986
2016-10-28 16:40:00,15.986
2016-10-28 16:50:00,16.034
2016-10-28 17:00:00,16.034
2016-10-28 17:10:00,16.058
2016-10-28 17:20:00,16.082
2016-10-28 17:30:00,16.129
2016-10-28 17:40:00,16.153
2016-10-28 17:50:00,16.296
2016-10-28 18:00:00,16.201
2016-10-28 18:10:00,16.153
2016-10-28 18:20:00,16.153
2016-10-28 18:30:00,16.177
2016-10-28 18:40:00,16.249
2016-10-28 18:50:00,16.344
2016-10-28 19:00:00,16.344
2016-10-28 19:10:00,16.368
2016-10-28 19:20:00,16.558
2016-10-28 19:30:00,16.606
2016-10-28 19:40:00,16.534
2016-10-28 19:50:00,16.844
2016-10-28 20:00:00,17.605
2016-10-28 20:10:00,18.509
2016-10-28 20:20:00,20.246
2016-10-28 20:30:00,21.795
2016-10-28 20:40:00,21.604
2016-10-28 20:50:00,21.652
2016-10-28 21:00:00,22.298
2016-10-28 21:10:00,22.776
2016-10-28 21:20:00,24.267
2016-10-28 21:30:00,25.331
2016-10-28 21:40:00,25.817
2016-10-28 21:50:00,25.695
2016-10-28 22:00:00,25.89
2016-10-28 22:10:00,26.451
2016-10-28 22:20:00,25.453
2016-10-28 22:30:00,24.146
2016-10-28 22:40:00,23.136
2016-10-28 22:50:00,22.824
2016-10-28 23:00:00,22.729
2016-10-28 23:10:00,21.963
2016-10-28 23:20:00,21.079
2016-10-28 23:30:00,20.293
2016-10-28 23:40:00,19.651
2016-10-28 23:50:00,19.127
2016-10-29 00:00:00,18.747
2016-10-29 00:10:00,18.39
2016-10-29 00:20:00,18.105
2016-10-29 00:30:00,17.843
2016-10-29 00:40:00,17.582
2016-10-29 00:50:00,17.201
2016-10-29 01:00:00,16.939
2016-10-29 01:10:00,16.701
2016-10-29 01:20:00,16.534
2016-10-29 01:30:00,16.511
2016-10-29 01:40:00,16.439
2016-10-29 01:50:00,16.725
2016-10-29 02:00:00,16.677
2016-10-29 02:10:00,16.606
2016-10-29 02:20:00,16.582
2016-10-29 02:30:00,16.534
2016-10-29 02:40:00,16.511
2016-10-29 02:50:00,16.487
2016-10-29 03:00:00,16.463
2016-10-29 03:10:00,16.463
2016-10-29 03:20:00,16.439
2016-10-29 03:30:00,16.439
2016-10-29 03:40:00,16.415
2016-10-29 03:50:00,16.415
2016-10-29 04:00:00,16.392
2016-10-29 04:10:00,16.368
2016-10-29 04:20:00,16.368
2016-10-29 04:30:00,16.368
2016-10-29 04:40:00,16.344
2016-10-29 04:50:00,16.32
2016-10-29 05:00:00,16.296
2016-10-29 05:10:00,16.296
2016-10-29 05:20:00,16.296
2016-10-29 05:30:00,16.296
2016-10-29 05:40:00,16.272
2016-10-29 05:50:00,16.272
2016-10-29 06:00:00,16.272
2016-10-29 06:10:00,16.272
2016-10-29 06:20:00,16.249
2016-10-29 06:30:00,16.249
2016-10-29 06:40:00,16.249
2016-10-29 06:50:00,16.249
2016-10-29 07:00:00,16.225
2016-10-29 07:10:00,16.225
2016-10-29 07:20:00,16.225
2016-10-29 07:30:00,16.201
2016-10-29 07:40:00,16.177
2016-10-29 07:50:00,16.177
2016-10-29 08:00:00,16.153
2016-10-29 08:10:00,16.129
2016-10-29 08:20:00,16.01
2016-10-29 08:30:00,15.819
2016-10-29 08:40:00,15.676
2016-10-29 08:50:00,15.294
2016-10-29 09:00:00,15.055
2016-10-29 09:10:00,14.96
2016-10-29 09:20:00,14.888
2016-10-29 09:30:00,14.792
2016-10-29 09:40:00,14.601
2016-10-29 09:50:00,14.481
2016-10-29 10:00:00,14.529
2016-10-29 10:10:00,14.457
2016-10-29 10:20:00,14.553
2016-10-29 10:30:00,14.721
2016-10-29 10:40:00,14.84
2016-10-29 10:50:00,14.888
2016-10-29 11:00:00,14.96
2016-10-29 11:10:00,15.079
2016-10-29 11:20:00,15.175
2016-10-29 11:30:00,15.151
2016-10-29 11:40:00,15.199
2016-10-29 11:50:00,15.223
2016-10-29 12:00:00,15.175
2016-10-29 12:10:00,15.175
2016-10-29 12:20:00,15.294
2016-10-29 12:30:00,15.581
2016-10-29 12:40:00,15.318
2016-10-29 12:50:00,15.509
2016-10-29 13:00:00,15.891
2016-10-29 13:10:00,15.939
2016-10-29 13:20:00,15.939
2016-10-29 13:30:00,15.963
2016-10-29 13:40:00,15.986
2016-10-29 13:50:00,15.986
2016-10-29 14:00:00,15.986
2016-10-29 14:10:00,16.01
2016-10-29 14:20:00,16.01
2016-10-29 14:30:00,16.01
2016-10-29 14:40:00,16.01
2016-10-29 14:50:00,16.01
2016-10-29 15:00:00,16.034
2016-10-29 15:10:00,16.058
2016-10-29 15:20:00,16.082
2016-10-29 15:30:00,16.106
2016-10-29 15:40:00,16.106
2016-10-29 15:50:00,16.129
2016-10-29 16:00:00,16.153
2016-10-29 16:10:00,16.249
2016-10-29 16:20:00,16.225
2016-10-29 16:30:00,16.272
2016-10-29 16:40:00,16.249
2016-10-29 16:50:00,16.296
2016-10-29 17:00:00,16.368
2016-10-29 17:10:00,16.415
2016-10-29 17:20:00,16.368
2016-10-29 17:30:00,16.439
2016-10-29 17:40:00,16.463
2016-10-29 17:50:00,16.463
2016-10-29 18:00:00,16.487
2016-10-29 18:10:00,16.534
2016-10-29 18:20:00,16.487
2016-10-29 18:30:00,16.558
2016-10-29 18:40:00,16.534
2016-10-29 18:50:00,16.606
2016-10-29 19:00:00,16.534
2016-10-29 19:10:00,16.534
2016-10-29 19:20:00,16.558
2016-10-29 19:30:00,16.606
2016-10-29 19:40:00,16.701
2016-10-29 19:50:00,16.63
2016-10-29 20:00:00,16.82
2016-10-29 20:10:00,16.796
2016-10-29 20:20:00,17.177
2016-10-29 20:30:00,17.486
2016-10-29 20:40:00,17.796
2016-10-29 20:50:00,18.438
2016-10-29 21:00:00,19.341
2016-10-29 21:10:00,20.103
2016-10-29 21:20:00,20.746
2016-10-29 21:30:00,20.841
2016-10-29 21:40:00,21.27
2016-10-29 21:50:00,21.557
2016-10-29 22:00:00,21.772
2016-10-29 22:10:00,21.604
2016-10-29 22:20:00,21.27
2016-10-29 22:30:00,21.103
2016-10-29 22:40:00,20.865
2016-10-29 22:50:00,20.65
2016-10-29 23:00:00,20.484
2016-10-29 23:10:00,20.365
2016-10-29 23:20:00,20.103
2016-10-29 23:30:00,19.865
2016-10-29 23:40:00,19.674
2016-10-29 23:50:00,19.508
2016-10-30 00:00:00,19.222
2016-10-30 00:10:00,18.889
2016-10-30 00:20:00,18.509
2016-10-30 00:30:00,18.176
2016-10-30 00:40:00,17.891
2016-10-30 00:50:00,17.701
2016-10-30 01:00:00,17.534
2016-10-30 01:10:00,17.344
2016-10-30 01:20:00,17.106
2016-10-30 01:30:00,16.868
2016-10-30 01:40:00,16.725
2016-10-30 01:50:00,16.606
2016-10-30 02:00:00,16.534
2016-10-30 02:10:00,16.725
2016-10-30 02:20:00,16.654
2016-10-30 02:30:00,16.582
2016-10-30 02:40:00,16.534
2016-10-30 02:50:00,16.511
2016-10-30 03:00:00,16.511
2016-10-30 03:10:00,16.511
2016-10-30 03:20:00,16.511
2016-10-30 03:30:00,16.534
2016-10-30 03:40:00,16.534
2016-10-30 03:50:00,16.534
2016-10-30 04:00:00,16.511
2016-10-30 04:10:00,16.511
2016-10-30 04:20:00,16.511
2016-10-30 04:30:00,16.511
2016-10-30 04:40:00,16.487
2016-10-30 04:50:00,16.487
2016-10-30 05:00:00,16.487
2016-10-30 05:10:00,16.487
2016-10-30 05:20:00,16.487
2016-10-30 05:30:00,16.487
2016-10-30 05:40:00,16.487
2016-10-30 05:50:00,16.511
2016-10-30 06:00:00,16.487
2016-10-30 06:10:00,16.487
2016-10-30 06:20:00,16.487
2016-10-30 06:30:00,16.487
2016-10-30 06:40:00,16.487
2016-10-30 06:50:00,16.487
2016-10-30 07:00:00,16.487
2016-10-30 07:10:00,16.487
2016-10-30 07:20:00,16.487
2016-10-30 07:30:00,16.487
2016-10-30 07:40:00,16.487
2016-10-30 07:50:00,16.487
2016-10-30 08:00:00,16.487
2016-10-30 08:10:00,16.487
2016-10-30 08:20:00,16.463
2016-10-30 08:30:00,16.463
2016-10-30 08:40:00,16.463
2016-10-30 08:50:00,16.463
2016-10-30 09:00:00,16.463
2016-10-30 09:10:00,16.439
2016-10-30 09:20:00,16.439
2016-10-30 09:30:00,16.415
2016-10-30 09:40:00,16.415
2016-10-30 09:50:00,16.392
2016-10-30 10:00:00,16.392
2016-10-30 10:10:00,16.392
2016-10-30 10:20:00,16.32
2016-10-30 10:30:00,16.296
2016-10-30 10:40:00,16.177
2016-10-30 10:50:00,16.129
2016-10-30 11:00:00,16.129
2016-10-30 11:10:00,16.177
2016-10-30 11:20:00,16.177
2016-10-30 11:30:00,16.106
2016-10-30 11:40:00,16.177
2016-10-30 11:50:00,16.129
2016-10-30 12:00:00,16.177
2016-10-30 12:10:00,16.296
2016-10-30 12:20:00,16.296
2016-10-30 12:30:00,16.296
2016-10-30 12:40:00,16.32
2016-10-30 12:50:00,16.368
2016-10-30 13:00:00,16.368
2016-10-30 13:10:00,16.368
2016-10-30 13:20:00,16.368
2016-10-30 13:30:00,16.368
2016-10-30 13:40:00,16.368
2016-10-30 13:50:00,16.368
2016-10-30 14:00:00,16.368
2016-10-30 14:10:00,16.368
2016-10-30 14:20:00,16.368
2016-10-30 14:30:00,16.368
2016-10-30 14:40:00,16.368
2016-10-30 14:50:00,16.368
2016-10-30 15:00:00,16.368
2016-10-30 15:10:00,16.368
2016-10-30 15:20:00,16.368
2016-10-30 15:30:00,16.368
2016-10-30 15:40:00,16.392
2016-10-30 15:50:00,16.368
2016-10-30 16:00:00,16.392
2016-10-30 16:10:00,16.392
2016-10-30 16:20:00,16.392
2016-10-30 16:30:00,16.392
2016-10-30 16:40:00,16.415
2016-10-30 16:50:00,16.439
2016-10-30 17:00:00,16.415
2016-10-30 17:10:00,16.439
2016-10-30 17:20:00,16.415
2016-10-30 17:30:00,16.415
2016-10-30 17:40:00,16.439
2016-10-30 17:50:00,16.439
2016-10-30 18:00:00,16.415
2016-10-30 18:10:00,16.415
2016-10-30 18:20:00,16.439
2016-10-30 18:30:00,16.439
2016-10-30 18:40:00,16.463
2016-10-30 18:50:00,16.511
2016-10-30 19:00:00,16.701
2016-10-30 19:10:00,16.582
2016-10-30 19:20:00,16.654
2016-10-30 19:30:00,16.701
2016-10-30 19:40:00,16.749
2016-10-30 19:50:00,16.773
2016-10-30 20:00:00,16.82
2016-10-30 20:10:00,16.82
2016-10-30 20:20:00,16.868
2016-10-30 20:30:00,16.987
2016-10-30 20:40:00,17.106
2016-10-30 20:50:00,17.13
2016-10-30 21:00:00,17.486
2016-10-30 21:10:00,17.701
2016-10-30 21:20:00,18.699
2016-10-30 21:30:00,19.579
2016-10-30 21:40:00,18.985
2016-10-30 21:50:00,18.985
2016-10-30 22:00:00,19.77
2016-10-30 22:10:00,20.65
2016-10-30 22:20:00,21.413
2016-10-30 22:30:00,21.246
2016-10-30 22:40:00,20.555
2016-10-30 22:50:00,20.246
2016-10-30 23:00:00,20.507
2016-10-30 23:10:00,21.032
2016-10-30 23:20:00,20.484
2016-10-30 23:30:00,20.222
2016-10-30 23:40:00,20.15
2016-10-30 23:50:00,19.698
2016-10-31 00:00:00,19.151
2016-10-31 00:10:00,18.747
2016-10-31 00:20:00,18.39
2016-10-31 00:30:00,17.962
2016-10-31 00:40:00,17.772
2016-10-31 00:50:00,17.629
2016-10-31 01:00:00,17.32
2016-10-31 01:10:00,17.13
2016-10-31 01:20:00,17.058
2016-10-31 01:30:00,16.892
2016-10-31 01:40:00,16.63
2016-10-31 01:50:00,16.606
2016-10-31 02:00:00,16.463
2016-10-31 02:10:00,16.249
2016-10-31 02:20:00,16.129
2016-10-31 02:30:00,16.082
2016-10-31 02:40:00,16.296
2016-10-31 02:50:00,16.415
2016-10-31 03:00:00,16.654
2016-10-31 03:10:00,16.606
2016-10-31 03:20:00,16.606
2016-10-31 03:30:00,16.606
2016-10-31 03:40:00,16.582
2016-10-31 03:50:00,16.582
2016-10-31 04:00:00,16.582
2016-10-31 04:10:00,16.558
2016-10-31 04:20:00,16.558
2016-10-31 04:30:00,16.558
2016-10-31 04:40:00,16.558
2016-10-31 04:50:00,16.534
2016-10-31 05:00:00,16.534
2016-10-31 05:10:00,16.534
2016-10-31 05:20:00,16.511
2016-10-31 05:30:00,16.511
2016-10-31 05:40:00,16.511
2016-10-31 05:50:00,16.511
2016-10-31 06:00:00,16.487
2016-10-31 06:10:00,16.487
2016-10-31 06:20:00,16.487
2016-10-31 06:30:00,16.463
2016-10-31 06:40:00,16.463
2016-10-31 06:50:00,16.463
2016-10-31 07:00:00,16.463
2016-10-31 07:10:00,16.463
2016-10-31 07:20:00,16.463
2016-10-31 07:30:00,16.463
2016-10-31 07:40:00,16.463
2016-10-31 07:50:00,16.463
2016-10-31 08:00:00,16.463
2016-10-31 08:10:00,16.439
2016-10-31 08:20:00,16.439
2016-10-31 08:30:00,16.439
2016-10-31 08:40:00,16.415
2016-10-31 08:50:00,16.415
2016-10-31 09:00:00,16.415
2016-10-31 09:10:00,16.368
2016-10-31 09:20:00,16.368
2016-10-31 09:30:00,16.344
2016-10-31 09:40:00,16.225
2016-10-31 09:50:00,16.177
2016-10-31 10:00:00,16.201
2016-10-31 10:10:00,16.01
2016-10-31 10:20:00,15.724
2016-10-31 10:30:00,15.27
2016-10-31 10:40:00,15.223
2016-10-31 10:50:00,15.461
2016-10-31 11:00:00,14.96
2016-10-31 11:10:00,15.079
2016-10-31 11:20:00,14.792
2016-10-31 11:30:00,14.936
2016-10-31 11:40:00,14.457
2016-10-31 11:50:00,14.242
2016-10-31 12:00:00,14.337
2016-10-31 12:10:00,15.39
2016-10-31 12:20:00,14.768
2016-10-31 12:30:00,15.39
2016-10-31 12:40:00,15.748
2016-10-31 12:50:00,15.843
2016-10-31 13:00:00,15.915
2016-10-31 13:10:00,16.01
2016-10-31 13:20:00,16.058
2016-10-31 13:30:00,16.129
2016-10-31 13:40:00,16.153
2016-10-31 13:50:00,16.201
2016-10-31 14:00:00,16.201
2016-10-31 14:10:00,16.201
2016-10-31 14:20:00,16.225
2016-10-31 14:30:00,16.225
2016-10-31 14:40:00,16.249
2016-10-31 14:50:00,16.272
2016-10-31 15:00:00,16.272
2016-10-31 15:10:00,16.272
2016-10-31 15:20:00,16.296
2016-10-31 15:30:00,16.32
2016-10-31 15:40:00,16.344
2016-10-31 15:50:00,16.344
2016-10-31 16:00:00,16.415
2016-10-31 16:10:00,16.392
2016-10-31 16:20:00,16.415
2016-10-31 16:30:00,16.439
2016-10-31 16:40:00,16.463
2016-10-31 16:50:00,16.511
2016-10-31 17:00:00,16.487
2016-10-31 17:10:00,16.534
2016-10-31 17:20:00,16.534
2016-10-31 17:30:00,16.534
2016-10-31 17:40:00,16.558
2016-10-31 17:50:00,16.582
2016-10-31 18:00:00,16.606
2016-10-31 18:10:00,16.63
2016-10-31 18:20:00,16.63
2016-10-31 18:30:00,16.654
2016-10-31 18:40:00,16.725
2016-10-31 18:50:00,16.725
2016-10-31 19:00:00,16.796
2016-10-31 19:10:00,16.796
2016-10-31 19:20:00,16.796
2016-10-31 19:30:00,16.844
2016-10-31 19:40:00,16.868
2016-10-31 19:50:00,16.892
2016-10-31 20:00:00,16.892
2016-10-31 20:10:00,16.915
2016-10-31 20:20:00,16.915
2016-10-31 20:30:00,16.939
2016-10-31 20:40:00,16.987
2016-10-31 20:50:00,17.034
2016-10-31 21:00:00,17.082
2016-10-31 21:10:00,17.201
2016-10-31 21:20:00,17.486
2016-10-31 21:30:00,17.558
2016-10-31 21:40:00,17.962
2016-10-31 21:50:00,18.2
2016-10-31 22:00:00,18.747
2016-10-31 22:10:00,19.318
2016-10-31 22:20:00,19.579
2016-10-31 22:30:00,19.436
2016-10-31 22:40:00,19.08
2016-10-31 22:50:00,18.866
2016-10-31 23:00:00,18.628
2016-10-31 23:10:00,18.343
2016-10-31 23:20:00,18.105
2016-10-31 23:30:00,17.819
2016-10-31 23:40:00,17.51
2016-10-31 23:50:00,17.272
2016-11-01 00:00:00,17.011
2016-11-01 00:10:00,16.701
2016-11-01 00:20:00,16.463
2016-11-01 00:30:00,16.272
2016-11-01 00:40:00,16.082
2016-11-01 00:50:00,15.796
2016-11-01 01:00:00,15.557
2016-11-01 01:10:00,15.366
2016-11-01 01:20:00,15.223
2016-11-01 01:30:00,15.151
2016-11-01 01:40:00,15.103
2016-11-01 01:50:00,15.031
2016-11-01 02:00:00,14.984
2016-11-01 02:10:00,14.888
2016-11-01 02:20:00,14.792
2016-11-01 02:30:00,14.721
2016-11-01 02:40:00,14.649
2016-11-01 02:50:00,14.553
2016-11-01 03:00:00,14.481
2016-11-01 03:10:00,14.601
2016-11-01 03:20:00,14.577
2016-11-01 03:30:00,14.84
2016-11-01 03:40:00,15.366
2016-11-01 03:50:00,15.891
2016-11-01 04:00:00,16.225
2016-11-01 04:10:00,16.272
2016-11-01 04:20:00,16.344
2016-11-01 04:30:00,16.392
2016-11-01 04:40:00,16.415
2016-11-01 04:50:00,16.439
2016-11-01 05:00:00,16.439
2016-11-01 05:10:00,16.463
2016-11-01 05:20:00,16.439
2016-11-01 05:30:00,16.463
2016-11-01 05:40:00,16.439
2016-11-01 05:50:00,16.439
2016-11-01 06:00:00,16.439
2016-11-01 06:10:00,16.439
2016-11-01 06:20:00,16.415
2016-11-01 06:30:00,16.439
2016-11-01 06:40:00,16.415
2016-11-01 06:50:00,16.415
2016-11-01 07:00:00,16.415
2016-11-01 07:10:00,16.392
2016-11-01 07:20:00,16.392
2016-11-01 07:30:00,16.392
2016-11-01 07:40:00,16.368
2016-11-01 07:50:00,16.392
2016-11-01 08:00:00,16.368
2016-11-01 08:10:00,16.368
2016-11-01 08:20:00,16.344
2016-11-01 08:30:00,16.344
2016-11-01 08:40:00,16.32
2016-11-01 08:50:00,16.296
2016-11-01 09:00:00,16.296
2016-11-01 09:10:00,16.272
2016-11-01 09:20:00,16.272
2016-11-01 09:30:00,16.225
2016-11-01 09:40:00,16.201
2016-11-01 09:50:00,16.177
2016-11-01 10:00:00,16.201
2016-11-01 10:10:00,16.058
2016-11-01 10:20:00,16.082
2016-11-01 10:30:00,16.034
2016-11-01 10:40:00,15.891
2016-11-01 10:50:00,15.581
2016-11-01 11:00:00,15.509
2016-11-01 11:10:00,15.414
2016-11-01 11:20:00,15.581
2016-11-01 11:30:00,15.533
2016-11-01 11:40:00,15.652
2016-11-01 11:50:00,15.485
2016-11-01 12:00:00,15.127
2016-11-01 12:10:00,15.342
2016-11-01 12:20:00,15.557
2016-11-01 12:30:00,15.652
2016-11-01 12:40:00,15.796
2016-11-01 12:50:00,15.796
2016-11-01 13:00:00,15.796
2016-11-01 13:10:00,15.915
2016-11-01 13:20:00,15.867
2016-11-01 13:30:00,15.963
2016-11-01 13:40:00,15.963
2016-11-01 13:50:00,15.963
2016-11-01 14:00:00,15.939
2016-11-01 14:10:00,15.915
2016-11-01 14:20:00,15.891
2016-11-01 14:30:00,15.843
2016-11-01 14:40:00,15.819
2016-11-01 14:50:00,15.772
2016-11-01 15:00:00,15.748
2016-11-01 15:10:00,15.748
2016-11-01 15:20:00,15.724
2016-11-01 15:30:00,15.724
2016-11-01 15:40:00,15.7
2016-11-01 15:50:00,15.676
2016-11-01 16:00:00,15.7
2016-11-01 16:10:00,15.676
2016-11-01 16:20:00,15.652
2016-11-01 16:30:00,15.7
2016-11-01 16:40:00,15.652
2016-11-01 16:50:00,15.676
2016-11-01 17:00:00,15.724
2016-11-01 17:10:00,15.772
2016-11-01 17:20:00,15.819
2016-11-01 17:30:00,15.843
2016-11-01 17:40:00,15.867
2016-11-01 17:50:00,15.891
2016-11-01 18:00:00,15.915
2016-11-01 18:10:00,15.939
2016-11-01 18:20:00,16.01
2016-11-01 18:30:00,16.034
2016-11-01 18:40:00,16.034
2016-11-01 18:50:00,16.082
2016-11-01 19:00:00,16.082
2016-11-01 19:10:00,16.153
2016-11-01 19:20:00,16.201
2016-11-01 19:30:00,16.225
2016-11-01 19:40:00,16.249
2016-11-01 19:50:00,16.296
2016-11-01 20:00:00,16.32
2016-11-01 20:10:00,16.392
2016-11-01 20:20:00,16.368
2016-11-01 20:30:00,16.392
2016-11-01 20:40:00,16.415
2016-11-01 20:50:00,16.439
2016-11-01 21:00:00,16.511
2016-11-01 21:10:00,16.558
2016-11-01 21:20:00,16.606
2016-11-01 21:30:00,16.654
2016-11-01 21:40:00,16.915
2016-11-01 21:50:00,17.058
2016-11-01 22:00:00,17.51
2016-11-01 22:10:00,17.915
2016-11-01 22:20:00,18.129
2016-11-01 22:30:00,18.247
2016-11-01 22:40:00,18.2
2016-11-01 22:50:00,18.105
2016-11-01 23:00:00,17.891
2016-11-01 23:10:00,17.534
2016-11-01 23:20:00,17.296
2016-11-01 23:30:00,17.058
2016-11-01 23:40:00,16.82
2016-11-01 23:50:00,16.606
2016-11-02 00:00:00,16.415
2016-11-02 00:10:00,16.249
2016-11-02 00:20:00,16.058
2016-11-02 00:30:00,15.843
2016-11-02 00:40:00,15.652
2016-11-02 00:50:00,15.485
2016-11-02 01:00:00,15.318
2016-11-02 01:10:00,15.127
2016-11-02 01:20:00,14.888
2016-11-02 01:30:00,14.768
2016-11-02 01:40:00,14.697
2016-11-02 01:50:00,14.625
2016-11-02 02:00:00,14.577
2016-11-02 02:10:00,14.457
2016-11-02 02:20:00,14.409
2016-11-02 02:30:00,14.433
2016-11-02 02:40:00,14.457
2016-11-02 02:50:00,14.433
2016-11-02 03:00:00,14.385
2016-11-02 03:10:00,14.409
2016-11-02 03:20:00,14.385
2016-11-02 03:30:00,14.361
2016-11-02 03:40:00,14.385
2016-11-02 03:50:00,14.745
2016-11-02 04:00:00,15.031
2016-11-02 04:10:00,15.103
2016-11-02 04:20:00,15.27
2016-11-02 04:30:00,15.605
2016-11-02 04:40:00,15.676
2016-11-02 04:50:00,15.652
2016-11-02 05:00:00,15.819
2016-11-02 05:10:00,15.796
2016-11-02 05:20:00,15.867
2016-11-02 05:30:00,15.891
2016-11-02 05:40:00,15.891
2016-11-02 05:50:00,15.891
2016-11-02 06:00:00,15.891
2016-11-02 06:10:00,15.891
2016-11-02 06:20:00,15.891
2016-11-02 06:30:00,15.867
2016-11-02 06:40:00,15.891
2016-11-02 06:50:00,15.867
2016-11-02 07:00:00,15.843
2016-11-02 07:10:00,15.843
2016-11-02 07:20:00,15.819
2016-11-02 07:30:00,15.796
2016-11-02 07:40:00,15.796
2016-11-02 07:50:00,15.772
2016-11-02 08:00:00,15.772
2016-11-02 08:10:00,15.748
2016-11-02 08:20:00,15.724
2016-11-02 08:30:00,15.7
2016-11-02 08:40:00,15.7
2016-11-02 08:50:00,15.676
2016-11-02 09:00:00,15.652
2016-11-02 09:10:00,15.629
2016-11-02 09:20:00,15.629
2016-11-02 09:30:00,15.629
2016-11-02 09:40:00,15.605
2016-11-02 09:50:00,15.581
2016-11-02 10:00:00,15.581
2016-11-02 10:10:00,15.557
2016-11-02 10:20:00,15.533
2016-11-02 10:30:00,15.509
2016-11-02 10:40:00,15.509
2016-11-02 10:50:00,15.461
2016-11-02 11:00:00,15.39
2016-11-02 11:10:00,15.294
2016-11-02 11:20:00,15.366
2016-11-02 11:30:00,14.96
2016-11-02 11:40:00,15.079
2016-11-02 11:50:00,15.055
2016-11-02 12:00:00,14.625
2016-11-02 12:10:00,14.768
2016-11-02 12:20:00,15.055
2016-11-02 12:30:00,14.984
2016-11-02 12:40:00,14.816
2016-11-02 12:50:00,14.745
2016-11-02 13:00:00,15.055
2016-11-02 13:10:00,15.079
2016-11-02 13:20:00,14.96
2016-11-02 13:30:00,15.199
2016-11-02 13:40:00,15.27
2016-11-02 13:50:00,15.318
2016-11-02 14:00:00,15.318
2016-11-02 14:10:00,15.318
2016-11-02 14:20:00,15.342
2016-11-02 14:30:00,15.366
2016-11-02 14:40:00,15.342
2016-11-02 14:50:00,15.342
2016-11-02 15:00:00,15.366
2016-11-02 15:10:00,15.414
2016-11-02 15:20:00,15.438
2016-11-02 15:30:00,15.485
2016-11-02 15:40:00,15.485
2016-11-02 15:50:00,15.485
2016-11-02 16:00:00,15.485
2016-11-02 16:10:00,15.461
2016-11-02 16:20:00,15.461
2016-11-02 16:30:00,15.485
2016-11-02 16:40:00,15.485
2016-11-02 16:50:00,15.533
2016-11-02 17:00:00,15.533
2016-11-02 17:10:00,15.557
2016-11-02 17:20:00,15.605
2016-11-02 17:30:00,15.605
2016-11-02 17:40:00,15.629
2016-11-02 17:50:00,15.629
2016-11-02 18:00:00,15.652
2016-11-02 18:10:00,15.557
2016-11-02 18:20:00,15.629
2016-11-02 18:30:00,15.676
2016-11-02 18:40:00,15.652
2016-11-02 18:50:00,15.7
2016-11-02 19:00:00,15.748
2016-11-02 19:10:00,15.748
2016-11-02 19:20:00,15.772
2016-11-02 19:30:00,15.796
2016-11-02 19:40:00,15.819
2016-11-02 19:50:00,15.843
2016-11-02 20:00:00,15.819
2016-11-02 20:10:00,15.867
2016-11-02 20:20:00,15.891
2016-11-02 20:30:00,15.939
2016-11-02 20:40:00,15.963
2016-11-02 20:50:00,15.963
2016-11-02 21:00:00,15.986
2016-11-02 21:10:00,15.986
2016-11-02 21:20:00,16.034
2016-11-02 21:30:00,16.082
2016-11-02 21:40:00,16.082
2016-11-02 21:50:00,16.153
2016-11-02 22:00:00,16.249
2016-11-02 22:10:00,16.415
2016-11-02 22:20:00,16.606
2016-11-02 22:30:00,16.63
2016-11-02 22:40:00,16.915
2016-11-02 22:50:00,17.034
2016-11-02 23:00:00,16.963
2016-11-02 23:10:00,16.963
2016-11-02 23:20:00,16.963
2016-11-02 23:30:00,16.868
2016-11-02 23:40:00,16.749
2016-11-02 23:50:00,16.582
2016-11-03 00:00:00,16.439
2016-11-03 00:10:00,16.296
2016-11-03 00:20:00,16.129
2016-11-03 00:30:00,15.939
2016-11-03 00:40:00,15.772
2016-11-03 00:50:00,15.581
2016-11-03 01:00:00,15.39
2016-11-03 01:10:00,15.175
2016-11-03 01:20:00,14.96
2016-11-03 01:30:00,14.768
2016-11-03 01:40:00,14.601
2016-11-03 01:50:00,14.481
2016-11-03 02:00:00,14.433
2016-11-03 02:10:00,14.242
2016-11-03 02:20:00,14.122
2016-11-03 02:30:00,14.17
2016-11-03 02:40:00,14.17
2016-11-03 02:50:00,14.146
2016-11-03 03:00:00,14.122
2016-11-03 03:10:00,14.074
2016-11-03 03:20:00,14.026
2016-11-03 03:30:00,13.978
2016-11-03 03:40:00,13.93
2016-11-03 03:50:00,13.93
2016-11-03 04:00:00,13.93
2016-11-03 04:10:00,13.882
2016-11-03 04:20:00,13.762
2016-11-03 04:30:00,13.666
2016-11-03 04:40:00,13.522
2016-11-03 04:50:00,13.497
2016-11-03 05:00:00,13.305
2016-11-03 05:10:00,13.425
2016-11-03 05:20:00,13.281
2016-11-03 05:30:00,13.088
2016-11-03 05:40:00,14.649
2016-11-03 05:50:00,14.984
2016-11-03 06:00:00,15.127
2016-11-03 06:10:00,15.175
2016-11-03 06:20:00,15.175
2016-11-03 06:30:00,15.127
2016-11-03 06:40:00,15.127
2016-11-03 06:50:00,15.127
2016-11-03 07:00:00,15.103
2016-11-03 07:10:00,15.103
2016-11-03 07:20:00,15.103
2016-11-03 07:30:00,15.103
2016-11-03 07:40:00,15.079
2016-11-03 07:50:00,15.103
2016-11-03 08:00:00,15.103
2016-11-03 08:10:00,15.079
2016-11-03 08:20:00,15.079
2016-11-03 08:30:00,15.079
2016-11-03 08:40:00,15.055
2016-11-03 08:50:00,15.031
2016-11-03 09:00:00,15.031
2016-11-03 09:10:00,15.031
2016-11-03 09:20:00,15.031
2016-11-03 09:30:00,15.031
2016-11-03 09:40:00,15.008
2016-11-03 09:50:00,15.008
2016-11-03 10:00:00,15.008
2016-11-03 10:10:00,15.008
2016-11-03 10:20:00,15.008
2016-11-03 10:30:00,14.984
2016-11-03 10:40:00,14.936
2016-11-03 10:50:00,14.936
2016-11-03 11:00:00,14.936
2016-11-03 11:10:00,14.888
2016-11-03 11:20:00,14.864
2016-11-03 11:30:00,14.84
2016-11-03 11:40:00,14.816
2016-11-03 11:50:00,14.697
2016-11-03 12:00:00,14.745
2016-11-03 12:10:00,14.792
2016-11-03 12:20:00,14.649
2016-11-03 12:30:00,14.242
2016-11-03 12:40:00,13.93
2016-11-03 12:50:00,14.098
2016-11-03 13:00:00,14.553
2016-11-03 13:10:00,14.745
2016-11-03 13:20:00,14.697
2016-11-03 13:30:00,14.649
2016-11-03 13:40:00,14.649
2016-11-03 13:50:00,14.768
2016-11-03 14:00:00,14.745
2016-11-03 14:10:00,14.816
2016-11-03 14:20:00,14.745
2016-11-03 14:30:00,14.864
2016-11-03 14:40:00,14.864
2016-11-03 14:50:00,14.864
2016-11-03 15:00:00,14.912
2016-11-03 15:10:00,15.031
2016-11-03 15:20:00,15.055
2016-11-03 15:30:00,15.008
2016-11-03 15:40:00,15.079
2016-11-03 15:50:00,15.175
2016-11-03 16:00:00,15.366
2016-11-03 16:10:00,15.294
2016-11-03 16:20:00,15.318
2016-11-03 16:30:00,15.461
2016-11-03 16:40:00,15.509
2016-11-03 16:50:00,15.414
2016-11-03 17:00:00,15.461
2016-11-03 17:10:00,15.438
2016-11-03 17:20:00,15.461
2016-11-03 17:30:00,15.533
2016-11-03 17:40:00,15.581
2016-11-03 17:50:00,15.581
2016-11-03 18:00:00,15.605
2016-11-03 18:10:00,15.629
2016-11-03 18:20:00,15.605
2016-11-03 18:30:00,15.581
2016-11-03 18:40:00,15.581
2016-11-03 18:50:00,15.581
2016-11-03 19:00:00,15.605
2016-11-03 19:10:00,15.581
2016-11-03 19:20:00,15.581
2016-11-03 19:30:00,15.605
2016-11-03 19:40:00,15.652
2016-11-03 19:50:00,15.652
2016-11-03 20:00:00,15.676
2016-11-03 20:10:00,15.676
2016-11-03 20:20:00,15.7
2016-11-03 20:30:00,15.724
2016-11-03 20:40:00,15.724
2016-11-03 20:50:00,15.748
2016-11-03 21:00:00,15.796
2016-11-03 21:10:00,15.796
2016-11-03 21:20:00,15.796
2016-11-03 21:30:00,15.796
2016-11-03 21:40:00,15.843
2016-11-03 21:50:00,15.819
2016-11-03 22:00:00,15.819
2016-11-03 22:10:00,15.939
2016-11-03 22:20:00,15.915
2016-11-03 22:30:00,15.939
2016-11-03 22:40:00,16.082
2016-11-03 22:50:00,16.177
2016-11-03 23:00:00,16.368
2016-11-03 23:10:00,16.558
2016-11-03 23:20:00,16.654
2016-11-03 23:30:00,16.606
2016-11-03 23:40:00,16.487
2016-11-03 23:50:00,16.201
2016-11-04 00:00:00,16.082
2016-11-04 00:10:00,16.034
2016-11-04 00:20:00,16.01
2016-11-04 00:30:00,16.01
2016-11-04 00:40:00,15.867
2016-11-04 00:50:00,15.605
2016-11-04 01:00:00,15.294
2016-11-04 01:10:00,14.984
2016-11-04 01:20:00,14.697
2016-11-04 01:30:00,14.433
2016-11-04 01:40:00,14.17
2016-11-04 01:50:00,13.882
2016-11-04 02:00:00,13.57
2016-11-04 02:10:00,13.305
2016-11-04 02:20:00,12.968
2016-11-04 02:30:00,12.871
2016-11-04 02:40:00,12.799
2016-11-04 02:50:00,12.606
2016-11-04 03:00:00,12.437
2016-11-04 03:10:00,12.316
2016-11-04 03:20:00,12.243
2016-11-04 03:30:00,12.147
2016-11-04 03:40:00,12.05
2016-11-04 03:50:00,11.88
2016-11-04 04:00:00,11.783
2016-11-04 04:10:00,11.662
2016-11-04 04:20:00,11.734
2016-11-04 04:30:00,11.88
2016-11-04 04:40:00,12.147
2016-11-04 04:50:00,12.05
2016-11-04 05:00:00,12.171
2016-11-04 05:10:00,12.316
2016-11-04 05:20:00,13.666
2016-11-04 05:30:00,14.266
2016-11-04 05:40:00,14.385
2016-11-04 05:50:00,14.721
2016-11-04 06:00:00,14.816
2016-11-04 06:10:00,14.912
2016-11-04 06:20:00,14.984
2016-11-04 06:30:00,15.031
2016-11-04 06:40:00,15.055
2016-11-04 06:50:00,15.055
2016-11-04 07:00:00,15.055
2016-11-04 07:10:00,15.055
2016-11-04 07:20:00,15.031
2016-11-04 07:30:00,15.031
2016-11-04 07:40:00,15.008
2016-11-04 07:50:00,14.984
2016-11-04 08:00:00,14.96
2016-11-04 08:10:00,14.936
2016-11-04 08:20:00,14.912
2016-11-04 08:30:00,14.864
2016-11-04 08:40:00,14.84
2016-11-04 08:50:00,14.84
2016-11-04 09:00:00,14.84
2016-11-04 09:10:00,14.84
2016-11-04 09:20:00,14.84
2016-11-04 09:30:00,14.84
2016-11-04 09:40:00,14.84
2016-11-04 09:50:00,14.84
2016-11-04 10:00:00,14.84
2016-11-04 10:10:00,14.864
2016-11-04 10:20:00,14.888
2016-11-04 10:30:00,14.888
2016-11-04 10:40:00,14.888
2016-11-04 10:50:00,14.888
2016-11-04 11:00:00,14.888
2016-11-04 11:10:00,14.888
2016-11-04 11:20:00,14.936
2016-11-04 11:30:00,14.936
2016-11-04 11:40:00,14.936
2016-11-04 11:50:00,14.96
2016-11-04 12:00:00,14.984
2016-11-04 12:10:00,14.936
2016-11-04 12:20:00,14.864
2016-11-04 12:30:00,14.84
2016-11-04 12:40:00,14.816
2016-11-04 12:50:00,14.792
2016-11-04 13:00:00,14.792
2016-11-04 13:10:00,14.792
2016-11-04 13:20:00,14.768
2016-11-04 13:30:00,14.792
2016-11-04 13:40:00,14.792
2016-11-04 13:50:00,14.745
2016-11-04 14:00:00,14.721
2016-11-04 14:10:00,14.697
2016-11-04 14:20:00,14.697
2016-11-04 14:30:00,14.673
2016-11-04 14:40:00,14.649
2016-11-04 14:50:00,14.625
2016-11-04 15:00:00,14.577
2016-11-04 15:10:00,14.577
2016-11-04 15:20:00,14.601
2016-11-04 15:30:00,14.601
2016-11-04 15:40:00,14.601
2016-11-04 15:50:00,14.601
2016-11-04 16:00:00,14.625
2016-11-04 16:10:00,14.649
2016-11-04 16:20:00,14.625
2016-11-04 16:30:00,14.649
2016-11-04 16:40:00,14.697
2016-11-04 16:50:00,14.721
2016-11-04 17:00:00,14.745
2016-11-04 17:10:00,14.745
2016-11-04 17:20:00,14.697
2016-11-04 17:30:00,14.697
2016-11-04 17:40:00,14.697
2016-11-04 17:50:00,14.649
2016-11-04 18:00:00,14.625
2016-11-04 18:10:00,14.649
2016-11-04 18:20:00,14.649
2016-11-04 18:30:00,14.625
2016-11-04 18:40:00,14.601
2016-11-04 18:50:00,14.601
2016-11-04 19:00:00,14.553
2016-11-04 19:10:00,14.577
2016-11-04 19:20:00,14.601
2016-11-04 19:30:00,14.625
2016-11-04 19:40:00,14.625
2016-11-04 19:50:00,14.649
2016-11-04 20:00:00,14.625
2016-11-04 20:10:00,14.649
2016-11-04 20:20:00,14.697
2016-11-04 20:30:00,14.673
2016-11-04 20:40:00,14.697
2016-11-04 20:50:00,14.697
2016-11-04 21:00:00,14.745
2016-11-04 21:10:00,14.745
2016-11-04 21:20:00,14.721
2016-11-04 21:30:00,14.721
2016-11-04 21:40:00,14.721
2016-11-04 21:50:00,14.721
2016-11-04 22:00:00,14.697
2016-11-04 22:10:00,14.673
2016-11-04 22:20:00,14.673
2016-11-04 22:30:00,14.649
2016-11-04 22:40:00,14.649
2016-11-04 22:50:00,14.673
2016-11-04 23:00:00,14.721
2016-11-04 23:10:00,14.649
2016-11-04 23:20:00,14.625
2016-11-04 23:30:00,14.649
2016-11-04 23:40:00,14.721
2016-11-04 23:50:00,14.745
2016-11-05 00:00:00,14.721
2016-11-05 00:10:00,14.649
2016-11-05 00:20:00,14.625
2016-11-05 00:30:00,14.601
2016-11-05 00:40:00,14.601
2016-11-05 00:50:00,14.553
2016-11-05 01:00:00,14.481
2016-11-05 01:10:00,14.457
2016-11-05 01:20:00,14.361
2016-11-05 01:30:00,14.409
2016-11-05 01:40:00,14.337
2016-11-05 01:50:00,14.29
2016-11-05 02:00:00,14.361
2016-11-05 02:10:00,14.17
2016-11-05 02:20:00,13.81
2016-11-05 02:30:00,13.978
2016-11-05 02:40:00,13.954
2016-11-05 02:50:00,14.098
2016-11-05 03:00:00,13.834
2016-11-05 03:10:00,13.594
2016-11-05 03:20:00,13.377
2016-11-05 03:30:00,13.161
2016-11-05 03:40:00,13.064
2016-11-05 03:50:00,13.112
2016-11-05 04:00:00,13.401
2016-11-05 04:10:00,13.594
2016-11-05 04:20:00,13.401
2016-11-05 04:30:00,13.449
2016-11-05 04:40:00,13.401
2016-11-05 04:50:00,13.69
2016-11-05 05:00:00,13.449
2016-11-05 05:10:00,13.329
2016-11-05 05:20:00,13.834
2016-11-05 05:30:00,14.05
2016-11-05 05:40:00,13.954
2016-11-05 05:50:00,14.002
2016-11-05 06:00:00,14.05
2016-11-05 06:10:00,14.122
2016-11-05 06:20:00,14.122
2016-11-05 06:30:00,14.098
2016-11-05 06:40:00,14.146
2016-11-05 06:50:00,14.17
2016-11-05 07:00:00,14.17
2016-11-05 07:10:00,14.17
2016-11-05 07:20:00,14.194
2016-11-05 07:30:00,14.194
2016-11-05 07:40:00,14.218
2016-11-05 07:50:00,14.242
2016-11-05 08:00:00,14.266
2016-11-05 08:10:00,14.242
2016-11-05 08:20:00,14.218
2016-11-05 08:30:00,14.194
2016-11-05 08:40:00,14.17
2016-11-05 08:50:00,14.17
2016-11-05 09:00:00,14.146
2016-11-05 09:10:00,14.122
2016-11-05 09:20:00,14.098
2016-11-05 09:30:00,14.05
2016-11-05 09:40:00,14.026
2016-11-05 09:50:00,14.026
2016-11-05 10:00:00,14.002
2016-11-05 10:10:00,13.978
2016-11-05 10:20:00,13.978
2016-11-05 10:30:00,13.954
2016-11-05 10:40:00,13.906
2016-11-05 10:50:00,13.882
2016-11-05 11:00:00,13.906
2016-11-05 11:10:00,13.882
2016-11-05 11:20:00,13.882
2016-11-05 11:30:00,13.882
2016-11-05 11:40:00,13.882
2016-11-05 11:50:00,13.882
2016-11-05 12:00:00,13.882
2016-11-05 12:10:00,13.882
2016-11-05 12:20:00,13.882
2016-11-05 12:30:00,13.882
2016-11-05 12:40:00,13.882
2016-11-05 12:50:00,13.906
2016-11-05 13:00:00,13.906
2016-11-05 13:10:00,13.906
2016-11-05 13:20:00,13.93
2016-11-05 13:30:00,13.93
2016-11-05 13:40:00,13.93
2016-11-05 13:50:00,13.93
2016-11-05 14:00:00,13.93
2016-11-05 14:10:00,13.93
2016-11-05 14:20:00,13.906
2016-11-05 14:30:00,13.906
2016-11-05 14:40:00,13.906
2016-11-05 14:50:00,13.882
2016-11-05 15:00:00,13.882
2016-11-05 15:10:00,13.906
2016-11-05 15:20:00,13.906
2016-11-05 15:30:00,13.906
2016-11-05 15:40:00,13.93
2016-11-05 15:50:00,13.93
2016-11-05 16:00:00,13.954
2016-11-05 16:10:00,13.954
2016-11-05 16:20:00,13.978
2016-11-05 16:30:00,14.002
2016-11-05 16:40:00,14.002
2016-11-05 16:50:00,14.026
2016-11-05 17:00:00,14.074
2016-11-05 17:10:00,14.146
2016-11-05 17:20:00,14.266
2016-11-05 17:30:00,14.314
2016-11-05 17:40:00,14.361
2016-11-05 17:50:00,14.314
2016-11-05 18:00:00,14.385
2016-11-05 18:10:00,14.385
2016-11-05 18:20:00,14.337
2016-11-05 18:30:00,14.314
2016-11-05 18:40:00,14.314
2016-11-05 18:50:00,14.409
2016-11-05 19:00:00,14.409
2016-11-05 19:10:00,14.457
2016-11-05 19:20:00,14.481
2016-11-05 19:30:00,14.457
2016-11-05 19:40:00,14.481
2016-11-05 19:50:00,14.457
2016-11-05 20:00:00,14.481
2016-11-05 20:10:00,14.505
2016-11-05 20:20:00,14.505
2016-11-05 20:30:00,14.553
2016-11-05 20:40:00,14.553
2016-11-05 20:50:00,14.553
2016-11-05 21:00:00,14.577
2016-11-05 21:10:00,14.577
2016-11-05 21:20:00,14.577
2016-11-05 21:30:00,14.577
2016-11-05 21:40:00,14.601
2016-11-05 21:50:00,14.601
2016-11-05 22:00:00,14.601
2016-11-05 22:10:00,14.577
2016-11-05 22:20:00,14.577
2016-11-05 22:30:00,14.577
2016-11-05 22:40:00,14.553
2016-11-05 22:50:00,14.601
2016-11-05 23:00:00,14.577
2016-11-05 23:10:00,14.577
2016-11-05 23:20:00,14.577
2016-11-05 23:30:00,14.577
2016-11-05 23:40:00,14.553
2016-11-05 23:50:00,14.529
2016-11-06 00:00:00,14.529
2016-11-06 00:10:00,14.529
2016-11-06 00:20:00,14.505
2016-11-06 00:30:00,14.505
2016-11-06 00:40:00,14.481
2016-11-06 00:50:00,14.481
2016-11-06 01:00:00,14.457
2016-11-06 01:10:00,14.457
2016-11-06 01:20:00,14.457
2016-11-06 01:30:00,14.385
2016-11-06 01:40:00,14.337
2016-11-06 01:50:00,14.314
2016-11-06 02:00:00,14.337
2016-11-06 02:10:00,14.337
2016-11-06 02:20:00,14.314
2016-11-06 02:30:00,14.242
2016-11-06 02:40:00,14.194
2016-11-06 02:50:00,13.978
2016-11-06 03:00:00,13.69
2016-11-06 03:10:00,13.714
2016-11-06 03:20:00,13.834
2016-11-06 03:30:00,13.546
2016-11-06 03:40:00,13.233
2016-11-06 03:50:00,12.968
2016-11-06 04:00:00,12.63
2016-11-06 04:10:00,12.558
2016-11-06 04:20:00,12.703
2016-11-06 04:30:00,12.509
2016-11-06 04:40:00,12.243
2016-11-06 04:50:00,12.074
2016-11-06 05:00:00,11.977
2016-11-06 05:10:00,13.04
2016-11-06 05:20:00,12.582
2016-11-06 05:30:00,12.195
2016-11-06 05:40:00,12.316
2016-11-06 05:50:00,12.968
2016-11-06 06:00:00,12.534
2016-11-06 06:10:00,12.316
2016-11-06 06:20:00,12.389
2016-11-06 06:30:00,13.161
2016-11-06 06:40:00,13.401
2016-11-06 06:50:00,13.618
2016-11-06 07:00:00,13.954
2016-11-06 07:10:00,14.05
2016-11-06 07:20:00,14.074
2016-11-06 07:30:00,14.074
2016-11-06 07:40:00,14.074
2016-11-06 07:50:00,14.098
2016-11-06 08:00:00,14.098
2016-11-06 08:10:00,14.122
2016-11-06 08:20:00,14.122
2016-11-06 08:30:00,14.122
2016-11-06 08:40:00,14.122
2016-11-06 08:50:00,14.122
2016-11-06 09:00:00,14.122
2016-11-06 09:10:00,14.122
2016-11-06 09:20:00,14.122
2016-11-06 09:30:00,14.122
2016-11-06 09:40:00,14.122
2016-11-06 09:50:00,14.122
2016-11-06 10:00:00,14.098
2016-11-06 10:10:00,14.098
2016-11-06 10:20:00,14.098
2016-11-06 10:30:00,14.074
2016-11-06 10:40:00,14.05
2016-11-06 10:50:00,14.05
2016-11-06 11:00:00,14.05
2016-11-06 11:10:00,14.05
2016-11-06 11:20:00,14.05
2016-11-06 11:30:00,14.074
2016-11-06 11:40:00,14.05
2016-11-06 11:50:00,14.05
2016-11-06 12:00:00,14.05
2016-11-06 12:10:00,14.05
2016-11-06 12:20:00,14.026
2016-11-06 12:30:00,14.026
2016-11-06 12:40:00,14.002
2016-11-06 12:50:00,14.002
2016-11-06 13:00:00,13.954
2016-11-06 13:10:00,13.954
2016-11-06 13:20:00,13.954
2016-11-06 13:30:00,13.93
2016-11-06 13:40:00,13.906
2016-11-06 13:50:00,13.906
2016-11-06 14:00:00,13.882
2016-11-06 14:10:00,13.882
2016-11-06 14:20:00,13.882
2016-11-06 14:30:00,13.882
2016-11-06 14:40:00,13.882
2016-11-06 14:50:00,13.858
2016-11-06 15:00:00,13.858
2016-11-06 15:10:00,13.882
2016-11-06 15:20:00,13.858
2016-11-06 15:30:00,13.882
2016-11-06 15:40:00,13.906
2016-11-06 15:50:00,13.954
2016-11-06 16:00:00,13.978
2016-11-06 16:10:00,14.002
2016-11-06 16:20:00,14.026
2016-11-06 16:30:00,14.026
2016-11-06 16:40:00,14.026
2016-11-06 16:50:00,14.026
2016-11-06 17:00:00,14.218
2016-11-06 17:10:00,14.122
2016-11-06 17:20:00,14.146
2016-11-06 17:30:00,14.194
2016-11-06 17:40:00,14.218
2016-11-06 17:50:00,14.194
2016-11-06 18:00:00,14.218
2016-11-06 18:10:00,14.266
2016-11-06 18:20:00,14.242
2016-11-06 18:30:00,14.29
2016-11-06 18:40:00,14.266
2016-11-06 18:50:00,14.29
2016-11-06 19:00:00,14.337
2016-11-06 19:10:00,14.266
2016-11-06 19:20:00,14.314
2016-11-06 19:30:00,14.361
2016-11-06 19:40:00,14.385
2016-11-06 19:50:00,14.385
2016-11-06 20:00:00,14.337
2016-11-06 20:10:00,14.361
2016-11-06 20:20:00,14.361
2016-11-06 20:30:00,14.409
2016-11-06 20:40:00,14.385
2016-11-06 20:50:00,14.361
2016-11-06 21:00:00,14.361
2016-11-06 21:10:00,14.361
2016-11-06 21:20:00,14.361
2016-11-06 21:30:00,14.361
2016-11-06 21:40:00,14.385
2016-11-06 21:50:00,14.385
2016-11-06 22:00:00,14.409
2016-11-06 22:10:00,14.409
2016-11-06 22:20:00,14.433
2016-11-06 22:30:00,14.433
2016-11-06 22:40:00,14.457
2016-11-06 22:50:00,14.457
2016-11-06 23:00:00,14.457
2016-11-06 23:10:00,14.457
2016-11-06 23:20:00,14.457
2016-11-06 23:30:00,14.457
2016-11-06 23:40:00,14.457
2016-11-06 23:50:00,14.457
2016-11-07 00:00:00,14.457
2016-11-07 00:10:00,14.481
2016-11-07 00:20:00,14.481
2016-11-07 00:30:00,14.505
2016-11-07 00:40:00,14.505
2016-11-07 00:50:00,14.505
2016-11-07 01:00:00,14.505
2016-11-07 01:10:00,14.505
2016-11-07 01:20:00,14.505
2016-11-07 01:30:00,14.505
2016-11-07 01:40:00,14.505
2016-11-07 01:50:00,14.505
2016-11-07 02:00:00,14.505
2016-11-07 02:10:00,14.529
2016-11-07 02:20:00,14.529
2016-11-07 02:30:00,14.529
2016-11-07 02:40:00,14.553
2016-11-07 02:50:00,14.529
2016-11-07 03:00:00,14.529
2016-11-07 03:10:00,14.529
2016-11-07 03:20:00,14.529
2016-11-07 03:30:00,14.505
2016-11-07 03:40:00,14.457
2016-11-07 03:50:00,14.433
2016-11-07 04:00:00,14.457
2016-11-07 04:10:00,14.409
2016-11-07 04:20:00,14.361
2016-11-07 04:30:00,14.242
2016-11-07 04:40:00,14.337
2016-11-07 04:50:00,14.337
2016-11-07 05:00:00,14.17
2016-11-07 05:10:00,14.05
2016-11-07 05:20:00,14.266
2016-11-07 05:30:00,14.29
2016-11-07 05:40:00,14.29
2016-11-07 05:50:00,14.29
2016-11-07 06:00:00,14.29
2016-11-07 06:10:00,14.314
2016-11-07 06:20:00,14.242
2016-11-07 06:30:00,14.266
2016-11-07 06:40:00,14.266
2016-11-07 06:50:00,14.266
2016-11-07 07:00:00,14.17
2016-11-07 07:10:00,14.266
2016-11-07 07:20:00,14.242
2016-11-07 07:30:00,14.266
2016-11-07 07:40:00,14.266
2016-11-07 07:50:00,14.266
2016-11-07 08:00:00,14.266
2016-11-07 08:10:00,14.242
2016-11-07 08:20:00,14.242
2016-11-07 08:30:00,14.242
2016-11-07 08:40:00,14.218
2016-11-07 08:50:00,14.242
2016-11-07 09:00:00,14.242
2016-11-07 09:10:00,14.242
2016-11-07 09:20:00,14.218
2016-11-07 09:30:00,14.218
2016-11-07 09:40:00,14.218
2016-11-07 09:50:00,14.194
2016-11-07 10:00:00,14.194
2016-11-07 10:10:00,14.17
2016-11-07 10:20:00,14.17
2016-11-07 10:30:00,14.17
2016-11-07 10:40:00,14.17
2016-11-07 10:50:00,14.17
2016-11-07 11:00:00,14.17
2016-11-07 11:10:00,14.146
2016-11-07 11:20:00,14.146
2016-11-07 11:30:00,14.146
2016-11-07 11:40:00,14.146
2016-11-07 11:50:00,14.122
2016-11-07 12:00:00,14.122
2016-11-07 12:10:00,14.122
2016-11-07 12:20:00,14.122
2016-11-07 12:30:00,14.098
2016-11-07 12:40:00,14.098
2016-11-07 12:50:00,14.098
2016-11-07 13:00:00,14.098
2016-11-07 13:10:00,14.098
2016-11-07 13:20:00,14.098
2016-11-07 13:30:00,14.098
2016-11-07 13:40:00,14.074
2016-11-07 13:50:00,14.074
2016-11-07 14:00:00,14.074
2016-11-07 14:10:00,14.074
2016-11-07 14:20:00,14.074
2016-11-07 14:30:00,14.074
2016-11-07 14:40:00,14.074
2016-11-07 14:50:00,14.098
2016-11-07 15:00:00,14.098
2016-11-07 15:10:00,14.098
2016-11-07 15:20:00,14.122
2016-11-07 15:30:00,14.122
2016-11-07 15:40:00,14.17
2016-11-07 15:50:00,14.218
2016-11-07 16:00:00,14.314
2016-11-07 16:10:00,14.361
2016-11-07 16:20:00,14.385
2016-11-07 16:30:00,14.505
2016-11-07 16:40:00,14.505
2016-11-07 16:50:00,14.385
2016-11-07 17:00:00,14.505
2016-11-07 17:10:00,14.481
2016-11-07 17:20:00,14.673
2016-11-07 17:30:00,14.601
2016-11-07 17:40:00,14.553
2016-11-07 17:50:00,14.601
2016-11-07 18:00:00,14.529
2016-11-07 18:10:00,14.625
2016-11-07 18:20:00,14.577
2016-11-07 18:30:00,14.649
2016-11-07 18:40:00,14.553
2016-11-07 18:50:00,14.649
2016-11-07 19:00:00,14.649
2016-11-07 19:10:00,14.697
2016-11-07 19:20:00,14.649
2016-11-07 19:30:00,14.673
2016-11-07 19:40:00,14.625
2016-11-07 19:50:00,14.697
2016-11-07 20:00:00,14.697
2016-11-07 20:10:00,14.697
2016-11-07 20:20:00,14.697
2016-11-07 20:30:00,14.721
2016-11-07 20:40:00,14.721
2016-11-07 20:50:00,14.745
2016-11-07 21:00:00,14.768
2016-11-07 21:10:00,14.768
2016-11-07 21:20:00,14.768
2016-11-07 21:30:00,14.745
2016-11-07 21:40:00,14.768
2016-11-07 21:50:00,14.721
2016-11-07 22:00:00,14.721
2016-11-07 22:10:00,14.697
2016-11-07 22:20:00,14.673
2016-11-07 22:30:00,14.649
2016-11-07 22:40:00,14.649
2016-11-07 22:50:00,14.649
2016-11-07 23:00:00,14.649
2016-11-07 23:10:00,14.625
2016-11-07 23:20:00,14.601
2016-11-07 23:30:00,14.601
2016-11-07 23:40:00,14.601
2016-11-07 23:50:00,14.601
2016-11-08 00:00:00,14.601
2016-11-08 00:10:00,14.577
2016-11-08 00:20:00,14.553
2016-11-08 00:30:00,14.505
2016-11-08 00:40:00,14.481
2016-11-08 00:50:00,14.481
2016-11-08 01:00:00,14.457
2016-11-08 01:10:00,14.409
2016-11-08 01:20:00,14.409
2016-11-08 01:30:00,14.385
2016-11-08 01:40:00,14.361
2016-11-08 01:50:00,14.361
2016-11-08 02:00:00,14.361
2016-11-08 02:10:00,14.314
2016-11-08 02:20:00,14.29
2016-11-08 02:30:00,14.266
2016-11-08 02:40:00,14.218
2016-11-08 02:50:00,14.194
2016-11-08 03:00:00,14.098
2016-11-08 03:10:00,13.786
2016-11-08 03:20:00,13.762
2016-11-08 03:30:00,13.353
2016-11-08 03:40:00,13.112
2016-11-08 03:50:00,12.896
2016-11-08 04:00:00,12.799
2016-11-08 04:10:00,12.847
2016-11-08 04:20:00,12.775
2016-11-08 04:30:00,12.727
2016-11-08 04:40:00,12.606
2016-11-08 04:50:00,12.534
2016-11-08 05:00:00,12.534
2016-11-08 05:10:00,12.558
2016-11-08 05:20:00,12.509
2016-11-08 05:30:00,12.485
2016-11-08 05:40:00,12.413
2016-11-08 05:50:00,12.389
2016-11-08 06:00:00,12.606
2016-11-08 06:10:00,12.727
2016-11-08 06:20:00,12.896
2016-11-08 06:30:00,13.233
2016-11-08 06:40:00,13.353
2016-11-08 06:50:00,13.233
2016-11-08 07:00:00,13.185
2016-11-08 07:10:00,13.137
2016-11-08 07:20:00,13.161
2016-11-08 07:30:00,13.329
2016-11-08 07:40:00,13.473
2016-11-08 07:50:00,13.594
2016-11-08 08:00:00,13.666
2016-11-08 08:10:00,13.642
2016-11-08 08:20:00,13.546
2016-11-08 08:30:00,13.546
2016-11-08 08:40:00,13.449
2016-11-08 08:50:00,13.281
2016-11-08 09:00:00,13.233
2016-11-08 09:10:00,13.449
2016-11-08 09:20:00,13.618
2016-11-08 09:30:00,13.786
2016-11-08 09:40:00,13.906
2016-11-08 09:50:00,13.906
2016-11-08 10:00:00,13.954
2016-11-08 10:10:00,13.954
2016-11-08 10:20:00,13.954
2016-11-08 10:30:00,13.954
2016-11-08 10:40:00,13.954
2016-11-08 10:50:00,13.954
2016-11-08 11:00:00,13.978
2016-11-08 11:10:00,13.954
2016-11-08 11:20:00,13.93
2016-11-08 11:30:00,13.93
2016-11-08 11:40:00,13.93
2016-11-08 11:50:00,13.93
2016-11-08 12:00:00,13.93
2016-11-08 12:10:00,13.93
2016-11-08 12:20:00,13.93
2016-11-08 12:30:00,13.906
2016-11-08 12:40:00,13.906
2016-11-08 12:50:00,13.906
2016-11-08 13:00:00,13.882
2016-11-08 13:10:00,13.882
2016-11-08 13:20:00,13.882
2016-11-08 13:30:00,13.882
2016-11-08 13:40:00,13.882
2016-11-08 13:50:00,13.858
2016-11-08 14:00:00,13.858
2016-11-08 14:10:00,13.858
2016-11-08 14:20:00,13.858
2016-11-08 14:30:00,13.834
2016-11-08 14:40:00,13.834
2016-11-08 14:50:00,13.834
2016-11-08 15:00:00,13.834
2016-11-08 15:10:00,13.858
2016-11-08 15:20:00,13.882
2016-11-08 15:30:00,13.906
2016-11-08 15:40:00,13.93
2016-11-08 15:50:00,13.978
2016-11-08 16:00:00,14.05
2016-11-08 16:10:00,14.074
2016-11-08 16:20:00,14.17
2016-11-08 16:30:00,14.314
2016-11-08 16:40:00,14.385
2016-11-08 16:50:00,14.409
2016-11-08 17:00:00,14.433
2016-11-08 17:10:00,14.553
2016-11-08 17:20:00,14.649
2016-11-08 17:30:00,14.625
2016-11-08 17:40:00,14.768
2016-11-08 17:50:00,14.888
2016-11-08 18:00:00,14.888
2016-11-08 18:10:00,14.936
2016-11-08 18:20:00,15.008
2016-11-08 18:30:00,14.745
2016-11-08 18:40:00,14.792
2016-11-08 18:50:00,15.008
2016-11-08 19:00:00,15.103
2016-11-08 19:10:00,14.984
2016-11-08 19:20:00,14.912
2016-11-08 19:30:00,14.936
2016-11-08 19:40:00,14.864
2016-11-08 19:50:00,14.936
2016-11-08 20:00:00,14.936
2016-11-08 20:10:00,14.912
2016-11-08 20:20:00,14.888
2016-11-08 20:30:00,14.84
2016-11-08 20:40:00,14.768
2016-11-08 20:50:00,14.721
2016-11-08 21:00:00,14.745
2016-11-08 21:10:00,14.697
2016-11-08 21:20:00,14.697
2016-11-08 21:30:00,14.625
2016-11-08 21:40:00,14.601
2016-11-08 21:50:00,14.601
2016-11-08 22:00:00,14.553
2016-11-08 22:10:00,14.529
2016-11-08 22:20:00,14.529
2016-11-08 22:30:00,14.529
2016-11-08 22:40:00,14.505
2016-11-08 22:50:00,14.481
2016-11-08 23:00:00,14.481
2016-11-08 23:10:00,14.505
2016-11-08 23:20:00,14.481
2016-11-08 23:30:00,14.481
2016-11-08 23:40:00,14.457
2016-11-08 23:50:00,14.433
2016-11-09 00:00:00,14.433
2016-11-09 00:10:00,14.409
2016-11-09 00:20:00,14.409
2016-11-09 00:30:00,14.409
2016-11-09 00:40:00,14.385
2016-11-09 00:50:00,14.385
2016-11-09 01:00:00,14.385
2016-11-09 01:10:00,14.385
2016-11-09 01:20:00,14.385
2016-11-09 01:30:00,14.361
2016-11-09 01:40:00,14.385
2016-11-09 01:50:00,14.361
2016-11-09 02:00:00,14.361
2016-11-09 02:10:00,14.361
2016-11-09 02:20:00,14.361
2016-11-09 02:30:00,14.361
2016-11-09 02:40:00,14.361
2016-11-09 02:50:00,14.361
2016-11-09 03:00:00,14.361
2016-11-09 03:10:00,14.361
2016-11-09 03:20:00,14.361
2016-11-09 03:30:00,14.361
2016-11-09 03:40:00,14.361
2016-11-09 03:50:00,14.361
2016-11-09 04:00:00,14.361
2016-11-09 04:10:00,14.361
2016-11-09 04:20:00,14.361
2016-11-09 04:30:00,14.361
2016-11-09 04:40:00,14.337
2016-11-09 04:50:00,14.361
2016-11-09 05:00:00,14.337
2016-11-09 05:10:00,14.194
2016-11-09 05:20:00,14.146
2016-11-09 05:30:00,14.194
2016-11-09 05:40:00,14.218
2016-11-09 05:50:00,14.17
2016-11-09 06:00:00,14.122
2016-11-09 06:10:00,14.122
2016-11-09 06:20:00,14.098
2016-11-09 06:30:00,14.074
2016-11-09 06:40:00,14.05
2016-11-09 06:50:00,14.05
2016-11-09 07:00:00,14.026
2016-11-09 07:10:00,14.026
2016-11-09 07:20:00,13.978
2016-11-09 07:30:00,14.002
2016-11-09 07:40:00,14.026
2016-11-09 07:50:00,14.17
2016-11-09 08:00:00,13.906
2016-11-09 08:10:00,13.954
2016-11-09 08:20:00,13.81
2016-11-09 08:30:00,14.05
2016-11-09 08:40:00,14.146
2016-11-09 08:50:00,14.17
2016-11-09 09:00:00,14.218
2016-11-09 09:10:00,14.218
2016-11-09 09:20:00,14.242
2016-11-09 09:30:00,14.242
2016-11-09 09:40:00,14.242
2016-11-09 09:50:00,14.266
2016-11-09 10:00:00,14.242
2016-11-09 10:10:00,14.242
2016-11-09 10:20:00,14.242
2016-11-09 10:30:00,14.218
2016-11-09 10:40:00,14.218
2016-11-09 10:50:00,14.218
2016-11-09 11:00:00,14.194
2016-11-09 11:10:00,14.194
2016-11-09 11:20:00,14.17
2016-11-09 11:30:00,14.194
2016-11-09 11:40:00,14.17
2016-11-09 11:50:00,14.17
2016-11-09 12:00:00,14.17
2016-11-09 12:10:00,14.17
2016-11-09 12:20:00,14.17
2016-11-09 12:30:00,14.194
2016-11-09 12:40:00,14.194
2016-11-09 12:50:00,14.17
2016-11-09 13:00:00,14.194
2016-11-09 13:10:00,14.194
2016-11-09 13:20:00,14.17
2016-11-09 13:30:00,14.194
2016-11-09 13:40:00,14.17
2016-11-09 13:50:00,14.17
2016-11-09 14:00:00,14.17
2016-11-09 14:10:00,14.17
2016-11-09 14:20:00,14.17
2016-11-09 14:30:00,14.17
2016-11-09 14:40:00,14.17
2016-11-09 14:50:00,14.194
2016-11-09 15:00:00,14.17
2016-11-09 15:10:00,14.194
2016-11-09 15:20:00,14.194
2016-11-09 15:30:00,14.194
2016-11-09 15:40:00,14.218
2016-11-09 15:50:00,14.194
2016-11-09 16:00:00,14.218
2016-11-09 16:10:00,14.218
2016-11-09 16:20:00,14.242
2016-11-09 16:30:00,14.266
2016-11-09 16:40:00,14.266
2016-11-09 16:50:00,14.314
2016-11-09 17:00:00,14.314
2016-11-09 17:10:00,14.361
2016-11-09 17:20:00,14.385
2016-11-09 17:30:00,14.457
2016-11-09 17:40:00,14.505
2016-11-09 17:50:00,14.529
2016-11-09 18:00:00,14.505
2016-11-09 18:10:00,14.505
2016-11-09 18:20:00,14.505
2016-11-09 18:30:00,14.457
2016-11-09 18:40:00,14.529
2016-11-09 18:50:00,14.577
2016-11-09 19:00:00,14.577
2016-11-09 19:10:00,14.601
2016-11-09 19:20:00,14.553
2016-11-09 19:30:00,14.577
2016-11-09 19:40:00,14.577
2016-11-09 19:50:00,14.577
2016-11-09 20:00:00,14.553
2016-11-09 20:10:00,14.625
2016-11-09 20:20:00,14.601
2016-11-09 20:30:00,14.529
2016-11-09 20:40:00,14.553
2016-11-09 20:50:00,14.529
2016-11-09 21:00:00,14.529
2016-11-09 21:10:00,14.529
2016-11-09 21:20:00,14.505
2016-11-09 21:30:00,14.505
2016-11-09 21:40:00,14.505
2016-11-09 21:50:00,14.481
2016-11-09 22:00:00,14.433
2016-11-09 22:10:00,14.457
2016-11-09 22:20:00,14.457
2016-11-09 22:30:00,14.433
2016-11-09 22:40:00,14.385
2016-11-09 22:50:00,14.361
2016-11-09 23:00:00,14.337
2016-11-09 23:10:00,14.361
2016-11-09 23:20:00,14.337
2016-11-09 23:30:00,14.314
2016-11-09 23:40:00,14.29
2016-11-09 23:50:00,14.29
2016-11-10 00:00:00,14.29
2016-11-10 00:10:00,14.29
2016-11-10 00:20:00,14.266
2016-11-10 00:30:00,14.266
2016-11-10 00:40:00,14.266
2016-11-10 00:50:00,14.266
2016-11-10 01:00:00,14.266
2016-11-10 01:10:00,14.29
2016-11-10 01:20:00,14.29
2016-11-10 01:30:00,14.29
2016-11-10 01:40:00,14.29
2016-11-10 01:50:00,14.29
2016-11-10 02:00:00,14.266
2016-11-10 02:10:00,14.266
2016-11-10 02:20:00,14.266
2016-11-10 02:30:00,14.266
2016-11-10 02:40:00,14.242
2016-11-10 02:50:00,14.242
2016-11-10 03:00:00,14.242
2016-11-10 03:10:00,14.242
2016-11-10 03:20:00,14.242
2016-11-10 03:30:00,14.266
2016-11-10 03:40:00,14.266
2016-11-10 03:50:00,14.266
2016-11-10 04:00:00,14.266
2016-11-10 04:10:00,14.266
2016-11-10 04:20:00,14.266
2016-11-10 04:30:00,14.29
2016-11-10 04:40:00,14.29
2016-11-10 04:50:00,14.29
2016-11-10 05:00:00,14.29
2016-11-10 05:10:00,14.29
2016-11-10 05:20:00,14.29
2016-11-10 05:30:00,14.266
2016-11-10 05:40:00,14.266
2016-11-10 05:50:00,14.29
2016-11-10 06:00:00,14.266
2016-11-10 06:10:00,14.266
2016-11-10 06:20:00,14.242
2016-11-10 06:30:00,14.242
2016-11-10 06:40:00,14.194
2016-11-10 06:50:00,14.194
2016-11-10 07:00:00,14.074
2016-11-10 07:10:00,14.17
2016-11-10 07:20:00,14.074
2016-11-10 07:30:00,14.17
2016-11-10 07:40:00,14.17
2016-11-10 07:50:00,14.146
2016-11-10 08:00:00,14.146
2016-11-10 08:10:00,14.074
2016-11-10 08:20:00,14.122
2016-11-10 08:30:00,13.882
2016-11-10 08:40:00,14.098
2016-11-10 08:50:00,14.194
2016-11-10 09:00:00,14.218
2016-11-10 09:10:00,14.242
2016-11-10 09:20:00,14.29
2016-11-10 09:30:00,14.266
2016-11-10 09:40:00,14.266
2016-11-10 09:50:00,14.29
2016-11-10 10:00:00,14.314
2016-11-10 10:10:00,14.314
2016-11-10 10:20:00,14.337
2016-11-10 10:30:00,14.337
2016-11-10 10:40:00,14.337
2016-11-10 10:50:00,14.337
2016-11-10 11:00:00,14.337
2016-11-10 11:10:00,14.337
2016-11-10 11:20:00,14.314
2016-11-10 11:30:00,14.314
2016-11-10 11:40:00,14.314
2016-11-10 11:50:00,14.314
2016-11-10 12:00:00,14.314
2016-11-10 12:10:00,14.314
2016-11-10 12:20:00,14.314
2016-11-10 12:30:00,14.29
2016-11-10 12:40:00,14.314
2016-11-10 12:50:00,14.29
2016-11-10 13:00:00,14.29
2016-11-10 13:10:00,14.29
2016-11-10 13:20:00,14.29
2016-11-10 13:30:00,14.29
2016-11-10 13:40:00,14.29
2016-11-10 13:50:00,14.29
2016-11-10 14:00:00,14.266
2016-11-10 14:10:00,14.266
2016-11-10 14:20:00,14.266
2016-11-10 14:30:00,14.266
2016-11-10 14:40:00,14.29
2016-11-10 14:50:00,14.29
2016-11-10 15:00:00,14.266
2016-11-10 15:10:00,14.29
2016-11-10 15:20:00,14.29
2016-11-10 15:30:00,14.29
2016-11-10 15:40:00,14.314
2016-11-10 15:50:00,14.337
2016-11-10 16:00:00,14.337
2016-11-10 16:10:00,14.385
2016-11-10 16:20:00,14.409
2016-11-10 16:30:00,14.433
2016-11-10 16:40:00,14.505
2016-11-10 16:50:00,14.577
2016-11-10 17:00:00,14.601
2016-11-10 17:10:00,14.697
2016-11-10 17:20:00,14.768
2016-11-10 17:30:00,14.864
2016-11-10 17:40:00,14.984
2016-11-10 17:50:00,15.031
2016-11-10 18:00:00,15.127
2016-11-10 18:10:00,15.27
2016-11-10 18:20:00,15.294
2016-11-10 18:30:00,15.223
2016-11-10 18:40:00,15.366
2016-11-10 18:50:00,15.366
2016-11-10 19:00:00,15.581
2016-11-10 19:10:00,15.652
2016-11-10 19:20:00,15.7
2016-11-10 19:30:00,15.915
2016-11-10 19:40:00,16.082
2016-11-10 19:50:00,16.249
2016-11-10 20:00:00,16.439
2016-11-10 20:10:00,16.177
2016-11-10 20:20:00,16.439
2016-11-10 20:30:00,16.511
2016-11-10 20:40:00,17.463
2016-11-10 20:50:00,17.51
2016-11-10 21:00:00,16.677
2016-11-10 21:10:00,16.939
2016-11-10 21:20:00,17.867
2016-11-10 21:30:00,17.724
2016-11-10 21:40:00,16.892
2016-11-10 21:50:00,16.296
2016-11-10 22:00:00,16.201
2016-11-10 22:10:00,16.082
2016-11-10 22:20:00,16.034
2016-11-10 22:30:00,15.772
2016-11-10 22:40:00,15.605
2016-11-10 22:50:00,15.509
2016-11-10 23:00:00,15.39
2016-11-10 23:10:00,15.366
2016-11-10 23:20:00,15.294
2016-11-10 23:30:00,15.223
2016-11-10 23:40:00,15.175
2016-11-10 23:50:00,15.127
2016-11-11 00:00:00,15.127
2016-11-11 00:10:00,15.127
2016-11-11 00:20:00,15.103
2016-11-11 00:30:00,15.103
2016-11-11 00:40:00,15.079
2016-11-11 00:50:00,15.031
2016-11-11 01:00:00,15.031
2016-11-11 01:10:00,15.008
2016-11-11 01:20:00,15.008
2016-11-11 01:30:00,14.984
2016-11-11 01:40:00,14.96
2016-11-11 01:50:00,14.936
2016-11-11 02:00:00,14.936
2016-11-11 02:10:00,14.912
2016-11-11 02:20:00,14.888
2016-11-11 02:30:00,14.888
2016-11-11 02:40:00,14.84
2016-11-11 02:50:00,14.816
2016-11-11 03:00:00,14.816
2016-11-11 03:10:00,14.816
2016-11-11 03:20:00,14.792
2016-11-11 03:30:00,14.816
2016-11-11 03:40:00,14.816
2016-11-11 03:50:00,14.816
2016-11-11 04:00:00,14.816
2016-11-11 04:10:00,14.816
2016-11-11 04:20:00,14.792
2016-11-11 04:30:00,14.768
2016-11-11 04:40:00,14.768
2016-11-11 04:50:00,14.745
2016-11-11 05:00:00,14.721
2016-11-11 05:10:00,14.721
2016-11-11 05:20:00,14.721
2016-11-11 05:30:00,14.697
2016-11-11 05:40:00,14.649
2016-11-11 05:50:00,14.649
2016-11-11 06:00:00,14.625
2016-11-11 06:10:00,14.553
2016-11-11 06:20:00,14.577
2016-11-11 06:30:00,14.481
2016-11-11 06:40:00,14.218
2016-11-11 06:50:00,14.05
2016-11-11 07:00:00,13.954
2016-11-11 07:10:00,13.834
2016-11-11 07:20:00,13.738
2016-11-11 07:30:00,13.642
2016-11-11 07:40:00,13.546
2016-11-11 07:50:00,13.449
2016-11-11 08:00:00,13.305
2016-11-11 08:10:00,13.353
2016-11-11 08:20:00,13.401
2016-11-11 08:30:00,13.305
2016-11-11 08:40:00,12.92
2016-11-11 08:50:00,12.703
2016-11-11 09:00:00,12.534
2016-11-11 09:10:00,12.147
2016-11-11 09:20:00,11.856
2016-11-11 09:30:00,12.025
2016-11-11 09:40:00,12.025
2016-11-11 09:50:00,11.832
2016-11-11 10:00:00,12.025
2016-11-11 10:10:00,11.904
2016-11-11 10:20:00,11.783
2016-11-11 10:30:00,11.807
2016-11-11 10:40:00,13.401
2016-11-11 10:50:00,13.305
2016-11-11 11:00:00,13.882
2016-11-11 11:10:00,14.05
2016-11-11 11:20:00,14.17
2016-11-11 11:30:00,14.266
2016-11-11 11:40:00,14.266
2016-11-11 11:50:00,14.314
2016-11-11 12:00:00,14.314
2016-11-11 12:10:00,14.337
2016-11-11 12:20:00,14.337
2016-11-11 12:30:00,14.337
2016-11-11 12:40:00,14.337
2016-11-11 12:50:00,14.337
2016-11-11 13:00:00,14.337
2016-11-11 13:10:00,14.337
2016-11-11 13:20:00,14.337
2016-11-11 13:30:00,14.337
2016-11-11 13:40:00,14.314
2016-11-11 13:50:00,14.314
2016-11-11 14:00:00,14.314
2016-11-11 14:10:00,14.314
2016-11-11 14:20:00,14.314
2016-11-11 14:30:00,14.314
2016-11-11 14:40:00,14.314
2016-11-11 14:50:00,14.314
2016-11-11 15:00:00,14.314
2016-11-11 15:10:00,14.314
2016-11-11 15:20:00,14.337
2016-11-11 15:30:00,14.337
2016-11-11 15:40:00,14.337
2016-11-11 15:50:00,14.361
2016-11-11 16:00:00,14.361
2016-11-11 16:10:00,14.409
2016-11-11 16:20:00,14.409
2016-11-11 16:30:00,14.457
2016-11-11 16:40:00,14.481
2016-11-11 16:50:00,14.433
2016-11-11 17:00:00,14.505
2016-11-11 17:10:00,14.601
2016-11-11 17:20:00,14.649
2016-11-11 17:30:00,14.745
2016-11-11 17:40:00,14.673
2016-11-11 17:50:00,14.816
2016-11-11 18:00:00,14.96
2016-11-11 18:10:00,14.888
2016-11-11 18:20:00,14.84
2016-11-11 18:30:00,15.008
2016-11-11 18:40:00,15.223
2016-11-11 18:50:00,15.294
2016-11-11 19:00:00,15.294
2016-11-11 19:10:00,15.796
2016-11-11 19:20:00,16.915
2016-11-11 19:30:00,18.01
2016-11-11 19:40:00,18.39
2016-11-11 19:50:00,19.365
2016-11-11 20:00:00,20.913
2016-11-11 20:10:00,21.7
2016-11-11 20:20:00,22.202
2016-11-11 20:30:00,22.441
2016-11-11 20:40:00,21.795
2016-11-11 20:50:00,21.724
2016-11-11 21:00:00,22.154
2016-11-11 21:10:00,22.609
2016-11-11 21:20:00,22.321
2016-11-11 21:30:00,21.7
2016-11-11 21:40:00,21.509
2016-11-11 21:50:00,21.509
2016-11-11 22:00:00,21.652
2016-11-11 22:10:00,21.199
2016-11-11 22:20:00,20.889
2016-11-11 22:30:00,20.913
2016-11-11 22:40:00,21.151
2016-11-11 22:50:00,20.603
2016-11-11 23:00:00,20.174
2016-11-11 23:10:00,19.246
2016-11-11 23:20:00,18.366
2016-11-11 23:30:00,17.986
2016-11-11 23:40:00,16.796
2016-11-11 23:50:00,16.296
2016-11-12 00:00:00,15.7
2016-11-12 00:10:00,15.223
2016-11-12 00:20:00,15.008
2016-11-12 00:30:00,14.864
2016-11-12 00:40:00,14.792
2016-11-12 00:50:00,14.745
2016-11-12 01:00:00,14.721
2016-11-12 01:10:00,14.697
2016-11-12 01:20:00,14.673
2016-11-12 01:30:00,14.673
2016-11-12 01:40:00,14.673
2016-11-12 01:50:00,14.649
2016-11-12 02:00:00,14.673
2016-11-12 02:10:00,14.649
2016-11-12 02:20:00,14.649
2016-11-12 02:30:00,14.649
2016-11-12 02:40:00,14.649
2016-11-12 02:50:00,14.649
2016-11-12 03:00:00,14.649
2016-11-12 03:10:00,14.649
2016-11-12 03:20:00,14.649
2016-11-12 03:30:00,14.649
2016-11-12 03:40:00,14.649
2016-11-12 03:50:00,14.649
2016-11-12 04:00:00,14.649
2016-11-12 04:10:00,14.649
2016-11-12 04:20:00,14.649
2016-11-12 04:30:00,14.649
2016-11-12 04:40:00,14.649
2016-11-12 04:50:00,14.649
2016-11-12 05:00:00,14.649
2016-11-12 05:10:00,14.649
2016-11-12 05:20:00,14.649
2016-11-12 05:30:00,14.649
2016-11-12 05:40:00,14.649
2016-11-12 05:50:00,14.673
2016-11-12 06:00:00,14.673
2016-11-12 06:10:00,14.673
2016-11-12 06:20:00,14.673
2016-11-12 06:30:00,14.673
2016-11-12 06:40:00,14.649
2016-11-12 06:50:00,14.649
2016-11-12 07:00:00,14.601
2016-11-12 07:10:00,14.481
2016-11-12 07:20:00,14.529
2016-11-12 07:30:00,14.505
2016-11-12 07:40:00,14.218
2016-11-12 07:50:00,14.29
2016-11-12 08:00:00,14.409
2016-11-12 08:10:00,14.074
2016-11-12 08:20:00,13.882
2016-11-12 08:30:00,13.714
2016-11-12 08:40:00,13.642
2016-11-12 08:50:00,13.57
2016-11-12 09:00:00,13.449
2016-11-12 09:10:00,13.353
2016-11-12 09:20:00,13.305
2016-11-12 09:30:00,13.185
2016-11-12 09:40:00,13.618
2016-11-12 09:50:00,13.69
2016-11-12 10:00:00,13.642
2016-11-12 10:10:00,13.786
2016-11-12 10:20:00,13.666
2016-11-12 10:30:00,13.666
2016-11-12 10:40:00,14.074
2016-11-12 10:50:00,14.122
2016-11-12 11:00:00,14.29
2016-11-12 11:10:00,14.337
2016-11-12 11:20:00,14.457
2016-11-12 11:30:00,14.553
2016-11-12 11:40:00,14.577
2016-11-12 11:50:00,14.601
2016-11-12 12:00:00,14.625
2016-11-12 12:10:00,14.625
2016-11-12 12:20:00,14.625
2016-11-12 12:30:00,14.649
2016-11-12 12:40:00,14.649
2016-11-12 12:50:00,14.649
2016-11-12 13:00:00,14.649
2016-11-12 13:10:00,14.649
2016-11-12 13:20:00,14.649
2016-11-12 13:30:00,14.649
2016-11-12 13:40:00,14.649
2016-11-12 13:50:00,14.649
2016-11-12 14:00:00,14.649
2016-11-12 14:10:00,14.649
2016-11-12 14:20:00,14.673
2016-11-12 14:30:00,14.673
2016-11-12 14:40:00,14.673
2016-11-12 14:50:00,14.673
2016-11-12 15:00:00,14.697
2016-11-12 15:10:00,14.697
2016-11-12 15:20:00,14.697
2016-11-12 15:30:00,14.697
2016-11-12 15:40:00,14.697
2016-11-12 15:50:00,14.697
2016-11-12 16:00:00,14.697
2016-11-12 16:10:00,14.745
2016-11-12 16:20:00,14.721
2016-11-12 16:30:00,14.745
2016-11-12 16:40:00,14.792
2016-11-12 16:50:00,14.792
2016-11-12 17:00:00,14.816
2016-11-12 17:10:00,14.84
2016-11-12 17:20:00,14.888
2016-11-12 17:30:00,14.912
2016-11-12 17:40:00,14.984
2016-11-12 17:50:00,15.008
2016-11-12 18:00:00,14.984
2016-11-12 18:10:00,14.912
2016-11-12 18:20:00,15.008
2016-11-12 18:30:00,15.055
2016-11-12 18:40:00,15.079
2016-11-12 18:50:00,15.175
2016-11-12 19:00:00,15.175
2016-11-12 19:10:00,15.342
2016-11-12 19:20:00,15.294
2016-11-12 19:30:00,15.557
2016-11-12 19:40:00,15.533
2016-11-12 19:50:00,15.605
2016-11-12 20:00:00,15.605
2016-11-12 20:10:00,15.796
2016-11-12 20:20:00,16.32
2016-11-12 20:30:00,17.558
2016-11-12 20:40:00,17.938
2016-11-12 20:50:00,19.46
2016-11-12 21:00:00,19.936
2016-11-12 21:10:00,20.293
2016-11-12 21:20:00,20.341
2016-11-12 21:30:00,20.531
2016-11-12 21:40:00,20.746
2016-11-12 21:50:00,20.079
2016-11-12 22:00:00,19.817
2016-11-12 22:10:00,20.365
2016-11-12 22:20:00,20.436
2016-11-12 22:30:00,19.817
2016-11-12 22:40:00,19.627
2016-11-12 22:50:00,19.936
2016-11-12 23:00:00,19.817
2016-11-12 23:10:00,19.103
2016-11-12 23:20:00,18.509
2016-11-12 23:30:00,18.39
2016-11-12 23:40:00,17.225
2016-11-12 23:50:00,16.749
2016-11-13 00:00:00,16.463
2016-11-13 00:10:00,16.32
2016-11-13 00:20:00,15.986
2016-11-13 00:30:00,15.652
2016-11-13 00:40:00,15.461
2016-11-13 00:50:00,15.342
2016-11-13 01:00:00,15.294
2016-11-13 01:10:00,15.223
2016-11-13 01:20:00,15.199
2016-11-13 01:30:00,15.175
2016-11-13 01:40:00,15.175
2016-11-13 01:50:00,15.151
2016-11-13 02:00:00,15.151
2016-11-13 02:10:00,15.127
2016-11-13 02:20:00,15.127
2016-11-13 02:30:00,15.103
2016-11-13 02:40:00,15.103
2016-11-13 02:50:00,15.079
2016-11-13 03:00:00,15.079
2016-11-13 03:10:00,15.079
2016-11-13 03:20:00,15.055
2016-11-13 03:30:00,15.055
2016-11-13 03:40:00,15.055
2016-11-13 03:50:00,15.031
2016-11-13 04:00:00,15.031
2016-11-13 04:10:00,15.031
2016-11-13 04:20:00,15.031
2016-11-13 04:30:00,15.031
2016-11-13 04:40:00,15.008
2016-11-13 04:50:00,15.008
2016-11-13 05:00:00,15.031
2016-11-13 05:10:00,15.031
2016-11-13 05:20:00,15.031
2016-11-13 05:30:00,15.031
2016-11-13 05:40:00,15.031
2016-11-13 05:50:00,15.031
2016-11-13 06:00:00,15.031
2016-11-13 06:10:00,15.031
2016-11-13 06:20:00,15.031
2016-11-13 06:30:00,15.031
2016-11-13 06:40:00,15.008
2016-11-13 06:50:00,15.008
2016-11-13 07:00:00,15.008
2016-11-13 07:10:00,14.984
2016-11-13 07:20:00,14.96
2016-11-13 07:30:00,14.96
2016-11-13 07:40:00,14.936
2016-11-13 07:50:00,14.936
2016-11-13 08:00:00,14.888
2016-11-13 08:10:00,14.768
2016-11-13 08:20:00,14.864
2016-11-13 08:30:00,14.745
2016-11-13 08:40:00,14.17
2016-11-13 08:50:00,14.218
2016-11-13 09:00:00,13.834
2016-11-13 09:10:00,13.642
2016-11-13 09:20:00,13.497
2016-11-13 09:30:00,13.425
2016-11-13 09:40:00,13.257
2016-11-13 09:50:00,13.882
2016-11-13 10:00:00,13.594
2016-11-13 10:10:00,13.329
2016-11-13 10:20:00,12.92
2016-11-13 10:30:00,12.558
2016-11-13 10:40:00,12.799
2016-11-13 10:50:00,13.425
2016-11-13 11:00:00,14.17
2016-11-13 11:10:00,14.266
2016-11-13 11:20:00,14.481
2016-11-13 11:30:00,14.553
2016-11-13 11:40:00,14.673
2016-11-13 11:50:00,14.649
2016-11-13 12:00:00,14.721
2016-11-13 12:10:00,14.745
2016-11-13 12:20:00,14.768
2016-11-13 12:30:00,14.768
2016-11-13 12:40:00,14.792
2016-11-13 12:50:00,14.792
2016-11-13 13:00:00,14.816
2016-11-13 13:10:00,14.816
2016-11-13 13:20:00,14.816
2016-11-13 13:30:00,14.816
2016-11-13 13:40:00,14.816
2016-11-13 13:50:00,14.816
2016-11-13 14:00:00,14.816
2016-11-13 14:10:00,14.816
2016-11-13 14:20:00,14.816
2016-11-13 14:30:00,14.816
2016-11-13 14:40:00,14.816
2016-11-13 14:50:00,14.816
2016-11-13 15:00:00,14.816
2016-11-13 15:10:00,14.816
2016-11-13 15:20:00,14.816
2016-11-13 15:30:00,14.84
2016-11-13 15:40:00,14.84
2016-11-13 15:50:00,14.864
2016-11-13 16:00:00,14.864
2016-11-13 16:10:00,14.888
2016-11-13 16:20:00,14.912
2016-11-13 16:30:00,14.888
2016-11-13 16:40:00,14.912
2016-11-13 16:50:00,14.936
2016-11-13 17:00:00,14.984
2016-11-13 17:10:00,14.984
2016-11-13 17:20:00,15.008
2016-11-13 17:30:00,15.031
2016-11-13 17:40:00,15.079
2016-11-13 17:50:00,15.103
2016-11-13 18:00:00,15.127
2016-11-13 18:10:00,15.175
2016-11-13 18:20:00,15.223
2016-11-13 18:30:00,15.247
2016-11-13 18:40:00,15.318
2016-11-13 18:50:00,15.318
2016-11-13 19:00:00,15.366
2016-11-13 19:10:00,15.438
2016-11-13 19:20:00,15.509
2016-11-13 19:30:00,15.509
2016-11-13 19:40:00,15.652
2016-11-13 19:50:00,15.724
2016-11-13 20:00:00,16.177
2016-11-13 20:10:00,16.344
2016-11-13 20:20:00,17.415
2016-11-13 20:30:00,17.986
2016-11-13 20:40:00,19.175
2016-11-13 20:50:00,19.698
2016-11-13 21:00:00,20.174
2016-11-13 21:10:00,20.722
2016-11-13 21:20:00,21.27
2016-11-13 21:30:00,21.676
2016-11-13 21:40:00,21.891
2016-11-13 21:50:00,21.795
2016-11-13 22:00:00,21.748
2016-11-13 22:10:00,21.772
2016-11-13 22:20:00,21.39
2016-11-13 22:30:00,20.627
2016-11-13 22:40:00,20.269
2016-11-13 22:50:00,19.912
2016-11-13 23:00:00,19.508
2016-11-13 23:10:00,19.103
2016-11-13 23:20:00,18.699
2016-11-13 23:30:00,18.366
2016-11-13 23:40:00,18.01
2016-11-13 23:50:00,17.677
2016-11-14 00:00:00,17.368
2016-11-14 00:10:00,17.082
2016-11-14 00:20:00,16.844
2016-11-14 00:30:00,16.558
2016-11-14 00:40:00,16.225
2016-11-14 00:50:00,15.939
2016-11-14 01:00:00,15.748
2016-11-14 01:10:00,15.605
2016-11-14 01:20:00,15.605
2016-11-14 01:30:00,15.557
2016-11-14 01:40:00,15.414
2016-11-14 01:50:00,15.461
2016-11-14 02:00:00,15.485
2016-11-14 02:10:00,15.605
2016-11-14 02:20:00,15.509
2016-11-14 02:30:00,15.461
2016-11-14 02:40:00,15.438
2016-11-14 02:50:00,15.414
2016-11-14 03:00:00,15.414
2016-11-14 03:10:00,15.39
2016-11-14 03:20:00,15.39
2016-11-14 03:30:00,15.366
2016-11-14 03:40:00,15.366
2016-11-14 03:50:00,15.366
2016-11-14 04:00:00,15.342
2016-11-14 04:10:00,15.342
2016-11-14 04:20:00,15.318
2016-11-14 04:30:00,15.318
2016-11-14 04:40:00,15.294
2016-11-14 04:50:00,15.294
2016-11-14 05:00:00,15.294
2016-11-14 05:10:00,15.294
2016-11-14 05:20:00,15.294
2016-11-14 05:30:00,15.294
2016-11-14 05:40:00,15.294
2016-11-14 05:50:00,15.294
2016-11-14 06:00:00,15.294
2016-11-14 06:10:00,15.294
2016-11-14 06:20:00,15.318
2016-11-14 06:30:00,15.318
2016-11-14 06:40:00,15.318
2016-11-14 06:50:00,15.318
2016-11-14 07:00:00,15.342
2016-11-14 07:10:00,15.318
2016-11-14 07:20:00,15.318
2016-11-14 07:30:00,15.294
2016-11-14 07:40:00,15.27
2016-11-14 07:50:00,15.27
2016-11-14 08:00:00,15.247
2016-11-14 08:10:00,15.223
2016-11-14 08:20:00,15.223
2016-11-14 08:30:00,15.223
2016-11-14 08:40:00,15.199
2016-11-14 08:50:00,15.127
2016-11-14 09:00:00,14.96
2016-11-14 09:10:00,14.768
2016-11-14 09:20:00,14.649
2016-11-14 09:30:00,14.553
2016-11-14 09:40:00,14.601
2016-11-14 09:50:00,14.601
2016-11-14 10:00:00,14.601
2016-11-14 10:10:00,14.553
2016-11-14 10:20:00,14.529
2016-11-14 10:30:00,14.481
2016-11-14 10:40:00,14.433
2016-11-14 10:50:00,14.433
2016-11-14 11:00:00,14.385
2016-11-14 11:10:00,14.337
2016-11-14 11:20:00,14.266
2016-11-14 11:30:00,14.218
2016-11-14 11:40:00,14.409
2016-11-14 11:50:00,14.361
2016-11-14 12:00:00,14.601
2016-11-14 12:10:00,14.361
2016-11-14 12:20:00,14.649
2016-11-14 12:30:00,14.673
2016-11-14 12:40:00,14.936
2016-11-14 12:50:00,15.055
2016-11-14 13:00:00,15.127
2016-11-14 13:10:00,15.127
2016-11-14 13:20:00,15.151
2016-11-14 13:30:00,15.175
2016-11-14 13:40:00,15.175
2016-11-14 13:50:00,15.175
2016-11-14 14:00:00,15.175
2016-11-14 14:10:00,15.175
2016-11-14 14:20:00,15.175
2016-11-14 14:30:00,15.175
2016-11-14 14:40:00,15.175
2016-11-14 14:50:00,15.175
2016-11-14 15:00:00,15.175
2016-11-14 15:10:00,15.175
2016-11-14 15:20:00,15.199
2016-11-14 15:30:00,15.199
2016-11-14 15:40:00,15.199
2016-11-14 15:50:00,15.223
2016-11-14 16:00:00,15.223
2016-11-14 16:10:00,15.223
2016-11-14 16:20:00,15.223
2016-11-14 16:30:00,15.223
2016-11-14 16:40:00,15.199
2016-11-14 16:50:00,15.199
2016-11-14 17:00:00,15.199
2016-11-14 17:10:00,15.223
2016-11-14 17:20:00,15.223
2016-11-14 17:30:00,15.247
2016-11-14 17:40:00,15.27
2016-11-14 17:50:00,15.27
2016-11-14 18:00:00,15.318
2016-11-14 18:10:00,15.342
2016-11-14 18:20:00,15.39
2016-11-14 18:30:00,15.485
2016-11-14 18:40:00,15.485
2016-11-14 18:50:00,15.533
2016-11-14 19:00:00,15.509
2016-11-14 19:10:00,15.509
2016-11-14 19:20:00,15.581
2016-11-14 19:30:00,15.629
2016-11-14 19:40:00,15.652
2016-11-14 19:50:00,15.7
2016-11-14 20:00:00,15.724
2016-11-14 20:10:00,15.724
2016-11-14 20:20:00,15.986
2016-11-14 20:30:00,16.225
2016-11-14 20:40:00,16.892
2016-11-14 20:50:00,17.653
2016-11-14 21:00:00,18.675
2016-11-14 21:10:00,19.175
2016-11-14 21:20:00,19.103
2016-11-14 21:30:00,19.674
2016-11-14 21:40:00,19.96
2016-11-14 21:50:00,19.436
2016-11-14 22:00:00,18.842
2016-11-14 22:10:00,18.509
2016-11-14 22:20:00,18.485
2016-11-14 22:30:00,18.2
2016-11-14 22:40:00,17.843
2016-11-14 22:50:00,17.534
2016-11-14 23:00:00,17.296
2016-11-14 23:10:00,17.082
2016-11-14 23:20:00,16.868
2016-11-14 23:30:00,16.63
2016-11-14 23:40:00,16.463
2016-11-14 23:50:00,16.249
2016-11-15 00:00:00,16.034
2016-11-15 00:10:00,15.867
2016-11-15 00:20:00,15.7
2016-11-15 00:30:00,15.509
2016-11-15 00:40:00,15.39
2016-11-15 00:50:00,15.294
2016-11-15 01:00:00,15.199
2016-11-15 01:10:00,15.079
2016-11-15 01:20:00,15.055
2016-11-15 01:30:00,15.008
2016-11-15 01:40:00,14.984
2016-11-15 01:50:00,14.96
2016-11-15 02:00:00,14.936
2016-11-15 02:10:00,14.888
2016-11-15 02:20:00,14.864
2016-11-15 02:30:00,14.864
2016-11-15 02:40:00,14.816
2016-11-15 02:50:00,14.792
2016-11-15 03:00:00,14.768
2016-11-15 03:10:00,14.816
2016-11-15 03:20:00,14.84
2016-11-15 03:30:00,15.031
2016-11-15 03:40:00,15.27
2016-11-15 03:50:00,15.342
2016-11-15 04:00:00,15.342
2016-11-15 04:10:00,15.342
2016-11-15 04:20:00,15.342
2016-11-15 04:30:00,15.342
2016-11-15 04:40:00,15.342
2016-11-15 04:50:00,15.342
2016-11-15 05:00:00,15.342
2016-11-15 05:10:00,15.342
2016-11-15 05:20:00,15.342
2016-11-15 05:30:00,15.342
2016-11-15 05:40:00,15.342
2016-11-15 05:50:00,15.318
2016-11-15 06:00:00,15.318
2016-11-15 06:10:00,15.318
2016-11-15 06:20:00,15.318
2016-11-15 06:30:00,15.318
2016-11-15 06:40:00,15.318
2016-11-15 06:50:00,15.318
2016-11-15 07:00:00,15.294
2016-11-15 07:10:00,15.294
2016-11-15 07:20:00,15.294
2016-11-15 07:30:00,15.294
2016-11-15 07:40:00,15.294
2016-11-15 07:50:00,15.294
2016-11-15 08:00:00,15.294
2016-11-15 08:10:00,15.294
2016-11-15 08:20:00,15.27
2016-11-15 08:30:00,15.27
2016-11-15 08:40:00,15.27
2016-11-15 08:50:00,15.27
2016-11-15 09:00:00,15.247
2016-11-15 09:10:00,15.223
2016-11-15 09:20:00,15.175
2016-11-15 09:30:00,15.127
2016-11-15 09:40:00,14.936
2016-11-15 09:50:00,14.697
2016-11-15 10:00:00,14.601
2016-11-15 10:10:00,14.433
2016-11-15 10:20:00,14.385
2016-11-15 10:30:00,14.385
2016-11-15 10:40:00,14.337
2016-11-15 10:50:00,14.194
2016-11-15 11:00:00,14.098
2016-11-15 11:10:00,13.978
2016-11-15 11:20:00,13.882
2016-11-15 11:30:00,13.786
2016-11-15 11:40:00,13.738
2016-11-15 11:50:00,13.642
2016-11-15 12:00:00,13.762
2016-11-15 12:10:00,13.69
2016-11-15 12:20:00,13.69
2016-11-15 12:30:00,13.69
2016-11-15 12:40:00,13.786
2016-11-15 12:50:00,14.05
2016-11-15 13:00:00,14.457
2016-11-15 13:10:00,14.721
2016-11-15 13:20:00,14.84
2016-11-15 13:30:00,14.912
2016-11-15 13:40:00,14.936
2016-11-15 13:50:00,14.96
2016-11-15 14:00:00,14.936
2016-11-15 14:10:00,14.936
2016-11-15 14:20:00,14.96
2016-11-15 14:30:00,14.96
2016-11-15 14:40:00,14.936
2016-11-15 14:50:00,14.936
2016-11-15 14:51:00,NA